book_id,book_name,cluster_label,pca_x,pca_y
bea07359e25cadde,00后已退休，开局拒绝清冷校花,4,-22.398064529739848,0.21956565683524798
086f0c6806b3e0c2,13路末班车,0,-11.917925231917156,0.03042809370859839
5f65a0116ec8dace,1910大帝国：开局就造反,1,37.27444119458211,-0.03533218780359662
5e83ce66df8af47c,1937，穿越东京做天皇,3,3.7531077773439065,0.014465419652549688
717095cd89b4a05b,1987：今夜不眠,7,12.306484303877149,0.2677595642191725
00d3da5d6f6a14cd,2052，沉眠三十载,3,-0.8489167514830029,0.02790816776448149
4d131d167a054112,3秒破案，你说我芙宁娜是傻子？,4,-13.749938528008315,0.12124071444132875
eee33d6da6ef8f2d,50个超真实罪案故事,7,19.25130486080461,0.06756816291841902
afbd6514deba1909,60分钟高效阅读：超实用的快速读书法,7,20.35725365630183,-0.2612230844207213
c29df8c3d32d9231,6岁的我制造机甲被曝光了,0,-7.1614534419114335,0.03986712492902425
50488b3c4f22256c,999种神级身份，花式吊打主角,0,-12.016711999854905,-0.09103346796094544
e8e893dba537f612,ag替补摆烂的我，首发后无敌了,0,-3.5760482848323036,-0.127831482945832
a40475fce8a53c9f,AKM：和队长恋爱后，我一打三,4,-12.845871348936416,0.023367955085414033
7b05eb3999481afc,Alpha死对头影帝他总想上位,7,23.522109669111373,-0.03906398257869595
4fd3cc38ce876501,CF降临：全球哭穷，我神器爆仓,2,126.34932902055799,0.2302834126330313
6e669b82c0ed39c8,FBI教你测谎术、阅人术、情报术大全集,3,7.878208428547481,-0.2547331973333038
ea6293f81d04cb7e,FORTEST,5,202.17191302836608,0.1718655523540387
e12534a7b5abfb33,Furry：拜托！请你不要放手,3,-1.3765782869859464,0.021986038093523896
2a09afb18311ff1c,GB：清冷师尊手撕修罗场,7,21.28984440116801,-0.1132557822054481
81584d2a0d378573,GB：白莲花娘子一心想种田！,7,18.730809176965863,0.10400094449778172
535b28ddf4bded25,GB：穿成人质，我拐走阴郁反派,1,28.113188265020213,-0.15635537928266122
8524ac0eed608357,HP之听姐姐的话,1,36.33459550658979,0.008593494650959765
bf07ec492831d9a3,HP之命运偏差,7,13.860880626466212,-0.08815125459994003
38cd70537a510e36,HP之怪力萝莉的团宠生活,3,8.846022178899126,-0.1504321092306605
3b6f4e1e65d4023d,HP命运转盘,7,17.44888401567942,-0.13517764886655245
99d8f2808a00bc38,HP和德拉科在霍格沃茨谈恋爱,3,4.5716371655598635,-0.04870166129747602
c600382ca638d95e,HP教授的狐狸女儿,0,-7.992333237691305,0.07016938747196422
dceff34ebd55a103,hp梅雨,3,5.3870579293897904,-0.06553244523336435
7f95cc09d54454b9,HP：东方留学生她只想种田,0,-6.88921361957928,0.03102640977818244
41ddf22ab4d90020,HP：那个马尔福家的大小姐,7,12.538163639943434,-0.029671436694070713
78d13cc5fbf13e19,HP：马尔福家二小姐,7,20.29173970598702,-0.07936448796172482
dd34cf4d90765ff1,JOJO们的不妙冒险,3,2.3150575478683137,0.14277364431078096
b3fb671f509e3882,JOJO：转变·复制,3,2.207193020257762,-0.14789550264228205
ed6954fd0e3e5459,overlord圣黑龙王,3,-1.6485834682213962,-0.04697823272426313
c8e3d6e33fe94834,SSS级御兽天赋，兽娘都抢疯了,3,4.645752949025166,-0.19754900628991665
d5f12cca5aeec029,S级alpha的专属猫薄荷,0,-12.300583860405538,0.027760353194533766
92278ee0b8bad2f4,《假千金是满级绿茶]》,1,26.58413711995408,-0.1658816502849262
660ab93d2c8ec21a,宝鉴,7,13.562813541625665,0.01771804288977369
040129f7f872c629,武动乾坤,1,27.27068970650629,-0.0732237807551159
ffb8dfb3b0ed37ec,百炼成仙,6,60.50150355876556,-0.03316174485005688
5709a4b87e2e0311,神藏,7,20.50985511957908,0.031756885571451815
daaa91841d49085f,穷人修仙传,7,11.766084854315679,-0.10786907875625193
42640e4b479eec21,《穿成渣A美神老婆总想钓我》,4,-13.625813381734957,0.06901610178508386
ca702ddf1cdf6cab,《肆意沦陷 》,3,-0.7849178414135523,-0.1009374712361096
d8cd7f3e07a46dfc,魔道祖师,4,-18.556070124305208,0.03016086501290907
609ad99e1dfc62f2,用魔法打球不过分吧？_7271532407377890365,3,7.594069456756472,-0.10300869395313642
72f24d08f3356a3e,我和琴酒那些事儿_7243710147430714371,0,-12.441249667620163,0.06897731477205199
6ce9a9245b829096,故人缓缓归_7321740439189474366,0,-10.422077627733557,0.004144622946709142
478873d589b42d10,主神他不对劲_7096081305619663885,6,60.94883505393801,-0.06452591157621182
cfbfe7680d165e5f,心机美人下蛊日常_7227479829275216899,0,-5.2150236300614665,-0.08065854505685519
d4fbabf983719f8a,我只想安静地当个魔法师_7131202157096733731,7,13.75815769209639,-0.04797699705879552
c683601ba84fdc34,都是阴间滤镜惹的祸_7269369771622140964,4,-13.679407363301287,-0.1950425341085357
ae8c72cde9fb4714,团宠？我只想当个普通人_7333450319726119998,0,-12.201203953344404,-0.026779464610033277
7b7c611e09fd6750,奈落的伴侣_7205222645887929377,7,18.009509500039577,-0.05168258596378131
40c9c5b84efe9450,漫漫长路_7063854455711599624,1,36.107816664471784,0.0579689240569784
4601c6684806c252,心机炮灰上位手册_7152298015212964903,7,23.080355176473347,-0.11204942081330385
ce8a832ea3c1fc5b,系统带我遨游世界_7116112119547825186,3,5.199311058815923,-0.06137044987345372
b92817174c94da00,预知可以拯救世界吗？_7143968127712234526,7,19.01612889186101,-0.08299556641302139
9f4fa9461c727a79,身为凤凰的美强惨幼驯染_7196631160787569722,7,10.264480725541894,-0.13820503441737406
2447081602c3c43d,一不小心和电竞大神网恋了,4,-14.510126270449888,-0.059841545499510235
e731e04f66634698,一不小心成了终极大反派！,1,32.28162911691777,0.03951357684472209
1745826c2b0edf49,一个精神病人的自述,4,-23.22793712214709,0.008869730589381009
3f4377e3db998876,一人一狗一丧尸,3,8.324288681970891,-0.0036791178797268564
78b4d850319e4f2b,一人之下：开局怒收夏禾一血,4,-21.167113848043176,0.06558223910258718
8ee7831ce396baf4,一人之下：开局获得北冥神功,0,-10.477536130066348,0.016117084808119464
7b6daa17d17aba2d,一人之下：我加钱居士，朝九晚五,3,4.972331732436089,0.01916478725462853
9ef26f6bac2e5b8f,一人之下：我血族始祖初拥宝儿姐,3,2.8306385864440315,-0.03908964776703097
9958520071d2b1fa,一人：我两面宿傩，夏禾亲弟弟,3,4.961906812854302,-0.04583888901491526
fad69f4c7773ec3e,一人：简化金光咒，晒太阳就变强,0,-10.293781228899434,0.03505702045390166
31e5425a8f2dbcbf,一出生，我被偏执欧少偷回家,0,-10.777635068853357,-0.056455749135212424
4e745b7aefd013f9,一刀999，是兄弟就来砍我！,7,19.109835051406478,0.03377917799847624
c7274021b79cd781,一剑一酒一乾坤,3,8.436012680498067,-0.024613442696027776
315e5b0ee0d6d34c,一品布衣,4,-18.844370854536756,0.13590270898703022
ecfdb10b26650185,一寸河山一寸血,3,-0.7130764407624355,-0.3055684484336082
6b7999a2ead2071e,一座青云寨，抢万国公主证道武神,7,19.8670659990604,0.08479506788830252
5d4faffd43f497d4,一心一煜初恋计划,0,-8.240575786585545,0.025462197516772034
eeebec643cb9ef8c,一念关山：同声相盈,3,-1.561198955517284,0.1413320109193702
6d27b5669db939b4,一梦百年，我成为了道家天师,4,-22.280516123135982,0.24331386598184185
3061dceaf6a795e3,一睁眼，成了七个儿子的极品老娘,7,15.03383228368731,-0.010537560625328929
5612bbe982e2e7ca,一穷二白谋机甲,4,-23.61436107275769,0.1360541010082244
ea9f42e860fb2e92,一笙有喜,0,-6.092913078096835,0.0361172512555156
0c8355aee79095ab,一花一酒一仙人，亦眠亦醉亦长生,0,-3.1507770005433287,-0.06131214998053433
ecbb29e71ede7896,一觉睡醒，我怎么变成美少女了,4,-15.626731806003814,0.32772847354393003
4bcf5afa69a17ce9,一觉醒来后居然变成了银毛萝莉？,4,-22.085258627986633,0.12442530770226057
d8ee2fc38cabd227,一觉醒来我成了摄政王的猫,1,25.96595195720265,-0.06669812120962518
174f0db753f3efcf,一觉醒来，世界只剩下我一个男人_7163247846827756578,3,3.394443881330183,0.07837623745881384
bb1f7e824c6733ba,一觉醒来，世界只剩下我一个男人,3,3.394443881330183,0.07837623745881384
e5100c04ffed5c73,一觉醒来，竟然变成了女孩子,0,-11.964707462380893,0.12407181311576379
f3e09562d9d61e00,一觉醒来：我背上了40起命案,3,1.375963841603749,0.09465825118978125
f64b650d79d4d9a1,一首素颜，我成了一代人的青春！,4,-18.88356963017196,-0.005391860043897023
9692241a7f2cca1a,一魂双体：宅男与校花,7,9.4532101458542,-0.0721214694166524
d432bda3252f0ced,七岁的我，被选中参加规则怪谈,3,8.115274675589575,-0.15969900040689236
a932cf921c134ce0,七岁的我，请假回村主持红白事,4,-18.755079381760424,-0.060949234578992956
572ac5dc10a2011f,七零军婚：随军后她风靡家属院,7,20.355494387004512,-0.06199670291846707
05cec5e47a9f41ac,七零有糙汉：知青女配的完美人生,7,15.170820596813094,-0.006909510979143857
6d8a634b00ffe4a8,七零，恶毒男配被知青大佬心尖宠,7,17.744498868221022,-0.07719441625298915
029b64cfc7edd76c,万世轮回：气哭恢复记忆的前女友,4,-19.153054697310846,-0.1769510068860672
53df02eec71755d1,万人嫌重生摆烂，她们都不乐意了,0,-6.639639226546741,-0.07030777846365557
933362a40706da0e,万人迷NPC总在撩我,3,5.916974069802279,-0.049431226347964125
7c30a73bd0f9e971,万人迷主播她随机直播，大哥狂追,4,-24.71242958840623,-0.02319744983231231
23c7117d884bf8be,万人迷二哈在恋综靠沙雕爆红,4,-20.799777962260407,0.0553311658912293
0aee424e94771bfe,万人迷她甩过的男人多得数不清,0,-12.385227906557628,-0.027743978052710727
45bec23794f5fa94,万人迷每回都拿渣女剧本【快穿】,3,-2.314488561374496,-0.0509905586144421
fa20331b9d9f47b4,万人迷被迫进行修罗场游戏,4,-17.712099694788154,-0.021128990200020487
274ed1d5bada5d83,万倍返还：我的弟子都是绝世女帝,3,8.65789600480661,-0.16473031471645003
ebdab144ceee2350,万倍返还：族人筑基我1秒成仙！,4,-26.9859560711638,-0.018793765899752707
fc8acb60d0efcd01,万古最强家族,4,-17.226949344958292,-0.021638893162755496
be3e4d5c5ec399d8,万夜之主,0,-8.529594106684634,-0.08960900577201755
937eee8b2d6b608a,万族入侵，我直接加入豪华午餐,4,-14.354372670122824,0.10177909040253219
35f7956d8d758825,万族图鉴：你管这叫F级天赋？,4,-15.623180647779442,-0.03926630106917736
063c34366928773f,万朝穿越：开局李二穿刘禅,0,-10.683132485236577,0.20513736167352692
023ae8a927fb1c46,万界征服系统：我是大魔王,4,-26.012326068780276,-0.09145901373965207
e757fe7b0430c5ae,万界灵主：开局被只猴子占了肉身,2,110.34033619320503,0.18438778353287197
ac419d225a2649fd,万界神王：从召唤天使开始,3,-0.8001952747094094,-0.09403642785885094
69b5b6f8ddd28257,万界聊天群,0,-9.931812755749704,0.035259793983031334
dfcf16a96a75d3c1,三体全集,0,-6.854133666084358,0.023201477231205053
bcfd4de673b0c7d4,三体前传：球状闪电,7,12.587937849112684,0.24322939260300683
b16e40f38f9dcb3c,三体对比：救世第一步，先杀程心,0,-6.9139480754015,-0.044308299872255014
f5d06ccaa1c128bb,三十如狼，四十如虎,0,-10.019039512484198,-0.3661596962724072
93ce06e3a1021784,三国再现：诸葛亮不是后勤部长,3,7.236465345444586,-0.0699106388844151
ed749086464e89cd,三国谋，盛宠尚书郎,4,-14.33955365547336,0.25073710655065934
adde06ac47d4c5a8,三国：人在西域，开局杀回洛阳！,3,6.166197455764198,0.12276818111745723
c9c7aec4d53e9bc0,三国：从抢二乔开始,4,-18.106345255545595,0.04937716903988096
52dfd13188701c0d,三国：全体起立，给大佬敬礼,7,19.290739606129492,0.11171460796100609
6c03cf8aa311746f,三国：刘备惊了，我的谋主太妖孽,4,-20.29829230534067,-0.0033617504561283262
a8a30e61fcc6a1e7,三国：和小乔拼床，你喊大乔干嘛,0,-7.888202567922882,0.1992929271604655
8e733334ea812a36,三国：因长得帅被小乔捡回了家,0,-11.260634567038501,-0.028659085074712654
2f6b24ae12fd4087,三国：多子多福，开局截胡蔡琰,3,2.5482663627140525,0.03800330173171271
08c32d1c11180886,三国：天子刘协，添加好友就变强,4,-14.686306475674339,0.12183546092498793
b23e094aff9fdaf3,三国：家兄典韦，开局硬刚吕布,3,0.992682802366005,0.09069708849821048
783b469c0c150691,三国：开局告诉刘备我是穿越者！,4,-18.306912024077416,0.07970512592450463
bf89773ade113344,三国：开局大雪龙骑，请父皇退位,4,-15.351693356489271,0.21352836234893846
fbc8e28bef61a53a,三国：开局曹操送貂蝉和吕玲绮,0,-2.7259738142146333,-0.12902029629679637
a2e5dd3cadaf498e,三国：开局献计曹操，成立摸金校尉,4,-19.34112766349009,0.005879639470293463
f9cbba05d5ed4ce4,三国：开局被刘大耳逼出山,0,-11.132454051720565,0.005326879627516712
0d96f88f21439105,三国：我拿剑逼着水镜为我打广告,1,46.01957946095679,0.056033713340338964
837c8e256a83a3aa,三国：我给刘备当秘书,0,-11.445462383985745,0.16049113472081736
9e17f65c5ba3014c,三国：我，董公之子，开局天胡,0,-11.492446258246986,-0.023906412832910257
bd8bd04bd217806b,三国：炮灰刘封逆袭之路,4,-16.70355782200148,0.07340024112315152
9301e830cb5c2188,三国：百岁老将，吕布拜我为义父,3,8.560486298610435,-0.14030256849900966
d85eaf143b84e654,三国：蜀汉谋主，我成了卧龙养父,0,-9.386532606274173,0.015942699075989636
676e55e6ab6cd811,三流小说家被横滨势力包围,3,5.4464845918936575,0.0425303373872164
ca773457fc030987,上城之下,4,-21.456831357857396,0.07643582586980627
61c66c084346991b,上岸提离婚，反手和市长女儿领证,0,-11.239242899537139,0.21631485514747126
1998638aedf13610,上班摸鱼被抓，反手拉女总裁下水,4,-22.42716094172856,0.01503492723411709
7df40c698b4670d0,上门龙婿,3,5.704380181412709,0.25683840652932055
6dd1aa83505ab4eb,下凡后，锦鲤奶包被整个皇族团宠,4,-18.34272672329052,0.02133206207108626
9432e16604f95be6,下班回家，捡到一个宝藏女孩,4,-22.94947797508797,0.11886261824438331
ebd495c5069d0aa6,下班，然后被女大学生尾随,4,-20.89842497618476,0.14304052918211646
84f926d3fd4a11ab,不从圣,7,18.051835013168024,-0.005895251846785937
116a298bffa9dcdd,不会恋爱的我被网恋校花骗亲亲！,4,-22.359604235592922,-0.0123707617439629
74065e94c1c690d9,不做权臣外室，我只想种田,4,-12.93866361987326,0.0320971243932579
27b29cd0cf369e73,不做舔狗后，我和亲成了人生赢家,7,10.423250233986707,-0.22801203741499662
3a45a9b0693f07aa,不双修就要死,2,94.50203470610758,0.03052369202623767
266cdcdada7ab4ee,不可能！我家老婆绝不可能是魔帝,3,-2.0157341869979533,-0.06497303514879496
63fb6f05bf48a9c8,不好意思，高中被白月光校花追过,0,-12.260862419377073,-0.029861805102435662
5fdbcc6357968601,不对付青梅今天也很可爱！,0,-7.589348510246914,-0.05393666240643455
e0016d5e43bc9f3d,不带教案带兵法，老六老师杀疯啦,0,-10.28032556927954,0.043783556824238457
9b1749877cea8253,不当舔狗后，校花哭问为什么！,0,-11.731242749355914,0.115973350843898
cc4dc2ecb6205a42,不怕校花玩暧昧，就怕阿姨三十岁,0,-6.7133159596302505,-0.08218677145331235
f763de3df0ae4c88,不想练剑的音修不是好修士,1,44.24152634663581,-0.06851446726692115
b7b2dd5a01bb3ff9,不是世界不好，是你懂的太少：20几岁要懂的人生道理,0,-7.552721825722877,-0.0889263429967024
bbfa2d9c658af3b6,不是肉身增幅吗，你怎么成盘古了,3,6.460976755744923,-0.03830161283305514
f9433f0a502dfcba,不是高冷指挥官吗？怎么一亲就哭,4,-15.699036468801989,-0.09299100769400884
2d62724c1190d752,不是，没人说假千金是泪失禁啊！,6,51.33594679032227,0.0231861875890452
d7415a2aaa666976,不朽古帝,0,-10.649104848214748,0.12984461258023566
65cc07744e904249,不正经提示，从遇见病娇开始,3,3.1996294444344997,-0.08873650841381978
d36dd3e83879a6c1,不死战神,1,30.038116226261593,0.03922470975948547
513b2a3f18f33faa,不白吃漫画这就是世界美食,6,75.16600559908798,-0.05494801092699961
24a4cfd8062c04ae,不装了，沈导宠妻如命,7,9.946864279074298,-0.045387856338444194
f5204986a7838290,不败剑神,4,-12.708970678078192,-0.18152300904676513
aadd25a6d98fea3e,不败战尊,0,-6.632928827563049,0.023934829836354338
9c25977015a56fac,与你共赴山与海,0,-6.213757492802216,-0.024030480848963948
a47e693df5b90f02,与凤行,4,-13.82165123471431,-0.015325626882419535
c30e17bd185a3c8b,与君欢,4,-20.692456598814545,-0.11895063956842919
e0eef9db0aa5fed8,与女神姐姐的同居日常,4,-12.963469778432948,-0.014416207536688763
2afa29c675dd6887,与妹合租,4,-15.498662568073328,0.07549186758946841
283f079402ee6658,与情敌结为兄弟后竟变成女孩子,4,-17.931929860718895,-0.06348161557928325
e5d956dd6101a0e5,与魔王同居是为了拯救世界,0,-6.422026606966313,-0.11357384909976279
3f66b4b51fb9f2fe,世上最强的人，居然是个萝莉？！,3,5.972670125734659,-0.07130771613793888
eac5d9dc0754de21,世界上最神奇的60个经典定律,7,9.96301080591757,-0.21077826759479887
d7a82393681a071b,世界是个游戏，人生怎样才有意义,3,2.55294568013791,-0.25034291228945904
c4efde8359df5f85,世界核平，从创建保护伞公司开始,3,4.1474470181586796,-0.1307532920931074
0da411e00786a1e3,"丛林法则：“物竞天择,适者生存”的底层逻辑",3,0.3347973538256852,-0.2731880987895463
f8ce27b366a5bfff,东京除灵日记,7,19.772201400937504,-0.058727288827965546
2a8af77fe1ec27b5,东北出马笔记,1,33.27141438801205,0.031386530150520286
b3becffd388de352,东北虎的男媳妇,0,-3.0985557887500335,-0.03151276590576099
41fed2e6f0a47a06,东瀛绅士不好当,4,-12.932511149121368,0.14028935399588094
19461e9692f123b5,丞相北伐，何故南归？,4,-15.280076238832834,0.17646579213586633
8be01285d7373283,两宋之变,0,-8.123868282231683,-0.18345661871330618
490f0f75434b503f,两汉风云,6,60.651379028718466,-0.10553511483006414
3094c09db6e72e0d,两界供应商，我一手打造超凡帝国,0,-8.62029883294315,0.130702197110653
22be8b488e524e8c,两界穿越指南,3,8.820324914678586,0.18742986711073603
cc4d43e426446621,两界融合：写轮眼在异能都市,7,21.72276071127702,-0.01547687621611521
4720990cef7f85eb,丧尸专列,3,-0.9202098942690782,-0.008879311364267922
23ef8b906b6f33c0,丧尸的徒步旅行日记,2,167.33648955815517,0.12611384648911214
fb518c54c79817f9,丧尸驯养手册,0,-9.498990925086368,0.05799018461440972
4c66e0cf453419ac,中医：一句少看片，校花全网社死,0,-10.742007527475437,-0.03187414620960946
a24c8424cb75bada,中华人民共和国刑法,2,103.30845188604899,-0.0884121733144865
e04d6b34ff1332b6,中华苏维埃共和国史,7,18.608413100612758,-0.13297210636033394
07e5365635e1d824,中华诗词名句鉴赏,0,-3.293809002139696,-0.2707482860872866
655cc33d55ab1256,中国最美古诗词：你应该熟读的中国古诗+你应该熟读的中国古词+你应该熟读的中国古文,0,-10.951930565919966,0.08654461122568308
64ecad64154e9592,中小学必背古诗文208篇,3,0.626157831414595,0.23832240500258642
66d6ee52ecfbd978,中文十级的我异界无敌,0,-6.505648362164301,0.2763737106835696
584db104ea2a1925,中状元就休妻，凤凰男我不伺候了,0,-3.483748399775237,0.07563459188950286
f6265c25a431109d,临死前，我强吻了魔道女帝,7,12.172593238254407,-0.047294008678152505
68f556fabe234e30,丹道轮回,3,3.2491393290770816,0.014045781144435748
6dc02a3353bb6628,为上夫妻综艺，我闪婚了亿万老公,4,-16.828220250174553,-0.0019415423967725498
322d67dccc5c9dcc,为了无敌，绑架三千圣女！,0,-11.281217866558844,0.10946113083292465
062ad6b301eab0cc,为了能减刑，我带兔子飞上天,4,-15.6854318081392,-0.04404301456637352
b6e6e137c0c9d5f2,为了脱贫造机甲，狗大户们抢疯了,4,-20.920803290793085,0.3159376758440086
9bc258b9183df0c7,为什么要叫我末世尸王啊,3,0.49326755468670314,-0.07556002087856165
5d32a4391beb761c,为军火库舔女主三年，她却当真了,4,-14.204801155835483,0.12203940117806203
bbaa0a1c224bc806,为名利和我离婚，我捧红天后你哭什么,4,-18.015465934261645,0.056457600382106427
c903cd78b63195f8,为她着迷,0,-10.811871792416973,-0.029975497203829832
b5fd5ee94a7b9b53,为娶绝美夫郎，她要造反当女帝,0,-7.1133731163685425,-0.10586314229938307
f4a790bd67807ab5,为祖国繁荣昌盛献上桃花,4,-18.309612265395867,-0.02071944694193084
32bf58ba6f9c1360,主母日常,0,-8.374295993623363,0.014859463593739242
2ae5d45f1135ec66,举国穿越，但是泰拉,4,-20.07461429629541,0.1263145072353326
2497492f6d12b1c2,乖软弟弟，姐姐宠疯了！,7,11.173048416408058,-0.03268951341760082
cc384dd8d601612b,乖野弟弟掉马，他疯批病娇偏执狂,3,4.7512549592819155,-0.10388551698379259
38d1cb265dc78e2f,乖！姐姐疼我！冷舔病娇屿爷会撩,0,-4.718218470662734,0.08619697157459144
064d1a15be1cb972,乖，别怕！病娇反派致命撩宠女配,7,9.841897352711534,-0.014729293450011921
389fa4f05ec6ccd4,九世反派，女主集体黑化了！ 作者：浮在陀,0,-10.501777758140008,0.2368374302943717
e290158ad342c6a1,九世轮回曝光，诸天女帝形象崩塌,0,-7.3088895542761065,0.00047354125956500237
ac05604619360d4a,九叔：从义庄开始简化修仙,4,-13.42248672191948,-0.10478695342654135
56d3a367bdec4180,九叔：我石少坚，开局满级雷法,0,-3.587683029108497,-0.13103586881118892
8d2e314ef8fe2036,九星霸体诀,6,62.932822727677305,0.11022120227551226
2e027ba437ccbcc8,九极战神,7,20.5509450270865,0.006396398705702411
65f4fcd3a9c99b0d,九龙抬棺！我大帝身份在葬礼曝光,4,-17.002922667072085,0.0353668092747583
b7b621ff3818c589,九龙拉棺！洪荒丧葬一条龙,4,-17.672968184703446,0.11370340652895301
6bc1c095bfa665ef,也曾想拥你入怀,0,-5.632835338935635,-0.04753909864577463
06861ccfdeb1246c,乡村直播：开局10万亩地,3,-2.2988762303418895,0.13131920212346207
0ca33e0c9c520ba8,乱世逃亡后，我成了开国女帝,0,-4.895116087116669,0.07209195955025818
f9eb5449b7758ceb,了凡四训,3,-1.6379920193612918,0.05882685540137583
ae0316a9b46b8e97,予你长生,3,-2.3649004364231203,-0.118425487483062
7544b4133428f39a,争霸时代：帝国超壕大军阀,4,-14.2340447256531,0.29889289520473183
e7468ef9248a67fe,争霸：开局召唤西凉铁骑,6,52.8828027865419,0.11956154507760264
9ec173be7e8ee97d,二嫁东宫,0,-9.749686404254625,0.05473019397105955
47d8a088ad6afa60,二战风云：铁血苏维埃,7,14.293934501395754,0.09351746334409833
99c7b35fc82421ef,云之羽：以毒攻毒拿捏宫远徵,4,-17.790109477979293,0.05940480092940817
336d22e83271a70e,云深清浅时,3,6.471522314340852,0.10950231603804675
af607d704108cab6,云游诸天,1,26.701776223529507,-0.1274619976153802
10b11c4186a8a024,云边有个小卖部,3,-1.5533024549510301,0.059298836690354406
87751f518c945e09,云顶之弈：开局学费被骗,3,-1.1165168154122398,-0.10182445714747243
f9adcbb4ef0a3b70,互换身体：锦书夫妇发疯了,0,-10.600297935428898,-0.048412167383097865
c8a948062a85fe3c,五等分：天才的绝对恋爱法则,4,-18.52771334650223,0.066409400872047
983cc60cf72e0346,五行修神诀,7,14.099123997715957,0.038580241983946884
e3af863f3dffb482,亚人娘养成后，她们都想报答我！,4,-13.010648353030707,-0.14480164757724343
8124a0e6b5668f11,亚巴顿,7,16.069631220654188,-0.10732135101981624
fdeb29b3cdfa41c6,亡灵领主弱？你怎么招募陨落神明,0,-9.299831675950955,-0.2482764649697539
4ada23d85e2ddb68,京剧花旦惊艳国际选秀,3,4.210815441702103,-0.07803080504539997
6bb011eb3aeef79d,京城小饭馆,7,11.582520612599858,0.1814353915833889
28ff97e207cbeb17,京城第一神捕，你管这叫狗腿子？,0,-6.910560062803846,0.03665307064898701
a10ab51d99daa847,亲子综艺爆火后，全网都认我当妈,0,-3.355936075963349,-0.01770273331359859
8ef15889af5712eb,亲子综艺，妈妈我有十八般武艺,1,36.638209494068334,0.1662591829847871
88159d902c7520e2,人到中年，在游戏里面变成美少女,3,4.174031343116447,-0.036349961975853134
4ee235ee9aee288d,人在三体世界，我修仙干爆水滴！,3,4.666194180038417,0.05112974031500736
d83fa61ca892bb5a,人在三体，我是崩坏！,1,26.5702661727547,0.15530567372222837
73e527251352cd2a,人在书中，女主人设全部崩塌了,0,-6.398014196236723,-0.09454664946473393
bede488bc07dbafb,人在书中，我大反派的人设崩了,1,43.213441701777526,0.03411716478666907
892405189d584c4d,人在修仙世界，和谁都能五五开,7,15.840025752485367,0.059740834022834144
def6ebf7810b2df2,人在修仙界，我苟成了修仙大佬,7,17.549892903943572,-0.05594928959903969
91e01e1e5ae998d9,人在修仙界，白月光选择跟反派混,4,-12.896765262348865,0.08454009608973465
db08ce5d840f81f0,人在修真界，我为祖国修仙不停,7,9.418479281582258,-0.005680177442866613
0677c2e4d7bc1914,人在公墓，捡到一双红色高跟鞋,1,25.899248856199563,-0.10860821151818337
6bdf67425c32f9bf,人在兽世，只想种田过日子,7,22.657702885061212,-0.05484514126210924
a2b4cfe4c7773273,人在原神，开局迎娶雷神,0,-9.77344139576725,-0.07393670355924029
4b9248d088a2d60d,人在大乘期，今年上大一,3,3.141122090413859,-0.10140964923398191
383cd0b3eb847c73,人在奥特：开局电疗捷德,0,-3.802167846712848,-0.14815449112504533
ad26195a7b5abbeb,人在娘胎：卡bug批量生产仙帝,3,3.0324421141831053,-0.18043307035932224
1512ac176dcd647f,人在娘胎：把女帝气成早产儿,4,-23.80937271927505,-0.09845973795498217
eb19e5dbc0680dfc,人在实教，开局路哥骂我是变态,4,-14.047138633263685,0.02012131095585551
82618d8989358c5c,人在崩坏写日记,4,-22.949908409296754,0.08197926293622171
5e1d86e77112f9ad,人在惊悚，我被逼成了BOSS,0,-5.505457572870085,-0.051090376787312514
e1e928a0c2bedc3d,人在星铁，但考四级,4,-18.7817493692465,0.05841396875041566
639c7e09eaff27df,人在末日：这破门谁爱开谁开吧！,1,27.24631669110795,-0.14046099019256478
945f3a68a21b743a,人在柯南拥有系统的我强点怎么了,4,-19.437117514612634,0.25705754813715587
87a796d3e9887139,人在柯南：我的小哀不对劲,0,-11.177897052749977,0.007760579981184151
96aa216af59d5329,人在柯学，开局被哀殿捡尸,4,-16.01707904434459,0.00650416372102533
795055ffdc068800,人在汉末：从简化技能开始无敌,4,-13.747858792806063,0.12132999228950657
1e03bbd4b6dcd887,人在洪荒，开局获得事精系统,0,-9.82163670606743,-0.09608614892821823
3c5fea13eb129fe8,人在火影一人一下,7,14.023208080621949,-0.05241297560442046
36b2565bbe822aee,人在火影，开局模仿大剑豪,0,-6.2582870026358535,-0.12775318409077754
19b6b8ea42fee43a,人在特利迦，开局至暗贝利亚,0,-11.140432608307933,-0.04070178909668118
31cd75a7ef58bce2,人在综武写日记，女侠请饶命,0,-5.949225423143957,0.102345615583437
5a0ab3e6a94c0cde,人在蜀山，我的修为是全门总和,0,-4.476610512176279,-0.013288103508638294
d758aaa845232235,人在西游，破戒狂魔唐三藏,0,-6.17479923684288,3.1041524206576465e-05
a22c4ea808d9e162,人在规则怪谈，我是天命大反派,3,2.771848814099201,-0.06362837663378615
9148c888f632d4a1,人在超神：靠捡刀片维生,7,12.890635206619791,-0.03298734443751403
8f8c2b6242bac74e,人在迪迦：开局娶了居间惠！,4,-23.213676882935424,0.04438002167659119
3f56617f7ccdeb37,人在高武踩条虫，系统说我在屠龙,6,52.62467983586275,0.04523915648890395
2cb2a60cd25b9f48,人在鬼灭，鬼王无惨是我亲爹,0,-7.272492961216578,-0.08671495823047817
96d63d89d3fd263b,人性的弱点,3,2.105319035369014,-0.10674170522669515
3d947aeb6af4a569,人性禁岛,7,18.385130432323223,0.0028005093344205256
59fd71847002fc16,人生三修：修心 修性 修行,7,10.43742951391642,-0.07668079576323125
0b68b514e09222ce,人生剧本：天命反派，我爆杀主角,7,23.87534801555256,-0.009094749231849442
d00fa0650ce57f9d,人生剧本：我，开局掠夺混沌圣体,0,-8.355311012385918,-0.058087460024106
12e74672bae5acaa,人类文明守护中心,1,40.03374414537821,0.09696133635822281
af3b87e3482d85f0,人美心狠！玄学大佬又直播捉鬼了,0,-5.694082567158141,-0.0601763171142026
bcdf081543a37916,人见人爱的大师兄,3,-0.5519531445700849,0.022663207295922555
11637cf0d73d1c3c,人间失守,4,-12.667860670942499,0.016685935822712022
5e82027da74ce0bf,人间武圣,7,16.159936708922515,-0.025908340504385063
9606f3efc73d2e83,人麻了，身边女人都是病态偏执狂,1,33.77568617213318,-0.03601638801420823
708bde3d0678df1b,什么！青梅姐姐竟是病娇辅导员,0,-3.9992831007387935,-0.1389533138667863
8cd85b33e128b2f7,什么？系统为了绑定，争我争疯了,3,8.754911950175234,-0.06961893945860412
466e7a5d816575cf,今天又是向着非人类迈进的一天,3,2.1838812752627206,-0.1156155589107232
fdbdaa62257425ca,今天大小姐喜欢上我了吗？,0,-6.973591069495278,-0.0932405242817402
2255edd3ca31b662,今天女王逃出星际了吗,3,2.0265573799614955,-0.0911490539929031
f42ccc322ed5f307,从SWAT开始的职业成长游戏,0,-9.627964615169198,-0.0030657161612806516
5c400cc717715672,从一拳超人开始的奇妙冒险,0,-6.188048415584113,-0.07710007161356261
45a0086a006c4976,从军行,0,-11.028236401348522,0.0229453304900801
62c569aa2cd5d423,从列车组辞职后加入星核猎手,7,16.4753250090873,0.024674460140065496
5a4fa17e493e62e3,从前有座镇妖关,4,-17.063301203643075,0.0366102396382737
5e10e1d9eb51582b,从原神开始振兴宇智波,7,24.292563658360223,0.1365943434508734
be32e497a216d463,从史莱姆开始的异界之旅,0,-3.349134654595943,-0.07294975247178961
ad40b225b3bc2c3a,从和大舅当雇佣兵开始无敌,4,-18.60935215319531,-0.18112354631400882
1ecbf4b2c3018933,从哥布林到哥布林神,4,-13.705625801846434,-0.004425167439010891
b4b5003677b6d43c,从太监到皇帝,4,-13.840642017465917,0.03489319044235287
1ff65f9bac23287d,从嬴政开始：历代皇帝陆续降临,4,-18.6628945247938,0.03269584009171414
cdd3ee36c0d5fe57,从宝可梦开始的魔改综漫,1,42.14045435991562,-0.09628080521473728
be98e3e1e194d1ae,从实验室里救出来的妹妹,3,7.64283397216483,0.057010759533890454
7e681c6c73fddb84,从小兵开始,3,-0.24810013463827119,-0.045320787596655615
c35525cdd31fbb42,从影子开始变异,7,11.270156580684315,-0.08408201181344013
46026c3b6dde6715,从捡到女魔头开始,3,2.7809193554583658,-0.14055308269881853
329e9713cdb29f45,从救出哥布林巢穴的女骑士开始,4,-18.760904726664744,-0.06130309475239801
5d944134a2605f12,从母星爆炸开始列车求生,4,-16.353996532691063,0.08259367787275704
d098446600525b62,从流浪地球签到生存物资开始,0,-10.409575554085436,-0.17640463666767217
d64de074e4937b03,从港综开始浪,3,7.317929554406142,0.04231497739821935
5125d2187ed0a779,从火影开始的万界轮回,0,-7.308954628661404,0.10307294641559982
03450fb57164b9b6,从熊出没开始的强哥,4,-16.18753867964777,0.15607741573157757
92a282accb510305,从田鼠开始的万族争霸,0,-7.518464289509794,-0.030416134348030616
b0c33ae5f39945de,从白蛇开始进化,4,-15.0334755220963,-0.05931698527532228
dfaac76bcb9bfdf2,从秽土转生中复活开始,4,-14.632877093882296,-0.02888751349129512
011fc0c7a46ead0a,从系统开始的诸天掠夺,7,23.33164864023317,0.04425369023583933
dea691ef9d5371cb,从素晴开始玩转诸天,4,-15.336666322131386,0.006679979306546235
6f140f816ee1ecbb,从虚空领主开始无敌,3,2.7633023770955063,0.015517944089037256
31235c40f3a85d8c,从迪迦开始的奥特银河传说,3,8.175824380169367,-0.05019519087394439
3d50aebd9d1ecfd7,从野怪开始进化升级,4,-14.289106806442593,0.13123167980796507
54c0d21911407e72,从高达世界开始,3,-1.1690005960882814,0.06250015423280242
3af0b133c920b665,从鬼灭开始的雷呼剑士,3,4.263233572420624,-0.11293992893528695
088053760757aba1,他一拳轰杀魔神，你说他是牧师？,4,-18.46152191272774,-0.01662961800388324
c209dc1461d921f6,他在恐怖直播间里给自己加爱情线,4,-18.73463694010552,-0.00198449255755484
202ff577f2d6fd43,他往返于位面彼岸,0,-7.4091343977951,0.04168906807532058
ebc417441c92de55,他的小南栀,0,-6.472962206759604,-0.014495329657387784
ecef6c8c70568caa,他的小尾巴真黏人,1,35.69659331859823,-0.08297567624174232
32d9bd82f5983e88,他的执念,1,31.946847727950512,0.04551039057962866
f83860720eddfc9c,他的白月光回国那天，我藏起孕肚,0,-9.490894270704615,-0.003018416886713199
29c2b2049e37a87b,他的白茉莉花,3,6.732850054872301,-0.10649752667504994
13342d3a98af832a,他的短尾小omega,0,-3.8285967645181955,0.002692062554558311
4433065ca9a9635e,他藏不住的妄念,4,-13.242205970221239,-0.06012841549759343
8041c17e88687293,他超爱！疯批大佬只想给炮灰花钱,3,-1.2926499613485731,-0.11602529669963094
630bd964971344ad,仗剑，载酒，惊鸿客,0,-9.947704842882736,0.10000524295970048
ed569d6a29dd5b9c,仙为奴，帝为仆，这宗门狗都离谱,4,-18.356739784183183,-0.05254788425383264
5e1aad8e3e610571,仙人之上,4,-22.49313805044527,0.11796716573895238
157f94bd2e27ab2a,仙侠登录器：重生归来立道统,1,42.537168207286044,-0.03841120131892892
cc68e4110c05e9fc,仙墓,3,3.7648261358647943,-0.040527911917802556
ed0df7ab77ce2f4f,仙帝的退休生活,4,-20.5805680049325,0.20988690010926525
256fe25fdf198558,仙府：资质平平的我只好苟出长生,3,6.532659165130873,0.01707880351752264
c450311737a69119,仙武世界，有模拟器的我横扫天骄,0,-9.620908339890434,-0.10887746761044656
456b9c2fb589cf57,仙武大唐：开局震惊武则天,4,-21.330657565744154,0.1403437208030715
88bbe3aa6f8af3b0,仙武帝尊,7,11.991325034235167,-0.12415684831895277
7e3855796b1b9f91,仙海蜉蝣,0,-4.850385408276793,-0.01532872024138876
8bf413de0ce16b35,仙界凶险：我苟在高武乱世显圣！,4,-16.999062390611243,-0.06945156372495667
075771c8ee8a707b,仙界太苦，幸好我能下界作威作福,4,-12.683610483681715,0.0786987022592705
340e848487fa5c45,仙界聊天群,1,28.774380019343226,-0.015466359392401818
1661e04ad985d05d,仙盟魁首的我成为女魔头的爱徒_7211781770990062596,0,-2.9323120557868876,-0.022962749649251324
0fa1e9dea55e9afb,仙盟魁首的我成为女魔头的爱徒,0,-2.9354189187896154,-0.02298301104364034
5bb426d86d32780e,仙路之上,0,-11.777200886301685,-0.07446851581621725
7e2d25cf6bca933f,仙逆,1,28.011052205734288,0.06888131714813045
9a881e525471aabe,仙门里只有我一个渣渣,4,-16.911041423960288,-0.08988467077934217
bcff99ab0fd639c5,以夏天的名义,0,-8.951664131402367,-0.08674074530963247
322ea70fda337072,以我深情祭岁月,3,0.22084486947478155,-0.058195810627450245
627ed6ac9ac0bf67,以救世之名，登上去往星际的列车,6,51.312188259932725,0.06532613134325865
cdd9b7e1bffcf79b,以权谋君,3,-0.4907062458633433,0.01771065857967205
5c02b764f35686db,以武登仙：从武侠开始的无敌路,3,6.15525119377525,-0.0409975399942967
45869d042243ef0a,任务完成后，宿主他死的深入人心,3,3.718474753753675,-0.026498727191477
5f8b0da8150d8eda,企业小姐想做秘书舰,3,-1.8208937605499997,-0.08659729871919633
017da8cb555fcd7c,会有真爱在明天,0,-10.352630472737545,0.19559630296022704
787a6d43cf28324c,会长姐姐对我蓄谋已久,7,17.59012603867825,-0.14993671817874746
fa0f64c45cb517f5,传奇佣兵：从拯救小猫娘开始,3,-1.8586132152073986,-0.004792891914130903
a67d810bbd12bfef,传奇重现,4,-13.58290239855977,0.1933777786273754
26d99de871ab5347,传奇：我在异界卖装备,6,50.465370398862774,-0.047323018378523346
081e7fd720a76f4d,传说管理局,4,-14.710183905578191,0.21201625573520658
005c79d941830af2,伪造淑女,3,5.375109883480462,-0.08837079820875779
5677f55574338e61,位面穿越之旅,0,-3.671682537191046,0.027128942006194284
4431ef03e5dea55f,佔有姜西,4,-15.815742481781992,0.1277124697292841
e2c034be96723567,何故为普女长出恋爱脑,3,-0.8029379531839496,-0.1203155430321878
f4b5d2752c35117f,佛子高不可攀！搂怀里娇妻细腰亲,7,10.57124017119365,-0.15481050351269163
91d4a0c1e86057e0,作为终焉之茧的我，来到了修仙界,7,15.659283960834252,-0.1657595059538304
a084deae973c5c14,作死的我被逃生boss缠上了,0,-5.675415363062143,-0.054619820408828984
cc848a4d9d28a341,你一出租司机，比我们警察还能抓,1,34.43922506375438,0.2041326791944236
feeae3c592ee7637,你一辅警，入职提两杀人犯？,4,-13.20358563619725,-0.1309300275225879
6ed0846c8dfac348,你不许谈恋爱,0,-6.8278223279310595,0.057866721076933914
a85fad2c351168dc,你个游戏设计师，天天警局备案？,4,-23.965430693010216,-0.061435087482695744
60fbc45d3009c47b,你们御兽我驭鬼，你们超神我超鬼,7,10.28183364830192,-0.04388355193956758
a9d7de855d3d210c,你们惹她干嘛，小师妹有天道宠着,0,-7.576047378901677,-0.035502630740560676
5372e93faa79f51a,你们都追女主？反派小富婆我娶了,4,-17.024520908088,-0.05690716225031148
7ce16c84b0173cd2,你们都追女主？那女魔头我娶走了,0,-6.66566787608442,-0.08242406728043092
11b0eaf0109b7bc5,你凭什么认为我会一直喜欢你呢,0,-5.409974006403864,-0.03670068217531705
c2ef175119ac63c0,你天骄，我沙雕，杠精宿主爱作妖,4,-17.502154315322933,-0.008243926412681818
f88a09607f25704d,你失信了,0,-11.58170315788022,-0.01900828682800207
93e01347f8cb326f,你就仗着我喜欢,7,23.814388018403022,0.004441311495162331
e453dd10d677ff4d,你惹他干嘛，规则怪谈是他孙子辈,0,-10.863980256768592,0.018387092781095543
2e01e9be9afd36d2,你打娃，我看戏，豪门后妈上综艺,3,0.8129600703761852,-0.045171166121342726
97870eda199e6c85,你敢惹我？我有六个反派儿子,7,12.306454928722609,-0.09194204228370331
d3dd4b9be1f37d7a,你是这样的学姐？,0,-3.8705760414295227,0.06697819244274544
e979f4931b2e1d80,你有病，我有药，吃完一起蹦蹦跳,3,1.1504657344968479,-0.013275255239145023
1cb522799135ea0f,你有白月光，我有俏竹马,0,-5.89512197301336,-0.0855085634169245
a3adbfd91414ea4c,你根本没参加国运，你躲哪了？,3,9.065380944905286,0.10414361046691319
b5e9ad5e0044faff,你的天赋很好，可惜是我的了！,0,-4.7971901684587905,0.02028737357694807
8eaeea78f9f49915,你的未来，有我吗,0,-7.502645829670925,-0.03782888144590715
e2cbdc09f1cf5a0e,你的机缘很好，我笑纳了,7,10.591929586684536,-0.02134039317815145
7ca4cd632e0b4bdc,你的自律，给你自由,7,22.41237616603759,-0.1281327695450232
09e954f284eabda8,你穿婚纱追星，我分手你哭啥？,4,-16.95142763442668,0.07130397788759507
fcfcc8ffbf019a6f,你管这叫D级能力？,0,-8.125134248723938,0.056030470069042854
8bb105f70b9e05c2,你行你上啊,4,-15.456991065282995,0.09616070250041271
921c9808fe5cdfab,你贩剑，我发癫，联手整顿娱乐圈,4,-17.059808823824397,-0.11250458520911741
cf0a13064d8f2ae0,你赚钱，我来花，豪门后妈爽翻啦_7222358613665254440,0,-4.258357868178209,-0.07591452123755907
5eef43f2d32e09fd,你赚钱，我来花，豪门后妈爽翻啦,0,-4.257426866612555,-0.07592050691146193
d5b21ec63718af67,你这剑仙，强的同时又过分帅气,3,7.832879482146232,-0.05344636729947186
c1b076d30299609c,使你痛苦的必将让你强大,7,20.770999667103794,-0.2197187498175787
ea2f596ea70976b0,侯府真千金她重生了,7,13.409510930907352,0.056390535694997496
c1c9bdd7a9005cd4,侯门嫡女惨死下堂，重生后大杀四方,3,7.559251644892932,0.07761241955343823
21f80bf66d78722d,侵占！软糯美人鱼被清冷佛子索吻,0,-2.7226063087089543,-0.23282812951697937
ceb518ba53bc2fb2,俗世妖人,7,12.608423124561675,-0.042068163980898715
ba8f9943871c2f5e,修个妹的仙,6,60.19252485478462,0.1574354660840822
a808e66ebbab41be,修仙,3,6.027483632329016,-0.03376492379180854
016bccdec7e3b4f3,修仙世家：从广纳道侣开始,3,1.4159462423289924,-0.11317603768109444
9fc0b70d98cb2c30,修仙从命运祭坛开始,1,35.580548462186115,-0.09658204569044973
cb4a0afbee8210ac,修仙从逃离病娇开始,0,-10.054538752421365,0.14736561053513947
f2885582569bc99e,修仙冤种女配崛起，开局杀女主,4,-15.538653778464901,0.08008039715009815
1625fdc80aac76cb,修仙大佬命中带编,0,-8.088268653825516,-0.04107257547462964
c03f6083f9555839,修仙小魔头,0,-9.541204072952297,0.05008575931951692
7ac9f8380beda7c0,修仙手游反馈修为？我氪金十亿！,3,3.7992818235131693,-0.08087663387616004
41c54a7f1ce0c8b7,修仙模拟，十年飞升,1,30.421618308649713,-0.04432303442781535
a51f969d44659b94,修仙特效，我靠忽悠成仙,0,-9.90042209028912,0.06829287598105027
29debf024662a7a6,修仙生存指北,7,15.17730666953468,-0.006374436942768902
c053671a396b2e8d,修仙，师兄我与世无争,0,-7.666835259864158,-0.07255897043292167
9620fe42bfb0236b,修仙：从在炼器铺当厨子开始,3,3.094104464985193,-0.09647866637818328
6ca9eccc48085b2c,修理工：开局万米高空修飞机,3,4.883482867259403,-0.13599223439149552
d47e517af2bc612e,修罗场：开局被病娇求婚,3,2.48688612104619,0.004987796080988399
11d74017ef0c24a3,假千金只想搞钱,3,-1.5232730525868874,-0.13391347258878109
25b98ca1a397f662,假千金手撕剧本，沙雕摆烂躺麻了,4,-15.30425410203041,0.052357635219674736
74e1aac21bffbbf1,假千金被读心后，炮灰们人设崩了,0,-10.266154473142791,-0.009463265342994825
690b8f78092e3ca8,假太监：开局发现皇帝女儿身,4,-22.374204118227386,0.05111969314224807
2bf493de7f3a5b34,假扮圣女的魔族事务长才不会善堕,4,-16.062335044898106,0.004134788448396348
92ac9ff24803c43c,假荒野变真求生,2,117.52375093959868,0.009859700371613433
81b90a52d03a3b8b,偏执大佬每天都在吃醋【穿书】,4,-18.693838542294277,0.012446974956568269
245b40d0ff20b35a,偏执弟弟饲养指南,7,19.27215677307391,-0.07111791392471636
187b6a84af397475,偏执时少，你娇妻重生来疼你了,0,-4.164758458150743,-0.03328917268240214
ef622e94949e1971,偏执疯批掐腰哄！清冷宿主动了心,0,-10.107869024133223,-0.12282020528599111
d84cb706e7661d6a,偏爱独宠，禁欲佛子搂腰缠吻,0,-9.935167546914997,-0.13333462128706455
673fadf425e3aa55,做人偶被偷拍，世人污蔑我是鬼王,4,-16.651212630094044,0.11605434201460482
ff34650226faae5d,偷亲一口棉花糖,7,9.802905382973563,-0.12582920457383753
78433031f56d2997,偷偷蓄谋，校草他又撩又野,4,-13.753232864945076,-0.01416403396501309
8ddf0ac1785ecf4f,偷听毒宠心声后，我有个大胆想法,7,9.820569330511589,-0.161670580591497
e512657bb59df13c,偷揽昼春,1,25.060194132108293,0.057195704062721675
703c349d653419d3,偷脸,1,30.743136114661752,0.002933654617735315
2e8f0462b89012e9,傀偶师少女的邪神游戏,1,31.473886349404737,-0.027319652554759266
48a0c1c755245d0b,傅同学，可以亲一下吗？,4,-19.47952000689707,0.06345562656447468
816459a43e79aec7,傅爷：夫人又惊艳全球了,0,-10.251673269193873,0.09278144543102507
6c34cb0e0a1949a7,催眠术手册,0,-4.384712027260733,0.011243172650900357
a52ed7c0dd09611c,傲娇女上司是前女友的闺蜜,3,-1.7394493531477337,-0.009676183724029452
1d6fd9c93b950de6,傲娇小青梅甜又黏，又在偷看我了,0,-3.13924837297089,-0.08988184275920066
fe3889acae4f03af,傲娇帅哥的我不想被女孩子欺负,0,-5.8176583659609165,0.1135147966872724
fe026c2208c050c1,傲娇暴戾影帝是我前男友，得哄！,0,-6.094749617773978,0.06254334304416223
ed21f6f8b9112ca5,傻柱子的四合院,4,-23.991653306622073,0.22280239771967808
aa10baae63ee3d26,僵毁：肯塔基超人养成计划,7,23.911060616945036,-0.08536131196403804
0ca78224e007c22e,儒道至上？我在异界背唐诗！,0,-3.8639781040452235,0.15977612232409746
5d473595062e3592,儿子抱着影帝叫爸后，直播间炸了,4,-12.825708589671219,0.12310747203396342
2dc7f38a3d4de2e3,兄坑：论大师姐的自我修养,4,-16.005050800369066,0.024084991933201905
9a766f537af54bce,先孕后婚，禁欲大佬又在偷吻孕妻,4,-16.364999272048923,0.0724987527490965
76c4defa3c2db4af,先死个徒弟助助兴,7,20.51246174690015,-0.002002311054934258
9e9a3774677409c8,光是纽带，向阳而生,4,-14.520471150817535,-0.0723298928587214
32507bda2ffc18c8,克苏鲁神话：众神典藏图集,1,30.441305063515188,0.34330360692002004
593c120db2bb5d43,入伍当纠察，需要提前退伍？,4,-26.07599704960547,0.10099938050843577
beaf76a851ebb378,入夜，对她上瘾,0,-10.822560864492317,0.03556840928202146
75e8b81b24b370ec,入学后，发现闪婚对象竟是辅导员,4,-12.951566240632168,-0.0981686234716386
2eadfe3d1c6f0ffd,入职第一天迟到，你借口被劫持？,0,-5.617014828527211,0.006002713163879542
f8e8e96d84942dd7,全世界只有我没有异能,7,12.288651974993975,0.05400781068666749
a456bcdce9dcf8ac,全员反派读我心后，我嘎了男女主,0,-9.845448777232377,0.014620513238690042
8892fcbd6fbe6a89,全员团灭后，咸鱼师妹怒修天道！,0,-5.07232763473889,-0.09096639807308218
59ab06052d5a71d5,全员病娇的诡异恋爱游戏,0,-5.471348898128092,-0.0010643026599818084
6a217224ed15bd1e,全员读心：豪门后妈娃综摆烂爆火,4,-14.794122674179171,-0.0666684640357311
c2342064d1c83161,全娱乐圈听我心声，瓜太香了！,4,-21.428969819164834,-0.18096467130675079
cbefa0c109d19c33,全宗都是舔狗，小师妹是真狗,0,-8.803966106871911,0.004012349147003713
89c8b7dff34aa6ab,全宗门都是恋爱脑，唯我是真疯批,3,5.139366153965,0.08673917027865247
688fc4127426446b,全家偷听我心声杀疯了，我负责吃奶,4,-14.19654975195331,0.07886646305727651
3e5e259be3c6639e,全家反派读我心后，人设都崩了,4,-23.168980671554568,0.06199569301866911
825d3b0c86776ae5,全家反派读我心声，集体摆烂吃瓜,0,-3.390304190315071,-0.13317921411683706
8a82ff6a794dcf87,全家反派读我心，假千金被团宠啦,3,-0.7697365346400673,-0.1903310282759961
6d8589af3ec5cc34,全家带凳子吃瓜，真千金爆料啦,4,-18.205598053971578,-0.044215659888367426
5ce197b6f5f8d122,全星际都想让我给他们生崽崽,0,-3.0364681430495892,-0.033323220815175
154b6a9c1f9afd04,全校惊了：冷艳校花成了我的跟班,4,-15.648899847369023,-0.012090888260084282
c288af88d555c809,全民修魔，只有我拥有丧尸世界,4,-15.959622834076704,-0.11823148083019067
6ad81c523601ebd6,全民入侵异界：开局获得仙魔转生池,3,2.9465089408550895,-0.0669110798669805
b994e0798d4be02b,全民兽化：从柳树开始进化,0,-8.798255706220232,0.04292079049189945
833d27d89e5d43d7,全民内卷修仙，我靠摆烂封神！,0,-11.686162439362835,-0.06827609235081253
e3d4f50903d9772f,全民创世：开局绑定神明模拟器,4,-13.15812478283054,-0.0761021501737226
a3e75f3ada5f52d7,全民创世：我创造了至高洪荒！,4,-16.994277128685184,-0.061508724212345406
04ea1bf7b172ae6e,全民创世：我创造了诡异世界,0,-6.08832590476414,0.07588234607897792
281e7c38b3e2a95e,全民副本：我刷满了BOSS好感,3,3.4700931896676224,-0.13207448840243177
0956821d5be5282c,全民原神转职，七圣召唤芙宁娜,4,-16.52637721674175,-0.1025480356143724
4331b0b11f99c936,全民国运：开局选中曹贼卡牌,3,5.470560438927492,-0.07129022650553643
e72fea5f425da0c8,全民婚配：毕业发老婆，玩坏龙娘,7,11.431867815712472,-0.05960930450403132
0192fe149cba472f,全民帝王：我招募的嫦娥刚猛如虎,4,-16.006413807164588,0.0827988472794271
94ecd7f264107d10,全民御兽：我的战宠超厉害,3,6.867291170863041,0.20946979517122158
401774f400f7f66a,全民御兽：我的魅力只针对御兽,6,69.99038473310301,0.0369952359266241
3db447d7f9ae8d60,全民御兽：我，洞察所有进化路线,3,5.752668818007429,-0.20217067698050448
17452bcd4ee2fcf9,全民御兽：戴夫教我培养豌豆射手,3,3.4825108669961367,-0.04874161020824949
cb3b56336448a2d0,全民御灵，我的灵宠是女僵尸,2,110.4877969795529,0.10988318553869554
9186e6362016f263,全民抽卡：开局SSS级震惊国家,0,-3.972288328656518,-0.043427518915928526
dcfe7804cdd2da3d,全民末世垂钓：开局钓到SSS级,0,-5.958532331057164,-0.1413923699808983
31fcaf5bfa85f1ea,全民求生游戏：我在扮演神灵,4,-14.736793220294505,-0.14363976944850496
0081871561d295cb,全民求生：从小木屋开始变强,1,32.16096933569827,0.16201163721817713
8c4d3e1721927f97,全民求生：从食物链低端进化,6,66.7808751871751,0.04485823922762561
797516bf6b606e24,全民神祇：我的眷族越放养越无敌,0,-10.16527745047759,0.07625891900677972
779982885d65e563,全民神袛：我的神域是无尽深渊,3,-1.8445539970247538,-0.030663197193380648
c58d70982c868b27,全民网游开局百倍反伤！,7,11.094125227195498,-0.17444620494594212
cfd12ea6c421b543,全民网游：我靠无限附加特性成神,1,29.411219827807557,-0.16760166939625468
b63b5b0076561687,全民藏宝图，只有我能看到提示,0,-9.973382780891143,0.021842841879835373
32bc524f47674652,全民诸天：开局获得神话大罗道果,7,15.06901675705187,-0.08855040153807817
fefbdbd0e941c7fa,全民转职之我的被动强无敌,0,-2.6541743804159736,-0.07398371164208531
0ff5e3624d4fb7b8,全民转职：我死灵法师，百倍增幅,3,1.280739884886188,-0.18105610485774817
ea3c1ee30f3a7df8,全民转职：我神器词条无限叠加,0,-9.372436732415949,-0.13833304148334993
4cc4af145af1a772,全民领主：变身成为亡灵女王,7,23.210235834098484,-0.11795986908876196
8e8c73f543c225d0,全民领主：唯独我是堕落帝国？,7,9.821866754539187,-0.14656217355991583
aec33279905b2dca,全民领主：我打造了神话天庭！,0,-8.199891767857785,-0.13655822779332052
5dbf95141fe88be6,全民领主：我的领地能无限进化,3,2.1739172994965443,-0.018382828103361504
9aec218bcd3714ae,全民领主：招募黑影，横推无敌！,3,2.339279186672236,-0.12428066280337266
e2229447eee67dd1,全民领主：无敌从召唤女帝开始,4,-14.178544420739122,0.04279728592929882
774de4caeb91c17c,全民领主：让我抽卡？我自己选！,6,82.07746198939826,-0.0021968183771424454
7840885501e5bdf1,全民领主：魅魔城堡的我多子多福,4,-15.372814762771146,-0.05290707314685525
0db4fe4e376e2394,全民魔法师：我是唯一的修仙者,3,8.082110309277773,-0.03111280724484819
0e6ffc0d9fa96136,全民：刚创建学院，被国家盯上了,4,-23.435900965651133,0.09625493002394066
22459e9e5049a9ab,全民：啥？你管GM叫生活职业？,0,-11.772506561742361,-0.01934839787255374
68899259cd84fe87,全民：开局觉醒原罪贪婪,7,14.659754847894924,-0.12814909781334297
cf636c1b30269487,全民：我背诵三千道藏转职天师,6,52.69091602551505,-0.03202707186117851
6d60494b07c117e6,全民：神级死灵，国家带我盗墓！,4,-15.131686040942206,-0.019950418550376686
d03debc75e25d53b,全民：神级选择，开局主神级圣女,3,-2.3629183846752753,-0.036646514287573345
790a6589bb1b823d,全民：让御兽，你养美杜莎女王？,3,0.9808583925754846,-0.07055444286694049
f8d59d4a72642cf4,全民：随机婚配，我能看见提示！,0,-6.316206463438583,-0.07041233497003743
5c0eeb74921f2289,全班都有异能，但我们只想打游戏,7,11.885426095987746,-0.14662573534617437
d1cd57326a29575b,全球偷盗：你管这叫颜值选手,4,-14.43087278027929,-0.1182518814646629
d5b0c4c25ddfe9b7,全球公测：万族降临，我百倍增幅,4,-27.732460595223962,-0.17455311214483307
ef6286ff51c53d20,全球冰封：变身光脚萝莉去流浪,6,86.27752539023153,0.05784341300026219
3978d076478427fa,全球冰封：我在女寝当宿管,0,-12.411537379501286,-0.03422354306705375
dea3ebd7893c0104,全球副本：我的天赋叫风灵月影,3,2.7525923966672536,-0.1949876314184207
efdc81e9f880fc10,全球变异，我在末日异化成神,3,6.434250935885032,-0.046475981861401866
8b4fd0e82fda8198,全球大佬团宠后，小撩精野翻了,4,-18.29943686334454,-0.06908774844893398
435401b4b7e9041d,全球异变：我的守护灵乃大秦始皇,3,7.013185595282046,-0.004877937538851573
17d7d9dbe0a83d05,全球异能：开局觉醒无下限术式,0,-9.129160913966018,-0.007296660808769201
6f7604480d3f0aeb,全球异能：开局觉醒紫霄神雷,0,-7.027255895564792,-0.04997735472872003
bfbd5555c4869cd8,全球御兽：我抓住了系统漏洞,3,6.547268824552518,-0.10024368842289608
5f667f6c6949a5e0,全球御兽：我每天一颗御兽蛋,3,5.7927741961244195,0.04690733695242555
4331057a557dfc5f,全球御兽：我能看见进化路线,3,6.126074932794111,-0.14045899583856838
e48fee610816feae,全球御鬼_我的体内有亿只鬼,4,-19.412588059863598,0.04274034998788387
cb690e45874c1749,全球御鬼：我的体内有亿只鬼,4,-19.408963547553366,0.04010061047153471
0ff1c9df63c20465,全球抢排行，我专属天赋强亿点,0,-9.169577218546493,-0.03449738207296141
56f7518b0e60924a,全球捉迷藏：开局获得作弊模式！,4,-17.61154998521777,0.11678494863924846
ebd52c686bab418c,全球洪荒：我在洪荒称尊做祖,0,-4.831913105578096,-0.13133265625386134
b8d2aaa5e59b59c8,全球游戏：我开挂无敌,3,5.986803413382624,-0.17425105985193287
672681bc1a3fd6ee,全球游戏：我是优雅的谜语人,3,-0.9774021975175913,-0.03801174616935568
e52b9d68482b3e07,全球游戏：这些技能别太荒谬！,0,-5.1833731883919825,0.002685350708535761
6cfa45ea6af5b3b8,全球灾变：开局获得3级文明！,1,44.577460098751715,0.06521643877836708
dc256a4eb73b3435,全球灾变：我召唤无限军团横推万物,4,-21.679980767204285,-0.12381770464363798
02df23a56953c21d,全球畸变：亿兆生命的变异狂潮,3,0.9239507334288461,-0.14998850362875307
061a18e8bb4fd749,全球直播：我在北极打造动物农场,4,-13.762713559242801,-0.10835306533373776
daa242ed4dbcb5e6,全球神祇时代：科技教派崛起,1,43.330083491272916,-0.019834813795854694
f560594d6e014175,全球英雄时代：开局解锁李信面板,4,-18.086206718280156,-0.01930661981143028
9f354f82edc67057,全球觉醒：你管这叫弱鸡召唤师？,0,-10.429588781642757,0.11214743207299298
08e79128a66e825c,全球觉醒：我的天赋无限升级,0,-8.634512106860946,-0.0015800467952155062
29c53cdad02ad43a,全球诡化：从获得天命轮盘开始！,4,-16.79974740012574,0.005744349082066724
a3cb28bd3a8f3c52,全球轮回：爱情公寓传说,4,-12.80424807374985,0.08531150831225412
0c9e340eddc30a46,全球进化：我返祖了盘古！,0,-7.3070980785945,-0.11496014410073344
9fb8e5c4ccdc299a,全球追捕：让你逃亡，你咋还破案,7,20.459540333741842,0.11681018717877363
94ae4aaf7ea79cc6,全球通缉：开局五星级越狱,0,-12.538151494172599,-0.15912135700208077
b996e7c0b97d2658,全球高温：我在末世囤积百亿物资_7255705087882824738,0,-7.245067437409453,-0.03709953712825895
fb1ffef90ca7c2fd,全球高温：我在末世囤积百亿物资,0,-6.2499767527490775,-0.053576527682196146
b04041866bed3dc9,全系元素师：暴戾妖皇是她死对头,3,0.958897689503388,-0.059921886445544886
496dc719a2a18292,全网观众读心声，看我打脸娱乐圈,3,8.784431495234365,-0.1959938417034943
818b21dc1df2fd63,全职剑修,0,-3.4854815321091337,-0.008631755212012093
2c1243ff8544dfa4,全职满级后，我与女诡异比翼齐飞,4,-16.99495043545534,-0.052698786498347555
0320671657619b5a,全贵族学院听我心声后，宠疯我,2,113.9540066816803,0.13014756926239326
5f54fb6723ead7fe,八个姐姐独宠我，全是扶弟狂魔！,4,-13.910482667756497,-0.018455475325359127
992149c104fccd8e,八岁瞎眼圣孙，开局爬出大明皇陵,4,-26.082561469694873,-0.07314954775433538
8142924a8a4f5b2a,八零军婚有双宝：炮灰前妻洗白了,0,-10.292190806216034,0.015982420085301596
4a8275bade6129cf,八零娇妻驭夫有道,0,-4.2765836075414825,-0.02319531705537836
f1c8ce3dbf0bd695,八零漂亮后妈，嫁个厂长养崽崽,7,10.340105493624222,-0.04051860580801511
4ec190cb8b1558af,八零重启：拒绝PUA！只想赚钱,0,-8.23498744762059,0.28251361565454175
5fc4439b0dd4b184,公主快穿，逃不了,3,2.03686757824066,0.14226344531016977
b10465c1612dacad,六年后，大小姐带着系统杀回来了,3,-1.7249950323495824,0.0931071788483647
fa7f671e98ac1677,关于发小变青梅开始攻略我这件事,4,-17.1440626947923,-0.021658796484681914
ae21cf553aeb3a60,关于我同桌是都市传说这档事,0,-5.8330380662747885,-0.11198704411698737
a7503f5da0f9fb90,关于我成为无敌的吸血鬼女仆,3,2.645203995425213,0.025334186350291332
f3c3a9050ac16daa,关于我穿越到崩坏世界的那些事,3,-1.9733174497624688,0.11709420787518778
11ef29e13cd8ab80,关于我穿越后和爱莉的崩坏之旅,3,1.803011231145149,-0.06426103363474142
9053d03090817560,关你屁事，关我屁事,0,-6.052872172092293,-0.0631185626497743
b9755bf738171db3,关灯就睡觉：哈佛医学院高效睡眠指南,7,19.886027199222198,-0.29864779202387925
d640b69177c1e5e4,关键对话,0,-3.13818060503079,-0.17294470564541856
b5e291199fb447b0,其实师尊是我的在逃小夫郎,0,-12.01386676198323,0.023065875578143297
67e24f179f362dfc,典藏华夏：开局对话十大皇帝,0,-12.156337970834574,0.14103352337128364
67e24f179f362dfc,典藏华夏：开局对话十大皇帝,0,-12.155364414090226,0.140984181349105
cdd12a1f429dd813,养个弟弟当明星,3,0.74993602708129,-0.06620986269283644
81c55af6fdd1adf9,养女妖开青楼？这书生不干人事啊,4,-23.658127420396237,0.1423200538840652
0300c2a5516ee052,养猫十余载，收获猫妖老婆,3,1.6802195354818537,0.013025592454218304
80cb6c5a8e3a0851,兽世在逃小娇娇,3,2.4082916763852324,0.04263703285604559
533501de22943cfe,兽人文：我后悔喜欢你了,4,-18.224674066426953,-0.3620237389066362
146e64f62c620614,再战明日之后,7,14.32815245011863,0.0679287085801937
817e47d06c8812f6,再见，寒生,7,11.219684946511428,0.02683173343260567
d95d835207670027,写死我行，巴啦啦能量是什么鬼！,4,-18.12111456781355,-0.3815798780694041
4864146a7d084c86,军婚七零：科研大佬被宠成小娇妻,3,5.078379616339184,-0.04452051334818716
e4b47bd256147769,军婚甜宠：兵哥宠妻无下限,3,-0.5493717343758817,-0.03121519054946717
31115771be866da1,军婚离不了，兵哥追妻太会撩,7,9.732473394851269,-0.05079704672013599
85d42086f64d5077,军嫂俏！军爷糙！八零随军闪了腰,3,1.1385545764130143,-0.022481492072602
4d0d849635b38341,军训第一天，高冷校花给我送水,3,4.363079640514414,-0.0831453849979282
032fac3b2f776450,农家少闲时,5,239.6146718416117,0.40023879274317903
c5286eeaac5acfab,农门帝师的科举之路,0,-6.969828795306952,0.032868671013547374
e9b2fff1b2d8555c,冥想5分钟，等于熟睡一小时,0,-4.579705953281696,-0.3290249139804924
e58a93ed565256bf,冥王叫我去抓鬼，开局就是分尸案,4,-24.39041622853226,0.29373320848125056
b6b9d2e0ab1747fe,冰川撞骄阳,0,-12.207387137360591,0.5908716684580851
1907ca37da4119dc,冰河末世，我囤积了百亿物资,0,-5.277427773100236,-0.019825377264348437
0c1437826203c20a,冰河末世：我抢光千亿超市物资,3,-0.09098089283418886,-0.07576748901362498
df4d81a48af86d58,冰海求生，我跟万物唠嗑搞情报,4,-20.124255733610685,-0.0866465306033222
24d13de034ed7c8e,冲师逆徒！天天想着洞察师尊,4,-23.969491781806916,0.19789214600219743
fafbfecf2117041b,决定摆烂后我成了高武女帝,0,-8.106692911136378,0.02993409685015941
b200ab8f24d13b6e,冷漠妻主一心只想种田,2,126.36203395377125,0.06226110036784177
c000acf3f5bc144e,准备好麻袋，霍爷的小甜宝出门啦,4,-15.18883766250978,-0.06961770324158492
0797c247eb04f330,凋零风暴的明日方舟之旅,0,-12.194087638687588,0.029932029699846097
e1e576d3a0364af4,凡人修仙，自带神器聚宝瓶,7,19.702233595099912,0.04342453108697816
b595756d7fcef413,凡人修仙，谁能比我极阴更阴！,7,19.32283042264475,-0.05843766652878704
dc44e4f3d99b1d04,凡人飞仙,0,-11.02509660560925,0.10699484171487442
d03bed7e0f9c1580,凡骨,0,-9.313236045896922,0.022984560262894527
4775184caf4ee6c0,凡骨_7077516958534470656.1,0,-9.360446234916779,0.022061104595857944
d03bed7e0f9c1580,凡骨,0,-9.617335425433836,0.018074160830240688
ecba68d88a3c6cc6,凶犯演太好，特警问我蹲过几年,0,-8.725698219868626,-0.10203447467738472
54502cd4cdb98f5b,凹凸世界之我是金的哥哥,0,-4.054746181739162,-0.11828175569575253
d03766567e30608b,出场就是s级异能觉醒者,7,13.864352682684803,0.018562540112968623
b94467c129b74c76,出狱后，我娶了黑道公主,0,-6.582496874932396,0.024253541623619923
8317b4353a4d10ce,出精神病院后，沙雕真千金爆红了,4,-23.108424136223277,0.08460005224567654
2bc5838d9630be9d,出马仙往事,7,13.040063031901745,-0.021162630529210302
7b0669708202cfe4,刀不语,0,-10.671735354058818,0.09588991150819569
f4f2fc7a449c8f7f,刀剑神皇,0,-3.4225393461686764,-0.057290364452692394
29d8e71db1dd5ce5,刀剑问心,7,16.952064256125347,-0.010170237121617381
40124ba5bdad3827,分手你提的，我京少身份曝光哭啥,0,-5.690675044818825,-0.0448042342404599
02981bc465aedd0f,分手你提的，青梅校花追我你哭啥,0,-3.5434416078734756,-0.06213985371281641
b24153e47052e6e0,分手后我怀了大佬的崽,3,-2.0647157699874086,-0.13870474055751872
b43f343d722ed786,分手后腹黑年下她总在强制爱,7,12.689981805018746,0.10492670031232225
c29c39cfda9e6cdb,分手后，我嫁给了前男友的小叔,3,3.3159492491035323,0.03424275556003328
2b280b1e62bacf37,分手后，我嫁给了前男友的死对头,0,-2.7142288220526964,-0.07936199319515172
964627030fcc74af,分手后，豪门掌权人把我宠上天,0,-6.746355894777615,-0.06648564897089168
0a8069a0a55759d4,刑啊！蹭我wifi，还剪我网线,4,-21.359341716012384,0.006983594498451484
ec089f57fa247d1b,刑法中的同意制度：从性侵犯罪谈起,7,14.137652892382768,-0.23084318009861968
e50171b1c6155760,刑法学总论,7,16.292993097773262,-0.3349370352719999
d369eebc37007521,刑法学讲义,7,24.538262287171264,-0.1777138712802683
f4b9f2a3e7ddf0c7,刑罚的历史,3,3.446677531905067,-0.057025077388868
7d5f3c8fff6d9a85,刚下山就被女神骗去领证了_7111596735448747041,4,-15.832930220656841,0.16986172696900445
782e204ff032cc58,刚下山就被女神骗去领证了,4,-15.832930220656841,0.16986172696900445
ad120aeb78e83bcc,刚入职反扒队，抓了A级通缉犯,4,-22.196698680157873,-0.10483314840064026
510d0247d21f797c,刚准备无敌，女帝逆推我！,4,-23.16227990755484,-0.04712406069623429
116b639ff57b01df,刚变吸血鬼，就被校花学姐抓回家,0,-5.075958765359907,-0.0652317930298518
b8108dd0f586e7fa,刚变身萝莉，被邮寄到病娇校花家,4,-22.58101225665726,-0.005374348276409924
20ee49c2b8da22da,刚和女帝分手，踩死蚂蚁升级了,4,-15.281609573288076,-0.07884369428783058
db9bcb054881dd19,刚开学，我和高冷校花领证了,4,-16.5865851082381,0.1747230300795039
c6309cb101dff439,刚开学，我拒绝前世校花老婆表白,4,-13.826358337148775,-0.023282293042788643
f24b50d27bc03442,刚成S级诡异，校花就要收容我？,3,5.949927453381861,0.0050153162951329655
563867866ec3226e,刚成御兽：开局被高冷校花契约,0,-4.525864010150748,-0.07272653703134122
9bcc1a093f908e16,刚毕业，校花就让我当奶爸,7,10.232371091791286,0.13005096756073986
b8865ceea4f0a9ba,刚穿越就和大明星结婚了,7,21.48016359782119,-0.033024757129147125
9361de8159d91ea8,刚背熟剧情，你告诉我换剧本了？,4,-14.695665946073074,0.095523369732371
cf39bee0fb3f567e,刚重生，兄控妹妹在我怀中,0,-6.4925000196737415,-0.09166280224928616
0730933cd00081f4,刚重生，我就和高冷美校花追尾了,3,1.731162046661403,-0.04875259096802151
2b8881c61237c375,创世游戏反馈现实：我氪金百亿,3,5.393188860762152,-0.21500015932733588
98d1ea5d4534d9b6,别人中间商赚差价，你卖军火？,4,-26.36328041980915,0.1857738133999356
3302b7f24a050de2,别人修仙她发癫，无敌尽头是考编,4,-15.06761858911586,0.10762241202507387
d41e9f05f4fca40e,别人修仙我修命，女主也没我命硬,3,0.38692852737157324,0.10949393863957346
110e6bf711d85893,别人朝我扔泥巴，躺下讹他三万八,4,-25.833878586604094,0.036164245536486256
a53c21b5de0a93fe,别人看不见的老婆,3,8.013526766827574,0.023279099246158536
1173730d80f244eb,别卷啦！隔壁仙门都上四休三啦,3,8.776442278298788,0.11971422813442485
f522d075fc28b77e,别叫我恶魔,0,-12.309073969805592,0.09727902745530355
ea3e05abe516131b,别和我撒娇,3,-0.47055862876258203,-0.11931602353026058
8bcfa9d67bb2b42f,别在吃苦的年纪选择安逸,0,-4.567284462127333,-0.1996879005225505
9be706466a0af5eb,别太离谱！替身八年告诉我穿错书,0,-6.842986068358044,-0.10132875446353032
82c1490fc6d0550b,别惹我，我有病，发起疯来不要命,3,-1.1653328240801741,-0.08560186279594026
1d1a29a1b9f9062e,别求我原谅，我只想从容赴死,3,4.785296111164463,-0.12690068920795974
aa4039b61b2952d0,别看了，这个女主真的有病,4,-13.28378811260248,-0.10186120565404058
76d5437919d05410,别跑了，这里到处是怪物,3,1.7691718772652507,-0.011154585683507773
d519094f5f1a2d18,制霸异界的被动怪,0,-9.286194736429124,0.008489106256054813
8a2b7c53b9084e02,前世今生被曝光，我和女帝五世缘,3,-2.143877613869982,-0.10223621414784348
89d2afa0a0d6c8fc,前女友订婚，我一首嘉宾重返歌坛,4,-14.440234691664262,0.0030605035933175817
503961353bb58b79,剑无煞,4,-12.97745685667308,0.08075318948803012
4c4dde211be49e48,剑有惊蛰,0,-9.80917962990911,0.15095506221516017
faca4ede56b04eee,剑豪，但是开局被病娇缠身,4,-29.29489351104713,-0.08885848981810926
010ebf639f439038,剑道，赘婿，开局跪下求她别退婚,4,-18.083876411566894,-0.008720043429060409
95e98fae59908af0,剑酒,0,-2.7290229823397567,-0.0912682520941501
d8ead420efb5c4c8,动物的社会行为,3,-0.4505396476497765,-0.3110854037466597
87aa289c2c4d7bc3,劫天运,7,16.035462424552705,0.14666370114638483
5000282265eec844,劲爆！恶毒男配竟靠女装拿捏反派,7,11.11195411946045,-0.11059546534772344
44318ddee1f21b7c,勤能补拙：开局补足个天灵根,3,0.7904770523740154,-0.06899720127599931
3c4fff5782234d03,勾吻,4,-15.493625698929964,-0.1148879802134102
27b005aa7ead673e,勾她身诱她心！腹黑世子不好惹,7,17.609946308702995,0.034373412972689504
841ddd5d57148f9f,勾引ta,0,-3.1121372393726645,-0.07374936959558823
d734ac70006ae0e3,勾心,1,29.283095894007232,-0.03228653009430124
24c9a5aeae2a6410,勾搭疯批师弟后，我竟成了万人迷,0,-5.323986139921864,-0.10423687510322086
5ddd7e09568755a7,包工头如何做好顶流的公开女友,0,-6.250085048202756,0.007978371490081237
b31ebb502c31ac9c,北派盗墓笔记,4,-14.639545694090128,0.0912346160214135
748b174820fc57cd,北狱狂龙,3,-2.301580560071649,0.03649553655021817
76152cb794d79a1a,北王狂刀,0,-5.693289831300653,-0.11012911781862414
6f0ec4f312c7b6dc,匹夫驾到,3,3.810179015583614,0.02116386214284266
4510582f6e996221,医士无双：从急诊实习开始,4,-18.29337531688709,0.11240793301854157
05a3c74ed14b0b18,医妃权倾天下,7,11.61654045261919,-0.056267459787589263
05156854c22aa3b4,医道官途，从省保健局崛起！,7,17.862878699606966,-0.0028831622771038623
f50783b273b8808f,十万死刑犯，厮杀迷雾岛！,0,-10.5256098050872,0.08756244742877042
da60ae2e6acc03be,十世求仙,7,15.223536952558064,-0.06939280787370519
c9648fd830f821e6,十四年猎诡人,1,27.031992111299857,-0.2819191014418251
985a9a9ad65aad01,十宗罪前传,7,9.503938713743423,-0.1262394286103605
7f0a43e9e9eb495b,十年网友竟然是国民妹妹,0,-7.84583468954478,-0.05074063609022619
da25bd9af5272fe0,十日终焉,0,-10.884428013388138,0.1607992498283322
da25bd9af5272fe0,十日终焉,0,-11.111923793772348,0.1937985853324044
d08ddb624fab979b,千朵桃花一世开,7,19.871144431642975,0.04057953754001151
8743a4985b5e16eb,千金归来：我的格局是祖国,4,-15.14015736372992,-0.05354266920288489
5a22b429b0bed88e,半夜执勤，被上错车的女神强吻了,0,-8.958606645867874,0.08381940785495867
7531b5f71c64adb0,半截入土，系统让我开枝散叶,3,5.443381815940263,-0.09427431583509485
378fcd843d619400,半疯社畜：别人无限逃生，我追爱,6,56.909094833319344,0.01971548555126243
10562e1677597e70,南派盗墓往事,7,19.806700364146018,-0.02779149776034978
923949491f8e2895,南风知我意,7,15.35645921997746,-0.06449030633440042
8f13aa2d321dfae7,博弈论的诡计大全集,3,8.41776806264717,-0.2185074886786962
0261ace571c61ec5,占有欲强：偏执总裁的私有小娇妻,0,-3.3218556116208333,-0.09602205303808123
a971ece3cbc30274,占领异星从挖矿开始,0,-9.529742202406595,0.12936364600327913
d4d7bf7df581deb3,卡牌末世之复仇的疯子,7,18.794982746981,-0.15545641131065688
81ba9ae5e9332fed,卡牌：开局大宝万军取首，蒸！,4,-13.669205394496899,0.027020267306126167
f644ed389d47b064,卧底,0,-8.142925534528395,-0.15719400711327478
f2b2ffbf7d2ea10d,卧底十年，女帝武曌向我表白,6,52.44341015894369,0.03370470990932081
101d554740d41c62,卧底？三年又三年我成了魔道掌教,3,6.618978264019134,0.03835841012515778
ff059f660940231f,卷王小师妹修仙界第一难杀,4,-13.211586633589992,0.03328704212803987
60356328f077e237,卿乃朝朝暮暮,4,-22.20596308395908,-0.05859862085326603
987ca88252a62323,卿是朝朝暮暮,7,9.467062412073844,0.0939308040914352
a56b3bd1b8856e5b,厄运缠身，国家求我去小樱花旅游,7,23.767027842631947,0.07576495534236063
cda4940a46baf2bd,历史曝光电台：九个皇帝都自闭了,0,-8.120033331066288,-0.14022156329460692
28b6eb707af80c55,历史：刷视频吐槽历朝历代,4,-20.21476490149535,-0.14749434924836816
ddbdf47abbf63fe1,厉总，夫人她罪不至死,7,19.77612665452302,-0.02742673373887125
6d90be13673b0bc0,原来你是这样的林秘书,0,-6.318500106933151,0.06459054805719186
dfbba873518fb2bb,原来月亮先动心,4,-19.411011588986117,0.03909397573536366
3189b4d4a37378ef,原神之开局成为雷电将军贴身忍者,1,33.1697615020817,-0.030416500169821475
84a9133b832926aa,原神之往生堂赘婿,0,-12.33549390608335,0.03673258732940485
660d55cc104703fc,原神之我为乐子神,7,10.236904492946593,0.2565267188238306
cfa893f936db3881,原神之我是至冬使节,7,24.326715913426284,-0.11130995911690325
e4f24a8a37fcd9dc,原神之旅行者在漫威,0,-11.97854544599976,0.05715900061241333
fe788eee4973d8de,原神之枫宝在上,6,57.813248076893515,0.0785554894322763
1505c68db10a5470,原神从独眼小宝开始,7,23.77357357082579,0.055081347501787475
a770782d05dd7f9e,原神名场面挑战，我在雷电影怀里,4,-24.871168701299922,-0.10074451243924551
6a3aa144e538ea8e,原神开局觉醒最强反骨系统,3,4.484118319021604,0.10071510395503665
184d484301d633bb,原神聊天群千年仇恨，只为今朝！,0,-9.29496390312844,-0.059752626614434784
aa2a5ddc05880bc9,原神聊天群，开局剧透温迪是风神,4,-16.949372126507317,-0.14370738991356444
a4ca5e0b4a034246,原神芙宁娜：不当神的新日子,0,-3.9075080817490075,-0.02859687067435626
3ac637861fd01d55,原神降临：开局狂囤千万原石,3,-2.086993722040205,-0.004351218796418199
f98a9fceca7252ac,原神！家姐凝光，想给她们一个家,3,3.31168915278581,-0.05444298696043856
9ed27cb6e82bc6a3,原神，在提瓦特宣传崩坏三,3,3.6099744030174605,0.026661017396914205
70d0c42325f86f12,原神，愚人众零席执行官,3,-2.235832287133107,0.10691658046429363
6b9aee61dce3dce3,原神，我死后，水神芙芙抱憾终身,4,-15.27923087815979,-0.09043844249476943
2eafbd56ad164e54,原神：两个空的不同旅程,6,72.0608098529966,0.2088605457820036
d960a345068bfe9b,原神：九世轮回，我经历无数磨损,3,-0.3882548053331263,-0.008997770487898737
28bc3d1ccdebdc76,原神：人体九大系统，无限可能,0,-7.495616788822275,0.08514685785112003
21a7278c229cdd50,原神：人刚入土，就被胡桃刨出来,0,-3.095508792055128,0.030621914241927034
439fa4fe2c3eeb3d,原神：人在往生堂，常做阴间事,0,-4.852264041439646,-0.0436221888346324
ed4ed26a30db86f0,原神：人在提瓦特，垂钓成神,4,-13.594853044230913,0.1359861088644621
db79ba40e9c241a9,原神：人在提瓦特，贴贴就能变强,4,-17.52671439443371,-0.15496414777598358
7d308d63597eea87,原神：人在稻妻，刚刚遇见神里,0,-8.17735355815401,-0.07545047378424277
4b34283bfd0d2ac5,原神：从捡到小荧妹开始崩坏,7,22.52563343958643,0.014206260485404465
83d25495b2cb1f1d,原神：从魔神战争开始旅行,0,-4.110753912235616,0.01278607296093176
79bafd57f3a7a853,原神：以龙王之格，审判天理,0,-8.082405855015907,0.02063106584878821
1d1977764c24cb25,原神：众水女王的归来,0,-11.957030621345428,0.18212985517036898
f43520c492403b09,原神：入赘枫丹被娜维娅偷听心声,3,1.4600366643809224,0.02030387134758138
7dc693d0ce5d1ccf,原神：具现之魔神！,7,16.610846911507387,-0.09109000626698291
ebfce8e4d8d6faf5,原神：凝光还是小可怜，被我投资,7,23.39310934457825,0.024238486505188617
951a18ac5129f7ac,原神：华夏历史体验，震撼提瓦特,4,-23.824328294529487,-0.03315098389188423
506fc76308a0dfb3,原神：变成傻芙芙，我只想看乐子,0,-4.576580292858473,-0.018339615702242323
4fc795b061f1c3d8,原神：在赛博版提瓦特的生存日记,0,-4.108573370913476,-0.03463214400377437
4f8975ec19e31236,原神：她好笨蛋我好喜欢,4,-13.851558746670072,0.15749486321830194
1a427ea67207cc5c,原神：巡查官的职责就是吃瓜,7,19.095436392781394,0.009442011103253323
a205c96d92e4fa71,原神：帝君退位后，我执掌璃月,7,14.528491237076764,-0.03439448510764956
48d02138ec280b17,原神：平平无奇文化人,4,-13.288584425304915,0.04178656666713282
3d73be9ffec11c21,原神：开局吾以遮天法正道,0,-4.1869111380038575,-0.09068398010754322
d2671a3adc6dde72,原神：开局天理，我加入了聊天群,4,-21.256393177298122,-0.04542102799501088
d1b734d04c93e79c,原神：开局婚约神里绫华,0,-7.951273039905686,-0.017786842599070735
ecdbf4ad614c4439,原神：开局强吻天理,4,-18.076229270139834,-0.11517246989629157
aeee5c4d48c4a218,原神：开局成为璃月阴阳两仪仙君,4,-19.7886906264294,0.11132564869793188
c29b6eaba89ccb8b,原神：开局我就无敌了，硬刚天理,4,-16.897905705317395,-0.12897918016432555
f726284e90627d3f,原神：开局扮演宇智波斑,0,-6.053477624007243,-0.02483231522110288
887e0570000ae38d,原神：开局盘点水神,4,-24.476565407387675,0.11575890450711376
03778ede204186f1,原神：开局神里绫华到我家,3,0.40591440733008,-0.13144951186017947
f43f4fc21d749460,原神：开局纯度直接拉满,0,-7.018292168731932,0.0015735663652889642
abdabbcbdccbc387,原神：开局获得萌王史莱姆面板,3,7.337618979495701,-0.02618216027168599
70a734c14d501c83,原神：开局被派蒙钓起来,4,-18.734889421833984,0.10532617947772888
9147acafca444f8f,原神：开局被病娇影绑架,7,13.78055968475077,-0.06369087352779548
a1f1d174036c42dc,原神：开局被闲云师傅赶下山,0,-7.915823559834742,-0.07129654532121973
41e7d8493cc0309d,原神：开局转生大慈树王重回王座,0,-4.971652148661654,0.1911616168282417
14ca08e91f4a45d6,原神：往生堂的魔神回收专家,0,-10.726958254829874,0.12365513334714204
8b4b38d9f94ece35,原神：往生堂破产，我拍电影赚钱,4,-12.871446949756738,0.018619400772374423
8d7fbe30018cca6c,原神：我与烟绯同行,3,2.126955225982755,-0.04082139287792111
f009c4a321a1a6d5,原神：我为天理，手搓虚假之天,0,-9.448204104503176,0.036797717704840915
3eb00ec961240ce8,原神：我卖个教材，你七神都来？,4,-17.96345095387703,0.08297984926901034
aa8e7180794f227c,原神：我南宫问雅，摸谁谁傻,3,4.4918706133216375,-0.008230130163954158
9dd85298af98c62a,原神：我只是个会复活的普通人,4,-13.639674279505734,0.17419237815416574
2b2d78d3461bfc64,原神：我和谁都五五开,4,-19.621271121089126,0.061284335990425515
fde7f7c7ee10f56e,原神：我在天守阁做饭,0,-8.294930217897011,-0.029360563198805423
58bf3c5684d49a2a,原神：我在提瓦特大陆吃软饭,4,-13.279904503485497,0.029380573408049532
d41d30eb441d1042,原神：我在提瓦特摆地摊！,4,-17.220686499405822,0.020784741586299754
0bc5fdd262da9c36,原神：我在须弥尊皇讨奸清君侧,4,-13.8771279137402,0.02238825196577815
d122f580c1a73e0e,原神：我天理身份藏不住了,0,-7.774131924047396,-0.05234774635710834
9aa2a83abaa8ac18,原神：我家狐狸竟是八重神子,0,-12.147799710386764,0.06953841236048086
caf4e92cd9ea5d8e,原神：我居然是愚人众第六席,1,31.851548362321793,0.04025386790517335
8a9e6c9d4c3516e8,原神：我成为了原神角色,0,-4.449653532919612,-0.10986792038112855
6d361e01356bbf5a,原神：我成为里面角色,4,-22.829717138807755,0.03682714298296949
da947a90b1ff661c,原神：我是往生堂第七十七代堂主,4,-15.429396826600858,-0.0010287850134970966
145ac589060af2f6,原神：我有一家小店,4,-14.765865481955263,0.018779120789059772
d4573f11588bbdc4,原神：我的姐姐叫九条裟罗,7,16.393670461802948,0.5428563214119706
3ca788cb54cb2f79,原神：我的老婆竟然是宫司大人,0,-10.439513688780032,-0.022348406906763374
0d18559559d5e3af,原神：我的轻小说看哭刻晴,3,7.783662646717488,-0.1098405956329335
245a9068847fcf6c,原神：我真不是执行官啊,6,73.29563728477275,0.055201128063100374
69c0fda581b66c75,原神：我真的不是什么魔神转世！,6,56.78961738064693,0.02526393757328338
6e78a4889214a8f4,原神：我真的只是个平凡的执行官,3,-0.32667064468519413,0.01253580958268602
3dadbfa803ed7a55,原神：我转生成了世界树,3,1.8294381983646701,-0.05649154660000813
103041abe65503ef,原神：我转生成了九尾仙狐,4,-13.311547286970445,0.20767578202172196
1e84109f4053d3a0,原神：我转生成了艾琳,0,-3.171853737891226,-0.04028878996177379
959373bcc022ffec,原神：我，穿成了我最讨厌的角色,5,231.4240843837503,0.35362286972641865
50fea307f222d8e7,原神：我，草神眷属，是个好人,0,-11.953936125824555,0.1062747778732654
ca3d654a358f3bfd,原神：手持军火闯荡提瓦特,0,-5.939331357292296,-0.026659789018579516
798a99b05497132e,原神：执掌神君，与少女携手同行,3,4.2786803565539415,-0.11962385908361936
772ff13b76a34aac,原神：扮演角色暴露，我选择摆烂,3,-0.4332742773820044,-0.028658290144274817
af52f3f3c29662cd,原神：拜入仙门和申鹤一起长大,3,6.26911948513353,-0.004755509861929685
78f4af8064501d43,原神：海的君主，水的眷属！,0,-10.135235677576752,0.052047219358451746
c5a40a3747be4cfc,原神：璃月港说书，胡桃泪目,0,-4.374803652543434,-0.045558496141698684
d08bd67ff7d2d1e8,原神：甘雨开局喂我喝椰奶,3,1.11756931402752,-0.06961835788484247
29d89b21ece2417e,原神：病娇雷神在我班上,3,-0.9836277950738292,-0.029025946849988216
882ca6e4b7f726ed,原神：直播问答，开局凝光穿黑丝,4,-17.376890039856466,-0.21714836245124766
9f770ee5066eace4,原神：短视频席卷提瓦特众人皆叹,4,-27.301171097728144,-0.09752350977454047
99b5040a012bc5a9,原神：神之眼再度亮起,0,-6.041954107022313,-0.0567232764653289
1cdf21416fe94ed4,原神：离开暗之外海遇到雷电将军,3,1.2182266367879393,-0.04955709363487512
0cfc18c37cf220b0,原神：穿越原神，但抽卡原魔,0,-8.254253073019946,-0.10555155446307526
f09d61718e4ddad5,原神：穿越后我是提瓦特灾神,4,-16.198245113885953,0.006541610811993587
11a1d8e88e42ce6d,原神：穿越提瓦特但是是诡异世界,3,-0.5986137073478943,-0.0036123651705795568
efc380c8d7ab9864,原神：纳西妲被我养成了病娇,3,7.440667653998361,0.043429003471040145
4c44ef4bf75c8599,原神：终焉降临，开局吓哭芙宁娜,1,41.213113978440106,0.02551173761867745
5991184f560ddfe3,原神：胡桃从游戏里出来了怎么办,4,-26.698073950772134,0.03306253054662134
7b69383d56ca82d7,原神：至冬执行官的我被迫营业,0,-9.514756817593238,0.06220681647778745
54d627e7216a33d5,原神：芙宁娜女士，不要来烦我了,0,-2.6780189559028074,-0.03939871595265451
ee1653baeeae83b5,原神：芙宁娜女士，就由我来守护,7,15.357316488323903,-0.021643370720542093
a846c5b30e059cc2,原神：英桀附身的我穿越提瓦特,4,-18.32658517716501,0.16534433860016834
5c1adced0759d071,原神：落水的我被神子捡回家,4,-17.37412399874667,0.06038045300520978
fe0a1b0a894eb0c7,原神：被全世界误会后去养草神,7,10.977188702076923,-0.051339619642964324
617488feade98a38,原神：被芙芙捡到的神明,3,2.5519653142422527,0.003726377287770588
798989559b80d76e,原神：请叫我元首,4,-15.804046468852441,-0.0772273428064367
a65a27db3d3403aa,原神：趁神子青涩，拐回去当老婆,0,-5.371299953587275,-0.08784594850872138
73d617164540110b,原神：身为执行官，前往稻妻和亲,3,3.810495710741243,0.03685796471652558
37321d7dec2e36c0,原神：转世魔神，角色好感度全满,3,0.2918913611232412,0.06904454549045932
d00cc34b2764b1a4,原神：这个见习执行官太屑了,4,-23.62507462685005,-0.02888960525722667
09d1404b363778ca,原神：钟离是我爹，天理得敬烟,0,-4.082240957354756,0.01767555453553646
6cec9cfbaa621c1e,原神：震惊！名场面被我曝光了,4,-23.017289539280352,0.06589333449959794
831a7ffff8300990,原神：靠捡属性，我成为第八神！,3,4.773947212632372,-0.029742169921067457
14b962ddcbbf0cf6,参加恋综，你把国民女儿拐跑了？,0,-6.2580481124475895,-0.08059646533904832
64d137e96782e7fc,参加综艺：一首海底致郁全网！,4,-13.901386897985628,-0.06310284808307062
56954e500800edd8,又遇见学姐了怎么办,4,-15.745592075981286,0.04739437019585846
c0690d3d7bb4dad7,双生神级武魂，震惊妖帝老婆！,4,-17.68013764286,-0.009168744767273224
c9d3b9f2473ff182,双穿书：奶凶蛇皇哭着命令我吻他,3,2.255088540039445,-0.045088261418164716
47e574408157bbc0,反向攻略：她比反派还反派,0,-4.218428942648181,-0.2779739305055592
5eee485b9ab244da,反派你别太爱我，我只是个炮灰！,0,-5.0411992596183595,-0.09498013555998039
36df7d852e6ca9c6,反派听我吃瓜心声后，集体崩溃了,3,1.5290226557684434,-0.055205595430647875
324a3dbbfae849a6,反派垂死挣扎，我真不是你男朋友,3,7.168732703639613,-0.16745506126076024
43629164bfbee1ce,反派大佬们听我心声后，人设崩了,0,-12.053148951321589,-0.20797230664862862
d442644e56705ada,反派大佬黑化倒计时，宿主快拯救,4,-18.20242171938077,0.0014557217714351312
f3b9be5056ec8088,反派大小姐在贵族学院狠狠学习,7,16.208615159726314,-0.0521913125553444
3d629641cdd413e7,反派她以美貌杀人,3,-0.39970768381568433,0.050177026317297035
1be13e09a26f403e,反派她养歪了天道宠儿,7,15.805602960149997,-0.06788284459864616
16c72c4fd73615c4,反派完美开局：系统是个大美女！,4,-19.685001043857564,0.03782681926150239
d9a940d765bb60b9,反派少爷放弃后，女主们接连上门,6,61.365374831800395,-0.018727240414084384
b02d4d334e4febe6,反派师尊记忆曝光，女帝徒弟泪崩,1,43.568539328376815,-0.09016268296528993
3d0d09c99042a334,反派摆烂后，女主为我病娇成舔狗,7,14.667251694076967,0.10897054020291515
b33b028d2982ce38,反派杂鱼的我不想被美少女逼婚,0,-7.827752205063248,0.011745627349057985
252a585aba48d06d,反派穿书：女主听到心声都反了,7,21.98156896904878,-0.08098370855900175
38ab66ef787fd570,反派签到：我抢走了主角师傅,4,-15.468051780165624,0.078860742006576
2b3b19da2ea9954e,反派虫神是恋爱脑,1,28.31174363656517,-0.03948362498509897
dcb8d541f0ac5fea,反派重生后把我变成了女孩子,0,-7.971777245580213,-0.037287936857026
46ae97cd9bed1282,反派领主：玩家和主角都想刀我,7,10.328162121716893,-0.06066786335646859
1cc16062bad5dac0,反派魔尊：女弟子都是冲师逆徒,1,35.586583634063686,-0.12420833635952824
7eda0b2a4e0e442a,反派：临死前，强吻了师尊,0,-11.709864512402522,-0.0626153248829838
e33df5ca3a6068ff,反派：为了活命，我黑了主神系统,0,-11.430450009996772,-0.11513187854895687
e2ac3bb80d5dd9f7,反派：从良后，女主们追悔莫及,4,-14.785918341192218,0.1478479201010579
f72fd3f1020bbec7,反派：从黑月光魔女妹妹开始,3,-1.7937070185444668,-0.07395136571557229
82026e2ae6228626,反派：冷艳校花竟对我图谋不轨,3,5.179426271972758,-0.08141353640457041
9b41638834aa3376,反派：回到女主黑化前，求我善良,4,-12.608447336522424,0.20866931335142294
fb1f7afc9ec5af78,反派：圣女，你也不想宗门被灭吧,7,21.219615983511815,-0.05634412683974563
ebeca9120eb5ec76,反派：多子多福，女主们崩坏了,3,-0.04037034434198716,-0.1528883767586339
060e7e8a7937fba6,反派：女主偷听我心声人设崩了,1,29.572375162217398,0.019806188734598412
acb505bb439c7b7e,反派：女孩子也能碾压主角,3,8.212643593434564,-0.028632954894202783
bdac66726673f31a,反派：女帝师尊中毒，逆徒狂喜,4,-16.752452633681678,-0.11447224858497176
96c66cca49da3db3,反派：女帝退婚，重生的我乐疯了,0,-3.0431306353078114,-0.023908052912511663
27fd4624d19cedcd,反派：小丧尸，再啃就不礼貌了,3,-1.950820693120484,-0.11377160511267378
36065dfd88b7aaf2,反派：师尊师姐求你们了,4,-14.039476905086616,0.11903383815188558
17f479e1a719ffa4,反派：开局刀剜女主灵瞳,0,-8.96678723767755,0.07499236280644053
133154cc99c4cd8a,反派：开局复仇主角妹妹,1,43.12327329029961,-0.07460609136739013
dbda40800c2d6192,反派：开局夺取萝莉剑灵,3,-2.206104575397042,-0.054175716445211325
9c5a359c1bd3c076,反派：开局拿下第一女主,4,-14.247543080713665,0.04690934225018656
98840ca007c9fdbd,反派：开局拿下第一女主！,0,-6.114268134218236,-0.15475684822790034
25987a486f011067,反派：开局校花女神硬喂我吃软饭,4,-17.603604576698384,-0.0702894989584126
51d8874c50a9c248,反派：开局被主角妈妈暗恋,7,9.26814532254064,0.05242784003765197
b99c338a1bf03912,反派：开局退婚了气运女主,7,21.287329637337663,-0.047145800560191437
754786a1cce50ae7,反派：开局黑化主角绝美师姐,0,-8.963017238378526,-0.24860074055584927
9fcde18617884a09,反派：我出生那天，十大女帝登门,3,-0.3168198507428883,-0.06716190375588685
93bbe58b8b0caad6,反派：我只是想当个二世祖啊,0,-11.2908524593322,-0.020714031142178457
e6fa18a973157164,反派：我师妹全是黑化女帝,7,10.35702855231466,-0.06051794527632395
53cc6441c57f5741,反派：我收女徒弟多子多福就变强,7,9.76495819905169,-0.10185523844337305
e6a06e8632b1746c,反派：我的弟弟是天选之子,0,-9.309768755604921,-0.035692957392064656
f80cd07a14c7ff46,反派：我的病娇徒弟对我图谋不轨,4,-18.37757460090842,0.10765666682499477
18c07ff98098f486,反派：我越浪越强，震惊女主,4,-12.764035083005943,-0.039089992404329726
e920503b3a3be148,反派：撞破师尊女儿身，逆徒狂喜,4,-14.369331327616017,-0.020602972045238005
d9215839c1d85721,反派：曹恶獠，开局逆反天命女帝,0,-10.553709038348494,-0.0026616643890523817
d37a4dee795dc55a,反派：杀女证道后女主人设全崩了,4,-13.647867891225996,-0.1068847031131411
ca56d4b2f4d92b00,反派：查看剧本，从养成女帝开始,4,-13.561189977341488,-0.02267642611791018
dadc3f50c458af6f,反派：矜持点，你们可是女主啊,3,2.2312940301652375,-0.13577533901076602
ae72060136e63aa5,反派：禁区帝子！沉睡万年破神源,4,-13.55951831527295,-0.045585938217282324
36da43c037c565ed,反派：萝莉主角竟是我的头号舔狗,3,3.206198951911901,0.026278103428939603
74033f06878cefc4,反派：被渣女主们全是病娇,0,-10.854682428259629,-0.015486712343568493
d7623c94d65064bd,反派：记忆曝光，女主为我痛哭,0,-11.44826373573051,-0.0008794284939593888
118893e9fd7a132f,反派：记忆曝光，女主跪求我原谅,7,16.030405358526224,-0.07482266467930457
909e96c61bab611d,反派：谁说我是来退婚的？,7,12.203348310676361,-0.05209910835161999
69bb5394b2301940,反派：赘婿被休，我反手迎娶病娇,0,-12.019264359322538,-0.010710450053445258
eecbc89f47aa4b9a,反派：轮回九世，女主跪求原谅,6,56.2528168145719,0.08367726764433056
30fb59f3243cb8dd,反派：轮回曝光，女主集体哭求我原谅,0,-6.141145072933739,-0.09542801675867799
8cda50a940459582,反派：迎娶九大女帝，女主悔了？,4,-20.158496422701873,-0.0807876047798943
f9f48952a2d798b2,反派：迎娶植物人女主，疯狂贴贴,4,-16.304950138728017,-0.02635411996438164
592185dac3181aad,反派：迎娶盲人未婚妻，疯狂恩爱,0,-12.524589833290626,0.7540701685061744
bbba98ccde288fb8,反派：退婚你提的，现在你哭什么,0,-6.5838253167169185,-0.11592393085114003
19d7d5febbb934f6,反派？主角都是我的结拜兄弟！,4,-18.65669607999625,-0.06954722440944058
b4a9acc4d0617a3a,反穿，宵宫来到我身边,0,-12.068244606590593,-0.135187269704267
32a22537e187bdf3,反穿：我家巴尔本来就可爱,3,7.184996746481623,-0.03618793950603125
c4797c94a3398949,发现校花是狐妖后，她邀请我同居,0,-9.090184704918798,0.029590570840374336
0781dfde9c6cb5bd,发疯摆烂上恋综，嘴在前飞脑狂追,4,-21.916082543203476,0.017304134645999864
da5974f656d7c07b,变为美少女什么的无所谓啦,3,-0.02927327326023743,0.08500599017899252
836c2cfd3edb8d1e,变废为宝：开局捡到假死美杜莎,3,4.939364221311884,-0.0776643155831401
3629d81e1a966769,变成丧尸我学习母猪的产后护理,7,21.378067450332864,-0.09741905723191538
c5c4567c8983c2de,变成克拉拉的我在规则怪谈横行！,0,-2.766372928406305,-0.20287945672536542
092aaa52dfed9bfc,变成刀娘的我开了一所怪谈事务所,0,-11.850164560888551,-0.008759743424443162
1432cd60f2724267,变成女孩子后我成为了龙族公主,4,-21.737109081677836,0.23310291404024538
ff203368e3a45a5f,变成女孩子在惊悚世界不想再社恐,4,-13.526419432829567,0.05082423586871815
47a6aba3e6d390dc,变成女孩子在惊悚世界靠欺诈度日,0,-6.341272744279415,-0.036351457713654584
4adef520ea20a98c,变成女孩子的我，搞点副业合理吧,4,-13.705823659454285,0.057024110774535314
3aeb0dc6450e0271,变成女孩的我各项T0,0,-5.832577574675881,0.022611165902900826
a99acb0bcda1bd07,变成女生也要好好生活,7,11.08091078800664,-0.054935460878177994
54f01a50c6286c11,变成女生什么的，才不要呢,0,-12.434836220316651,0.0036002287641187236
aa0a10641611040b,变成女生后与女友的日常生活,3,0.8060723393933102,-0.020891925534519518
099f6a5712fa4ec0,变成女生的我被校花赖上了！,4,-16.448566655951037,0.04170946834728617
7c2e4a2e9396b450,变成小仙女什么的没关系啦！,0,-8.241832758198747,0.07129801721863196
56b5ba95d6da8ac8,变成少女后，与身为敌人的她,3,-1.6920609805264206,-0.058696785867358464
9688fa9a56447184,变成幼龙被校花捡到，震惊全世界,4,-16.782631508115074,0.012196497875072237
a145fad78c3cc0d3,变成狐娘的我绝对不当女仆,0,-6.685636681343759,-0.04848204711878448
dacf27108ab3c7b5,变成美少女后，开始打造二次元！,4,-18.576962399901795,-0.045982700952151984
b30f74c588ac1c1b,变成美少女的我竟被攻略了,3,4.363805991459095,-0.07656984260930869
460f285d9740d6e4,变成萝莉的我有魔王勇者两个女儿,0,-7.615022089221597,-0.008827950231422882
d1ca54cb1f37eee8,变成萝莉血姬很好笑吗,0,-8.907841053841537,0.14762051833613082
6a088909b058eb37,变成血族后被学姐发现了,0,-5.301416777345068,0.1899683455642157
910c3f181771c880,变成血族始祖我不想征服世界,3,-0.4592413846370178,0.06338943124189539
43d478795e370629,变成血族少女的我，掀起工业革命,3,7.203251225581667,0.010626923701772595
b581ab14a31bb7d5,变成龙姬的我在末日中,0,-4.279086777306695,0.04726670624540599
eb86087d060342e4,变萌妹后，被恶毒女反派追上了,3,-1.6406441386845927,-0.03016737641924841
f6c0f229a234feef,变萌妹后，被腹黑凤傲天女主堵门,0,-10.768996703156382,-0.043374857796572935
36b4ae50a6f808e8,变身傲娇少女也要和黑丝女仆贴贴,6,48.56674605101226,-0.006962215146166406
d527aac4b5a3a9bc,变身反派女，开局被御姐女主堵门,4,-12.627116763440451,0.01915230221101205
2668f407defe40f5,变身后的我，只能cos女角色,3,2.4770685047393215,-0.02877625256947311
0136b43982ee416f,变身少女也要假扮男孩,4,-13.708557560483353,-0.06927045120625372
3519a12d52ed93b7,变身屑师妹，持续矫正中,7,24.03415090140338,-0.031104425280773534
d5dc5cbd74e95b55,变身废萝莉，天天开黄腔,1,26.95959234994625,0.23621217985539802
3dd659c920387a9b,变身白毛少女，硬核直播震惊全网,4,-27.777212779939934,-0.12893057565540153
c9be9470d96a8d92,变身白毛御姐，女朋友更兴奋了,4,-13.553111519569004,-0.09637641891788709
eedb0ffe727bec78,变身白毛绿茶，被按头狠狠惩罚,0,-5.750529263393396,0.07621835108513911
dcd4f3dbeea44b06,变身白毛萝莉的我，成了校花御兽,7,11.471158418298153,-0.09870487084032467
6389767d4f733eda,变身白毛雌小鬼的我，被按头教训,0,-5.795982884810016,-0.09403175965201152
cb18d68b4a03bc1c,变身花魁后，我兼职做起了炼气士,4,-13.613149544116233,-0.016387336306157324
a4b4ac15d7d25b4f,变身萝莉吸血姬当晚被校花捡回家,0,-10.237664786700634,-0.04536521110412792
e049d2025736de78,变身萝莉，我的日常不太屑,0,-9.736041770912621,0.09969077035355688
74b67528bd1476a9,变身萝莉，被大小姐拐回家当女仆,3,-0.1146200951690517,0.021736402203178018
6432010e0865a8bc,变身落魄千金，被恶毒女主踩脚下,1,43.3954866838841,0.08759246483126526
3d2ee1d0d2a58a3c,变身软萌猫娘，被魅魔捡回家,0,-5.206645475011797,-0.07918754023906618
8e3b6ff663e480c2,变身魔法少女的我不想做主角,3,-1.539965416807732,0.02717650661832477
ad396da8def71d5b,变身魔法少女，开局被通缉,4,-16.40442007297289,0.10503536243198087
6800446cba81c538,变身：为了幸福生活成为游戏高手,0,-10.490086091755508,-0.17967585483977486
7c4427d55781756b,变身：为什么我的异能是变成女生,3,-0.6427538946448905,-0.018762548579985633
fcc8b1ff0a606951,变魔法少女的废柴日常,4,-20.87749287601727,-0.04648960128685278
8bdc77e1096ec3a9,另谋高嫁：这侯府夫人我不做了！,0,-6.022819387916613,0.013275172409942138
21f9f994cfead8fe,只想续命的我成了贵族学院白月光,0,-4.159206697371957,-0.06728700583021921
28c43b3f62281c9a,只能秒大帝的我，化身大帝收割机,0,-9.622764474286228,-0.05206479856674054
8727bbd2ea44a281,只要我够沙雕，剧情就虐不到我,4,-26.03006489029549,-0.060004381612758034
1c54234b159b9d00,只要把你们都熬死，我就能无敌,3,8.73352854800688,-0.02288092849654111
05540e75203a5f66,只要有血条，神明也杀给你看,0,-10.910024525018443,0.013340136442673983
5327467c9cfdaca9,只要活的够久，就没人是我对手,3,1.3856823261000741,-0.033755848537594085
800a23b25ad1081a,只要给我配警花，破案分分钟的事,0,-3.413677082314223,0.11628817098753232
bb2c72ed68b85bc7,只要钓系段位高，偏执阴鸷也撒娇,3,2.9173170700323965,-0.10009177930012833
68948bd15ec98473,召唤最弱？开局恶魔契约天赋拉满,0,-12.557009495380203,-0.007642781600270793
fae342d61553b10b,召唤百万大军，女帝给我削苹果,3,6.559765003781095,0.00849665766057392
e72f1f0c2d7bbc6e,叮！我，荒天帝加入聊天！,7,17.23998912565368,-0.15546277358384594
2ab067dc74ce0d6c,可御可萝的我，刺杀病娇反被囚禁,4,-18.21525000357285,-0.007568316628131816
80363c8d3eca0aa4,可爱侵略症,7,9.685267450861375,-0.12519779138542556
72a240ea3c39a296,史上最强炼气期,3,1.3318754275906102,0.03167268004686169
99f71d126923f69c,史上最狠出题人,3,3.069611562335325,0.037207019000296326
1abd39be360ba09d,史上第一病娇,4,-14.097889874647613,-0.012883392880483069
7d93d83b079b49e3,叶罗丽之向死而生,4,-13.464752816513194,0.070801453975432
4078cb851224aa5c,叶罗丽之我在仙境当咸鱼,3,2.0615789800785365,-0.15895648699309847
eb6b3227d75c6dbb,叶罗丽之我是水王子的CP,0,-11.630351758769308,0.03487457998223967
c16cc651a58a324e,叶罗丽之改变你的消失,0,-10.154538223147028,0.09968083989510686
7b0f1e44916f7a7a,叶罗丽之穿越成莫纱,3,4.2274735323820565,-0.06091617826571974
25af36403f2f172e,叶罗丽之雪星仙旅,4,-15.34394232168109,0.05361934322238529
5b8f5434c55c0987,叶罗丽之风玉笙,7,11.055729439086925,0.08973569213581978
048eb4c1db8bc732,叶罗丽之风王子的万人迷团宠之路,4,-13.158034115373667,-0.054997968420179705
8fe17d8828190fcb,叶罗丽之黑暗之主,0,-10.848031929416337,0.014881068049045237
a7febaea5adb4628,叶罗丽同人火焰,0,-11.520720793172309,0.16501286495635542
628208b707f8c523,叶罗丽暗天使,0,-9.206989841822349,-0.014383794325452753
f15ec62e5bb4bf68,叶罗丽梦之花,0,-2.81760706700949,0.037937648136390334
92770b2d46f8e9c5,叶罗丽法则使者,0,-12.474086036125069,-0.002630091867968448
25c96b3934ea741a,叶罗丽精灵梦同人,4,-13.099691248253592,0.004792661357595596
3e8f2a3f1a52f4ad,叶罗丽：七情六欲的主宰,4,-14.455874808658166,0.05796670050932645
df9498d45a33f907,叶罗丽：互不打扰,4,-14.131392430834794,0.08800322483670206
774cbf278ac5ce67,叶罗丽：我们才不当炮灰,0,-10.263483774011782,0.09907777085281279
54e4c04573d0120d,叶罗丽：月出皎皎，我心悄悄,0,-10.66650428849313,-0.04058723102539999
11c609343c16a6c6,叶罗丽：水默之默碎,4,-12.861273424233946,0.017174927065650103
8b80659cd06ce677,叶罗丽：逃也逃不掉,3,0.6686048563533191,-0.02469452597672467
96b3582d42de7801,叶罗丽：重生之不一样的王默,4,-13.676282533876307,0.13198736007394835
c630dae892d3767d,叶罗丽：金手指是花之法典,0,-4.96853542701777,-0.017929415790620157
62b19e64eac3779e,吃大瓜！瘫子读我心声后站起来了,4,-15.042180444150262,-0.14539304720065935
459da1354807055a,吃瓜！全娱乐读我心，顶流塌房了,0,-12.101122740793635,-0.052845682459654736
04e812357996a945,吃鸡主播：我才不是钢铁直女,4,-20.53699071987432,-0.009689963184964095
5a9860110fd6c797,同桌予你光亮,4,-16.83920008888998,-0.03391035297066888
7075ca0c7b29a5d0,同桌说：你压到我头发了,4,-21.304079818604997,-0.06477246455652644
1e362f9d26380edd,名侦探柯南之工藤末雪,0,-5.068221161795819,0.228735049514164
51607163441b8063,名侦探柯南之成神的我堕入此间,4,-21.06399676128136,-0.02203823667373342
12453e20237276c1,名柯：左手黑影兵团右手十二符咒,0,-6.28335145599025,0.007835539456584828
ecf6faaf55820c7c,名柯：开局禁闭室后期变傻子,0,-9.448550125222148,0.024876424965465826
92dc8ef7da377665,名柯：毒唯恋爱手册,3,6.11924084415169,-0.09214389884248944
fc303f917867e7b8,名门挚爱：帝少的千亿宠儿,7,11.207518794553486,-0.03596848507121411
3541018dbfcfa575,后宫：落尽梨花春又了,1,36.14320525364556,0.1817524281945121
93bea20886686a70,后崩坏的回忆【双生银翼】,4,-15.539362946253107,-0.03630414777156679
a9db98e977a7f6b0,后悔？开局玩炸恒星系！,0,-8.450792078527968,-0.034990390527217946
9f7ac1129a00d4b1,后辈看好了，魔法少女是这样变的,7,10.251876969598648,-0.02711247529459268
05991b1d2d120599,向上生长,1,35.149272844224114,-0.2224876482066708
2b496ca3b694c163,向阳而生,3,0.7691540667732113,-0.03511367380339722
8ef85fd287a67eb3,君夺臣妻？和离后我入主中宫,0,-6.616988422308843,0.20301984472281842
1d6ec1f39caed217,吞噬核污水，从海参进化成哥斯拉,0,-12.516365791211744,0.0016759399901329075
61a8a27b6e71e73d,听劝后，疯批女配在娱乐圈杀疯了,0,-11.227863918123838,-0.05146045975731081
4bedcea55dc97cad,听奶奶讲灵异故事,4,-14.417821764273548,0.07744702631282413
d3a661b2d0e558cb,听她呢喃,4,-14.914454034886049,-0.0986034870282915
8f30106cc125eb6b,听见反派系统音，你说我是他老婆,0,-5.776024520994362,-0.03536001307533973
a0c41ed202661faa,启示录电视直播间,2,130.4046942048074,0.12906795416285816
5eec9a9e715677d8,吸光对手气运，他竟觉醒S级异能,0,-6.945488644474786,-0.09303724590079157
f472583397275697,吸血种穿越日记,3,-1.7879856463121797,-0.023210224037129218
c17c6a6841f2d5e5,告白,0,-9.590073639804658,-0.23015503751233699
6d9b468525a59875,告白失败才能变强,0,-6.945728612199282,-0.04921860089113714
4f543ac18faf1bb0,告白嫌我死肥宅，怪物降临哭什么,4,-17.200167125459267,0.02544005592816137
f22cc48f62ba33a5,呜！怀崽后才发现老公是黑化反派,0,-5.704207503231785,0.006081940231880051
3b6ba493b27756b1,呜！禁欲大佬对我过敏却诱宠疯撩,4,-12.668616134595105,-0.020320475973756275
ba791bc2d713be6a,周教授，怎么一撩就脸红啊,3,-0.17588937889082246,-0.08637061845189617
c0e5a82771a94676,周生如故之千载长安,0,-11.622865351015598,0.06880215970720938
dcb410931c06cdd4,周生如故之辰此一生，不负十一,0,-8.384934743985156,0.0030467128587202963
d56584438e234c1b,和五个前女友上节目，我火了,0,-10.747125987722384,-0.07711642071665667
9aee7345ded76d7a,和关系生疏的不对付青梅同居了 作者：小小魔王,0,-2.7214953654500462,-0.08958157837611494
e3158eb0c0107d83,和大佬互换后她炸翻了顶奢豪门,0,-8.68329969521136,-0.09451682057979413
06b20eec422413e8,和妹妹开始的东京演员生活,4,-14.87823377723004,-0.03625923938030598
6916ec924bf41a00,和影帝隐婚后我竟然爆红了,7,19.75147459020267,-0.021898094696769982
da589c5acf5f5057,和未婚妻校花互穿，她的撩宠真甜,4,-15.80875257387006,0.38348107211295757
7f868d399ecb5e5b,和校花合租的日子,4,-19.11138548439536,-0.05080947393869964
031cd1be967b568d,和离后还请侯爷滚远点,7,13.104772226736465,-0.006080800236781647
3169e01375c8e96d,和离后，公主她被迫饲养病娇反派,0,-12.419539394803373,0.1324764727528332
c7ac685d04b6531b,和离后，我成了皇帝心尖白月光,7,13.051111487594511,0.05612755896632565
4e6783459c4b4a41,和超甜女星隐婚后，我暴富了,3,0.31662133211375476,0.021495560648465944
4c0a19852608319f,和金主姐姐的这样那样,3,1.7178709236830798,0.051306949594836365
2ad7f5240af1d7a3,和闺蜜穿越到古代当奴才,4,-14.417227461695155,0.014064649678790592
6f4aa8b8ed719fa0,咒回：cos非人类后穿进高危番,0,-3.9407235037382264,0.001824798871942701
0e50cd6f410867d5,咒回：融合死斑，开局挑衅宿傩,4,-14.091074353838678,-0.029223311350044717
1a6a565781b5dacd,咒术回战：五条家锻刀人拒绝腰斩,3,5.619517507985378,-0.10077961916069486
4c4559f30acd092f,咒术回战：王座之上,4,-17.233166093983503,-0.09609459082370245
b782d65394ca6584,咬一口惊悚BOSS，呸恋爱脑！,0,-11.994793355681423,-0.17110161783517827
fb3496659d6a06f3,咬一口甜梨,4,-12.73571494830453,-0.03460614090413375
7110114fb92c1416,咬一口糖,0,-3.2579517010887216,-0.052778841080899114
053dafe52343a1a6,咱是人畜不害的可爱天灾,3,-2.214458933822435,-0.01585281200714722
ca84a497dd332d64,咱是多重人格才不是精神分裂！,4,-17.20302805338435,0.07387331962110522
c7c06d2bc57a98c4,咸鱼必备，这个系统太好了,4,-13.896698650492876,0.013004376626447017
93792f0b3bbc5d44,哄堂大孝！疯批小姑娘她打脸上瘾,0,-10.068487694616529,0.010060844540882491
5a5a95d602f04e20,哈利波特之斯莱特林,7,10.471965612568965,-0.016695707614112848
9f494bea95ef98f2,哈利波特：我从对角巷开始签到,1,28.827135722235184,-0.03414161603705171
d2b872f79bb05677,哥哥婚服真好看正好我也有一套,4,-14.59222924396753,-0.01954130087755304
a9e3702b98b013dc,哥哥，你吻我一下,0,-7.491768302673407,-0.02355321267194252
799c75f49987f450,哥布林从模拟器开始进化,3,1.831862873937574,-0.2143865871161962
edc74b24ad416daa,哭包病娇索爱，他说姐姐我会乖！,3,-1.1729093917548568,-0.024361061763284703
1974416d181834e7,唯一唯一,4,-25.832688965194407,0.015529175797730915
9f8752fa844248ff,唯一纯白地茉莉花,0,-10.934343773588672,-0.04347271901753694
cabe9060e3d6fc6f,啊！被我逼黑化的反派们能读我心,4,-21.024563145358798,0.07179751264671413
0ba1fef60ac052b4,啥！？大我九岁的教授暗恋我？,4,-14.998338233363036,-0.03680621699541822
8450212bd3cfc7e0,喜欢你六年，真以为我非你不可吗,3,4.040210868335961,-0.04648746771773157
ef573c0389cacf02,喜欢你喜欢我,0,-5.079241464802067,0.04128744833005099
40a6631a6c7a0803,喵喵Omega！暴戾大佬心上宠,3,-0.9082079011956168,-0.1266501796731803
6d9337b90512a544,嗜血宠爱，扑倒吸血鬼总裁,0,-7.050614917301942,-0.10382351929821285
378f1fec8c2b7600,嗟仙,4,-19.064954452253392,0.18302741277589152
352bf5d649998c87,嗨！那个病恹恹的房东小伙，别哭,0,-9.229653426169925,-0.03708406678664847
2aeb3de8cef3755e,嗯？豪门千金拉着影帝去领证了！,7,19.866737146192442,-0.052694279135890726
f87955743f8bdbc3,噩梦街机：从恐龙快打开始,0,-10.820349276617371,-0.01836795543982009
06265ab7a83da134,囚徒健身：用失传的技艺练就强大的生存实力,3,1.80549691643553,-0.24355085213757524
4438e219a2607873,囚身之欲：强制爱,7,16.382266884001368,-0.07113432355365165
eb729caa48a5c20f,四合院之我也来凑热闹,3,-2.211900039158472,0.06742988421282958
123a03d405a23af9,四合院之这次终于轮到我了吧！,4,-26.398235432028425,0.4130288799518864
2bbda50b4643c46b,四合院，郭大炮的幸福生活,4,-20.764764117039615,-0.002853431060890782
736ce8c4baa89280,四合院：从吊打满院禽兽开始,0,-11.948010092208982,0.0858703202227839
75abdc7d223fe725,四合院：从晋级五级钳工开始,7,19.885828950052193,0.052407608331116295
6f20f789289c226b,四合院：从签到开始崛起,3,0.9375176976117388,-0.0391363373466915
1e07db34983d8073,四合院：吃瓜咸鱼当老六,3,-1.507640192450502,0.03844184853820001
55596bd9ffe7684a,四合院：咸鱼的美好生活,4,-22.16662615199313,0.1558049714102181
7d1afb8d70615c0c,四合院：垂钓诸天万物,4,-15.900564725325246,0.14831870024539395
88048f3f52cb3512,四合院：天天美食馋死众禽兽,0,-10.774864965528252,0.019914095006118987
f9ae04fa3a05cd8a,四合院：开局和秦淮茹要五百块,2,98.91743096709173,0.1647958348772303
ed24bd350503721c,四合院：开局打断傻柱的腿,7,20.101113449810924,0.013484271528801939
cea97b5dd4dca5c1,四合院：开局拿捏众禽把柄,3,8.817673847484869,0.17308830250664733
7e20f319ff22602e,四合院：开局秦淮茹悔婚,3,-1.9658405886190664,-0.018627245837036926
1a649caff4a63ebc,四合院：拒绝秦淮茹，迎娶娄晓娥,7,10.218669090463976,0.11545906784987849
9b4cbb1e62a607fb,四合院：穿成一大爷的亲外甥,1,44.43205413752993,0.021622849231050983
786292a06cfd86b0,四合院：签到十年，我成了首富,0,-12.51772820877574,-0.009540744872469142
f046fd27a4592847,回到三国当皇帝？不，我直接成圣,7,15.715245378831995,0.2754150293236712
413ad459cc51557b,回到地球当神棍,3,0.2706487870392351,-0.033893887869795775
31c33221420ab95d,回到宋朝当暴君,0,-10.509841252490126,0.09399708938681811
0dc46b5a919f9581,回到过去变成妖,0,-9.64658542604289,-0.06230771370586466
7edca29169646c2e,回到霸总年少时，我在娃综上诱拐最强竹马,4,-16.805716355420596,-0.01574358248199545
abbaa2d9d1fb70b5,回家路上被绑架后变成了女孩子,4,-21.240032430553416,0.15352850875874285
fe52ab2e7eea8c2a,回归八零再就业,7,16.763053587162503,0.25608993222165477
3b8798b8258f4dce,因为写小说，被粉丝送去做了变性,4,-25.59451912943995,-0.008271656202034683
857796a0bf15d701,因为无聊，所以变成了猫娘,4,-18.800821496992278,0.04496545804995561
f4feb0cd8ca06b13,因为谨慎而过分凶狠,4,-19.554991346594015,0.009097643434483105
9125128b324fe8f8,因为长得太帅所以每天都被告白,4,-24.618292829455342,-0.32189681169547846
e4358129d8ae02ed,团宠公主被读心后，又爆料啦！,0,-12.223683436897801,-0.08623164728608881
59276113f6d627c1,团宠大佬：真千金又掉马了,0,-9.204169703843355,0.00043929320580834985
ded7921a349ef64a,团宠小公主靠种田成为国宝,0,-2.841659304595346,-0.07637777508228608
e3462411820c13ba,团宠小公主马甲震惊朝野,4,-16.019007334844837,-0.008213889452095224
36e8fed8a8dbd84f,团宠小可爱：大叔，好好宠我,0,-11.448656615103065,0.07252246449413782
26b3f8f380ccc765,团宠小奶包重生后她躺赢了,3,-1.5362286835221113,-0.0891113545150227
333e892c89d3ca93,团宠小宝贝：偏执哥哥入我怀,0,-10.888890987302467,-0.0662583081074963
ea2c766699b26489,团宠文女配重生后,0,-7.965370844327815,-0.04121583277959931
148da3a5bc0672ed,团宠：摊牌了我爹是天帝,0,-4.192700241364761,0.003560782512909255
8fc217732ba245d6,团宠：皇后娘娘请安分,3,6.404822813993668,-0.08841930403116241
de33b01ec7e5f46c,囤亿万物资后，在末世欢乐求生,6,68.7557654500997,0.02308874337276476
80e9f9a620a7eb67,围攻寺庙抢王妃？世子爷他疯了？,4,-12.65171214903874,0.034455939805987656
501e193c4008fa75,国公大人成了摄政王的小娇包,0,-9.76751473557438,-0.016230718893428114
a8e1a6a1ffe11313,国内悬疑小说典藏,3,8.335507657985389,0.1636435462281961
8eb320a5deb7475d,国士：开局身份被戏子曝光,0,-7.502507604837085,0.09325429238336036
0b81db3c495fa48d,国家宝藏,3,2.9926842790644486,-0.015474491762606513
f13aed78dd3770cd,国家让你去种田，你种玉米加农炮,6,61.927958766496076,0.07390838119134086
28536d3794adc081,国民女神又轰动全球了,4,-16.91588922541514,0.01974493879894504
0625605d8c3b7856,国民女鹅的偶像是顶流,3,-0.7181509836268845,-0.07865561145974578
f9495467fc161832,国舅心头朱砂痣,0,-2.609400973873953,-0.012081141506692483
45b362093a75393b,国货之光：买家秀看哭全网,6,60.579926791540984,-0.01985868504633337
59ef648b04c737c0,国运之女被退婚后,1,25.146150066702248,-0.13172515228346818
019846d7b25e59eb,国运婚配：开局匹配星铁银狼,3,3.082284130825414,-0.06468016279168246
3080c37b63168416,国运怪谈：害怕诡异不够暴力,3,6.911956074032098,-0.08731545652417402
c65c28bf7b52ae50,国运擂台，只有我认识历代名将,4,-23.37694540148513,0.12881920955549248
43ab3f9b7e7f112f,国运求生：你管这叫植物大战僵尸？,3,7.3244409794290135,-0.13816580945321963
63dc93222af918a7,国运禁地：扮演钟离的我尘世闲游,3,-0.4154555291726183,-0.15741453040536715
45e4411cb77603c7,国运竞斗：我每抽必中历史名将,4,-22.190874046760477,0.36686903833402706
53e5a78af7e1e2dc,国运，小蜘蛛能有什么坏心眼！,4,-19.826993589899825,0.18637074080222138
3837309947a3186f,国运：婚配游戏，我选择神里凌华,4,-28.062928990480863,0.08675666891031322
6bfafcc220506cbb,国运：开局种下一棵向日葵,6,80.69763803239958,0.0407249584628962
52c5f750cc4fe947,国运：扮演雷电影,0,-8.902581654968074,0.15842727461214648
831cfcbc0d223fbb,圣主的提瓦特之旅,3,4.195173169882111,-0.03202411015585663
444f4db8e9a00b9d,圣女！你也不想看着天魔教没落吧,0,-7.361807997086913,0.09318624310991216
ee76c966f5b820a1,圣龙图腾,7,9.361325331235435,0.6427124615635098
b43013659a9d3627,在丧尸横行的世界做神明,1,39.57936844822137,-0.07970749517036649
00f7722344145247,在修真界当卷王,7,16.27916293906577,-0.16189597786733997
18e287cf4a97b531,在外太空和女孩子贴贴,3,1.3594816009952098,-0.050377678812676824
8ae10b46230ce283,在女多男少世界里做完美男神,4,-22.675051545648277,-0.011047465304862059
ea519b444a91ec5c,在女尊世界完成娶夫KPI,3,1.48981810218811,-0.09590740962781855
50904965e6f158e5,在崩坏世界生存，是否搞错了什么,4,-16.235294405562826,0.11455099600314321
ebb2bb308ec4cd12,在快穿拯救反派大佬,0,-9.942933724829771,-0.10205217331232982
bb22f4c1453ccf4f,在恋综小说里当万人迷,0,-8.32757723247277,-0.08178201237430346
3aa748bfcf668d38,在恋综摆烂后，我成了万人迷,0,-11.521517284485395,-0.055615943091231995
f0e5464388ae22ae,在恋综被读心后，她整顿了娱乐圈,3,-1.3985255794737341,-0.19223979162062557
09030b7b31380b99,在恐怖游戏里捡的男友们奇形怪状,3,6.181986688368923,-0.06009342107715429
b49fb5d89065a4f1,在恶梦世界惊悚求生,0,-4.361369015130613,-0.014468415644812244
276d9cf9e96367c6,在惊悚世界当奸商,0,-4.100140126563268,-0.03862853008438458
083af374d0c683a7,在掉马之前拯救世界！,3,-2.1450876556996548,0.1905790441257922
92838102308093e9,在无限世界里我被迫养鱼,3,8.676384804114477,-0.08109452645860157
db8ffc8b708f13df,在柯南世界和志保谈恋爱,4,-22.334833280757767,0.23392393523949395
05b51adf1bba93e3,在植物大战僵尸的那些岁月,7,10.819274114699283,-0.040535566601182765
a38e6a01cb2d3078,在游戏中捡的老婆竟是女魔头,0,-7.898159708614109,-0.01868042723593233
3c196f65a0dba816,在漫威的我开局加入了聊天群,0,-6.663418355064124,0.21755003871236672
703aebaf141028b5,在爱情公寓的咸鱼日常,4,-20.545165493906467,0.13423860748990823
803156fe6dfe5ad9,在狗狗世界当团宠,3,3.1269584839905633,0.026873195824188845
91eb30c8811f19d6,在病娇六爷的心尖上撒欢,0,-8.64612929397449,0.018927749280151174
b4ee92e0ef9bfa03,在病娇大佬的怀里肆意撒野,3,0.04397526315944589,-0.036178484176123155
c18b19d594a7e09b,在禁欲顾少的怀里撩拨心弦,3,-2.0068873366399202,0.038629858057375205
b43c51ddeffa5181,在铠甲写日记，冰儿美真坐不住了,4,-12.799723585074112,0.05049975771028409
2e1b10b65a8dae00,在鬼灭开始每日一抽,0,-7.021525926102903,-0.02357405323070988
dbb10f959fcd6c15,地府签到千年，投胎气哭女帝,0,-8.90870329499338,-0.020558840101661563
e7605f522d1a5b24,地煞七十二变,0,-7.256415685794444,-0.09814757024956863
246483d59b72c612,地狱修罗场，她们都成了病娇,0,-6.503442206013922,0.07816879124636397
3f6afec7bcf325e3,地狱手册,7,12.914718292982968,0.09062198153664955
13a9b21c5ffd14b2,地球天军,0,-6.768334465318951,-0.015936735638611976
2dbd0df3006117b4,地球无应答,3,4.926507924173933,0.2794102489993283
c6946de6822882e9,地球被打爆，我疯狂捡漏！,0,-4.41261603621718,0.09935338894658471
de388799536674ca,地铁污蔑我偷拍，反手制裁小仙女,4,-22.339263394585924,0.011721133715711735
87de7ba707ca03ca,坏了！女友上门讨债了！,0,-12.398997478879082,-0.044675755020637115
1f2ed94a069a7764,坏了，这群女主都是重生者,6,73.59520284081754,0.19721009653904978
45cd2083ea94183d,坑鬼捉凶，一品小县令,4,-14.242548963349282,0.2646972678221842
dd186bf09cb4f784,坟葬鬼，阴婚契,3,4.259964104391969,0.05638107267624107
7e9bc7730cfe36b1,垂死病中，系统让我开枝散叶,4,-23.051498883311574,0.12278062010774454
43360c1de24eea0e,垂钓闪闪果实，闪瞎隔壁校花,4,-13.774160140864474,-0.07734462769360703
89c09986531c2836,基沃托斯中一脸无敌的老师,7,13.225741926366098,0.3317130862334889
e7ceee02a083ba32,基金会穿越崩铁：开局暴打星神,3,5.038495141694071,-0.036013826566043156
dcdb28dde107ef9a,堂姐重生后，总想看我过得不好,3,8.34759117159333,0.12200713743493496
f254460fe3c3b0d1,声之形,4,-24.42226193985805,-0.1107421908522632
f587f885355e1490,夏日与幽灵与画笔,0,-12.350865110164644,-0.07980374559652056
e34f3f124f1160dc,夏洛克，我可以是你的艾琳吗？,0,-12.381274007501325,0.15211825739624224
fefdffb1186cc7f0,外挂开满，神君的灵宠她不好惹,4,-21.024481217413438,0.15419572921478966
d33ba2edfea3b7a4,外星求生：直播我的休闲生活,6,49.35305173077815,-0.09274050963456634
a60b6310d627d528,多子多福，从拿捏九幽女帝开始！,4,-13.086739674813188,0.05189728278911024
3eb9f17335377362,多子多福，仙子你孕气真好,3,-0.9922288769594942,-0.06249733774746999
1566f6dafca18cde,多子多福，我在修仙界开枝散叶,0,-4.751654247785702,-0.022188259235009
0552721a5285d403,多子多福，我的后代又无敌了！,7,18.73929733001205,0.16093552957326612
d3da66508665f5f6,夜半杀机,4,-14.331363064951596,-0.09117881418377208
a24988f14ae6c6c7,夜夜梦见未婚夫的暴君叔叔,3,-2.329584291450182,-0.16157306141474356
21ef6722238842c8,夜夫人，六爷他找到你的娃了,0,-7.301135541405998,-0.13912553054295682
601ed9bce1cc561b,夜店女孩，请别叫,0,-6.2447533826058645,0.060255249276594786
60f598dd433e2f3b,夜生活,7,21.055416403852192,-0.01515975053478566
82b261f430f72140,夜钓遇黄皮子讨封，说她像兽耳娘,4,-15.933424717530542,0.012189508854378223
01a499e559da73c8,够苏！他又欲又野,4,-19.17338858411933,0.023111561959359345
6331f4c483e37240,大乾：开局朝廷发老婆啦,4,-16.307468133768452,0.0531763955989166
76372953a86c13d8,大人，天冷了加件黄袍吧！,3,8.70909693123167,0.04795263011253287
7ffe9c498620dd36,大佬会读心后，爷绿茶人设秒崩,3,3.5773199566537883,-0.22845128381894683
2d4179a5e8af03b1,大佬因太过斯文而有些变态,6,59.14627078117202,-0.07310485772336076
88c8d936184614a5,大佬她苏炸了全帝国,3,-0.02979180352215849,-0.0744360597608916
c9163578d46a324b,大佬姐姐们倒贴主角？我被迫无敌,3,-0.5078258563720937,0.15064151248353136
4cb891e43ac6246c,大佬我爱你，狗贼我装的,0,-7.675354265199346,-0.18124151635560984
d52a14986d56f1ef,大佬退休不成反当爹【快穿】,7,17.75446298650806,-0.10922592842393594
e7eb09f00a9b2275,大力女配躺平后，被反派读心团宠,4,-15.293330673269413,-0.12214362461331471
d6dffe5adeef83b9,大医：器官变异，我手术震惊全国,7,14.494675416068688,-0.014240993921130402
f9b9d80c145fc40d,大反派偷撩女主，前女友们杀上门,4,-23.160768166263814,0.00507128483921071
8b21c513f28fbcca,大反派正常了，女主们却都放飞啦,0,-8.192963408395386,-0.07442397124731945
18c02cf7d490e621,大召唤师不想召唤少女,0,-10.548901800276298,0.11840571140449366
d15cded9c2cb5b73,大周缔造者,0,-11.054442486552482,0.07711510274372466
7ee5f3408bb41ef1,大唐之美食供应商,3,7.311988246174032,-0.0547142070427761
0764bb7438ab88bf,大唐之超级军火商,4,-12.847134177318221,-0.027203863412861073
3effd372a096efa1,大唐兵圣驸马爷,0,-11.766095235666384,0.035343518992973694
ea6217a283a65309,大唐好贤王,7,13.25511298159217,0.12099054176958143
233b806f5fb7cbe4,大唐小神探：开局被斩首怎么办？,0,-9.005040463143835,-0.05944350662278744
af5c28e603f74c74,大唐第一暴君,3,7.3225517725777465,0.06550118167976021
66fcafa74273ccd1,大唐第一权臣,0,-7.15279530438513,0.00488811877427156
94a556e321edbcf8,大唐至尊龙帝,7,22.78752540367367,0.049574373142672434
95eda47bd3a4a7b3,大唐超市：开局辣条辣哭李世民,3,5.396644419742998,-0.045251331996437244
627fb2ca979f3fc6,大唐，开局卖香水,3,-1.4645493653586499,-0.006009468021771686
aa0008d8367bd26a,大唐：开局挟持李二，震惊天下！,4,-21.841622024068453,-0.08530657244367504
573e0eb25f3d6198,大唐：开局系统让我掳走长孙无垢,4,-13.02208147880745,0.09297080502553762
8c240d3dd3816a90,大唐：开局迎娶长乐公主,7,9.267337259873791,0.03324412745062727
fd557037c98f1a09,大唐：我家卧室通长乐闺房,4,-13.571703071307287,-0.035101236536128205
11fa7a4420d7efc9,大唐：我被长孙皇后看上了,0,-10.209159557835072,0.023295652832061337
66b7821279708490,大唐：抗旨才能变强,4,-14.323750130797542,0.12000471141164194
c5ce5265c5d0b2f5,大唐：李世民求我造反,7,16.906300038160374,0.09488205240145517
3850982468660405,大唐：神级驸马爷，咸鱼就变强,0,-9.240731137622959,0.08539370329352908
185774452e38ea69,大圣归来，我孙悟空誓必屠尽神佛！,7,11.75030143714848,-0.031159109075510144
21dc6e1f936ed800,大夏守墓人,7,17.247560706552406,0.0563645028319176
5c2ef76436b63c4f,大学生清澈且愚蠢又被疯批套路了,3,2.1710852827450537,0.05145823977357292
ac34210d608341b1,大宋：我在李清照身上捡属性,4,-21.58516247436775,0.06423490055722417
ce82db89bef0f9b6,大师，你桃花开了,0,-8.106094118049896,0.020142172656472224
14f967cb5cf65367,大明1592,7,10.247406952561889,-0.12310632298557031
c28fdf00d319991e,大明朱标：朱元璋头号黑粉,4,-21.18196139840948,0.14208422873967452
47258ff0aaa1b6ee,大明锦衣卫：惩奸除恶奖励万物,3,-2.27996480967645,0.03692717041605098
7a47ff627a58b2f8,大明，刚流亡吕宋系统觉醒了,7,9.963711674798041,-0.10901837786362009
9ddb76f6a059c5a3,大明：不装了，你爷爷我是朱元璋,0,-3.525410184736117,0.2396372813067404
c9511e434366fa78,大明：儿啊，父皇求你疯狂纳妾吧！,3,6.1875631476949025,0.0625543475942956
9d14032d108eb0c2,大明：家父永乐，永镇山河,0,-4.739181582121745,-0.00672661647181938
e03eaa2552412799,大明：我家娘子长公主,0,-11.70277530279181,0.004843216370594483
0dae7d016f3443f8,大明：我最强皇孙，请老朱退位,0,-6.722907833741402,0.02634277048171016
8ac6a4f78ed15f9f,大明：我有脑疾，你还让我当皇帝,4,-18.536757551571636,0.19684074384671374
97f168bb6b3fdde8,大明：穿越崇祯帝，开局一根绳,0,-11.780165108679014,0.07418763719456287
12e26e0fcf655058,大相师,3,5.0338895703590865,-0.006021795449058592
610de97e896486cf,大秦帝国,4,-18.36145522015282,0.003893294071990988
8d3485f3451c649a,大秦教祖龙抡语暴揍扶苏吓惨胡亥,4,-17.8717740759577,-0.023248863145155257
d6e8c4df2abe4dad,大秦暴君：开局属性兵种转生池！,0,-4.450253735946838,-0.12576938551117858
d0d39c2c87e4ac36,大秦鬼谷，让你纵横没让你统一,0,-5.22176429085421,-0.030050468071564557
54ce9fcddffe02df,大秦：千古贪官，祖龙夸我是忠臣,4,-23.81710371062415,-0.0505867476364357
683853c18544c4af,大秦：吾女嬴政，千古一帝,0,-4.481727918355894,0.051767959884921694
5e62b2a13770b3dd,大秦：始皇帝，我真没有忽悠你啊,4,-20.33925387566288,0.04536750316150792
40ddcaa193d5d9a2,大秦：开局策反秦始皇,1,35.344359174331885,0.13931422427526075
2dfe96050758ff96,大秦：开局签到十倍吕布战力,7,19.73422891649463,0.009377657755083812
e80a20f41918afac,大秦：开局自曝穿越者，嬴政麻了,4,-22.84879885482401,0.12030393721056057
cb5fea2f9e387758,大秦：我戴着黑影面具出生,4,-13.374101230425119,-0.1160882923605713
445438a4788b669c,大秦：朕乃始皇帝，两界搬运工,0,-7.092343552129762,-0.02037266604490104
543a76875fc91963,大秦：父皇！我真只想自保啊！,0,-9.944253951415142,-0.013362615731933536
2ff5640b13411fc8,大荒经,0,-4.274202538027318,0.0061720907273080106
5f5de40a168db582,大虐！绿茶男配又在发大疯,4,-23.8635052746457,0.22868455915548536
38976cf37a682cea,大贤王,7,14.523075033492866,0.20439784248979942
cb02b800f1147e8d,大道彼岸,4,-15.466597214634984,-0.019538905800512985
66f9ac4494014b4f,大道死而我不死，灵气枯竭我长青,1,36.36248261247934,-0.11280751920152979
c8870836569fb5f7,大雪满风刀,4,-20.782841330601762,0.23460325332394585
7a115abf21d21955,大靖枭雄,6,82.12412143208925,0.005680482547809729
3dd285b2f28f8f89,大魏暴君,3,0.3269390001382604,-0.07546352676334464
6281af66f156ed6f,天下第一,3,7.506939432695191,0.0822891057247146
dc191cbb26f291e1,天下第一要跑路,3,5.862945353742695,-0.08897578282340732
9507f89a286539e7,天下藏局,0,-8.678894711983844,0.07257442490617808
d63a78979f3366fe,天乳,0,-8.387083138906256,0.14566807704655926
931a1bfde865afc7,天亮了，你就回来了,3,-0.742089316261108,0.00014001426595441901
6bbae79599fa88cf,天使大人的实力至上教室,0,-4.341003604091476,-0.024703996619422797
eba9e82ed3757bb2,天后演唱会上，一首十年唱哭校花,0,-6.770276371058301,0.007237189845934189
f4fb7987d9616532,天命出马仙,0,-3.505105905942571,0.10475439918898173
4d98363515d6bcc4,天命反派：开局镇压大秦女帝,4,-13.457444485064698,-0.11063156883195527
c318e8ec71b8a62f,天命赊刀人,1,43.103492041277335,0.19425605676592703
1dde82ac7c160956,天堂旅行团,3,-0.9479083825539973,0.034143931884622475
f400780e2d996e40,天天咳血的我怎么可能是幕后黑手,3,8.458219089262101,-0.033371304205475766
5aef5e4053b0a2ed,天崩开局，从死囚营砍到并肩王,0,-5.6478004041357295,-0.05160852286988796
6b7d2724f779f47c,天师府小道士,0,-6.070025437465681,-0.026376173869661318
e7799164ef8425f9,天师穿成哥布林没事，还能用符箓,7,12.915075137954133,-0.08106981183558795
ba58a12d3f2fd0f8,天才抑郁症少女成了豪门真团宠,0,-7.559083156264542,0.0567522376028366
d31288ebafa5b704,天渊,0,-5.2602798357238,-0.10908989538829564
d31288ebafa5b704,天渊,0,-4.4418402769260865,-0.11468043533902292
6e4632affb0684fd,天灾，我囤几十亿物资在末世求生,3,8.184314988705907,-0.01589972690204622
37100f36f988cc6d,天神殿,3,2.4920143278706774,-0.05264452397744698
9f8f81ff349af529,天赋无敌的我，一心只想苟活,7,19.34418117160665,0.009929257075779713
297a0eb4ef1f683f,天赋者,0,-4.500664449511774,1.375144823884286
259e18a20afb1a0d,天道游戏之最强玩家,4,-14.18117582334089,-0.14470075497651605
6c53f16e1ca18820,天道继子,0,-9.752609572254457,-0.048294863446275677
a40c193b30d5cd8d,天道逼疯小魔女,7,20.636495184677777,-0.036776298701664184
f51210d3e7f55345,天降后妈，我突然多了九个姐姐,4,-22.371103114776112,-0.1129428065630155
793f9b844869c1cd,天降巨富,3,2.9329263430285195,0.1091440835960403
6f209ec29ad48d9a,天降未婚夫竟然是我的死对头,7,9.750771758006664,-0.06679709100207679
d724d922f88b33a3,天降竹马他最撩啦,0,-9.542732392648105,-0.05049876072191242
722e650344a7a2ad,太乙金华宗旨,0,-8.7812611441067,-0.2831981927534367
3d2968af3593bea3,夫君每月给我二十万两,6,60.09624503504135,0.012445808085707694
2f1addc28ab4b072,夭寿了！大学辅导员竟是前女友,0,-12.469523657094843,0.0151991547963099
9ea69866f2d55740,夭寿了，身边女人都是病态偏执狂,1,33.35052537186377,-0.0824121554794521
584ee17082353bda,夭寿啦！一睁眼穿成奸臣早死原配,0,-6.7142526121370665,0.05159667232360454
7ffc371bfc4a9abb,夭寿啦！老祖宗你还有多少前女友,0,-6.654917369309139,-0.09341885624061033
cb1e14a1cfad91ff,夭寿！我家超市能穿越,3,0.41322605784723265,-0.013154858191821217
13a73713de4ab33f,夭寿，在日常番里见到了妖怪,7,10.180960589663293,-0.05630295986439052
6f5a5f43744a0dcc,夭寿，这人很普却过分万人迷,3,-1.4270522666595156,-0.17072667256214727
f28119d6a2dbe724,夭折了！我老婆竟是大反派,7,19.8013784236381,0.09806578194167229
bbdff32d50b342a4,夭柳同人相思知不知,3,8.8529376074843,-0.020291900247824235
97090033a19f340e,失业后，被宝藏女孩捡回家,4,-14.860596144286028,0.006752885644113249
653ab1bae9338ea4,失忆后错把死对头当老公,0,-6.065065112293681,-0.012791252054011881
de23deba37bfae44,失控沉溺,0,-7.257427197456728,-0.05805114580139295
f4e2844bc963e1c5,头孢配酒，全家送走,0,-2.5128902581843846,-0.0026015765156411907
348803dee0801738,头条都是她！老太秒杀娱乐圈顶流,0,-9.305434065157264,-0.10601331420383184
8ed365b1d89f1222,夺心契约：陆先生轻点宠,3,0.4686560643833175,-0.04747214762940202
f293807df905723f,奇怪的她,4,-17.494249542978114,0.21005257761276544
5cf27690dd40c689,奇谭怪事录,0,-9.222501540474603,-0.16018006117781522
c6536ab13232a6c1,奇门法窍,0,-12.519735763414385,-0.28937432216841485
dd1716eb145fc823,奈何她致命甜诱！,4,-18.308343539344595,-0.04217701564043627
193acb41700a735f,契约仙帝,3,3.136455544955055,-0.08375724898664441
c0ea330d67e67e80,契约精灵，我有花之法典,7,17.449945185485078,-0.03471334352393671
6662e39033f0f63e,契约绑定：我与怨种校花不共戴天,4,-21.62005237694223,0.19059612635253737
0c7c4a97912ae05c,奥特曼：开局光线给佐菲洗头,0,-5.957769639134632,0.12862305278511238
04335d447b551a79,奥特曼：开局变身迪迦,0,-9.109239688542594,-0.0865433575962736
9e9b5fdae0455c1d,奥特曼：开局强吻卡尔蜜拉,7,10.614927494078287,-0.05046311296705361
871ca97e87af3897,奥特曼：黑暗迪迦杀疯了,4,-12.824809386888479,-0.0995089113751951
d3a29f6265b281e2,奥特盘点玩梗：你都保护了什么？,0,-6.656199819658632,-0.01400390428071921
02ef0380c420da70,奥特：穿越成为王国第四强者,4,-19.3395742231486,-0.02615540627409571
b3a9731be04b2b82,女alpha穿到虫族后,0,-10.020961097736937,-0.11553111056188872
ead67542f3b4d569,女主她修仙全靠反派,0,-8.58513083439211,-0.014327595609367721
46979ded38b07817,女主要攻略身为系统姬的我？,1,33.50372418482351,-0.13086598832484672
51fe9c7c1028883d,女仆图鉴，开局成为水晶宫主,4,-14.079171164109557,0.1390456709951309
546ba086e09bbd6c,女儿重生后，我和夫君把侯府拆了,7,20.73427242607371,0.023041525394836754
ed0f7dd57ebd27fd,女友抑郁症跳楼后，我重生了,3,4.530224329221603,-0.02809884902714413
23ef2d27678e1b5e,女友警局入职，我天天送罪犯！,3,0.37671925025634323,0.14814100582827872
a37fa2cea826429e,女尊世界的合欢宗主,1,28.423661270767354,-0.09608554421761964
7192ef37bd19041e,女尊世界：拒绝表白就能变强,3,-2.1112361465910894,0.013444188512569066
da55cd9a31eaa988,女尊之我为病娇夫郎洗心革面,0,-10.065672612833929,0.10196523707438163
2df3e2b47fe7f940,女尊之我靠娶夫发家造反,1,40.84259800602055,-0.11929762693144622
ea8866be7b816269,女尊恶獠在线养鱼,0,-7.835984910346639,-0.0038610387069989427
f900faefd494ebb9,女尊独宠外室夫郎,3,0.1465062745553496,-0.07726964241806264
6c8fca41c3b02758,女尊逃荒之冷面阎王娇宠夫郎,7,16.209900229626193,0.009173090130821404
509be8825b983d9c,女尊，重生后金丝雀他不乖了,0,-6.111921419467684,-0.0551070735632784
cf18f21bd523d5be,女尊：108个姐姐把我宠上天,3,0.24205574061308255,0.03499700405773504
477ebc601f1d73c2,女尊：从攻略师尊开始洗白反派,1,33.32562874665551,-0.05695703483081507
e4ecb0e7a520db85,女尊：夫郎貌美又乖巧,4,-15.9569418571281,0.06873495361467416
8763c9e56622a126,女尊：妻主，你会一直爱我吗,4,-18.393518636427086,0.2003647225362149
3f81625341a47e70,女尊：弱气少年今天也要拒绝白给,1,32.45398586499769,-0.0032802142957825686
6e86863a503256f9,女尊：总裁请放过我这个弱小可怜,3,5.156488878774631,-0.05621002096433228
8339826c2ff248f9,女尊：我保证会乖乖听话的,0,-11.492212562363498,-0.01526354215969472
d7a44fc4e69c4059,女尊：我的龙王老婆大人,4,-17.063003045921814,0.25325607984246346
b104ed001d014c13,女尊：机甲学院的唯一男生,3,5.391685262583749,-0.12001729931427721
5b6e6328ef72236e,女尊：独宠奶乖小夫郎,0,-6.61045838478055,-0.006929848411993178
b5b12fe84f860736,女尊：病娇校花很深情,0,-8.901934121218588,-0.01602062639923646
52b8e3bed3925ea5,女尊：重生纨绔王女，夺嫡追娇夫,0,-8.358329611251733,0.09913643753637212
13b80280389b4a4a,女尊：霸道总裁，请放过我,0,-10.067289145609244,-0.08908402831252818
704d43ed1feb1753,女帝三岁半，我又被爹爹丢出去啦,4,-14.280293331356567,-0.08260984832019433
9e9d67f91d6123f7,女帝别闹，我还是个孩子！,6,60.970451834970106,0.13867975223598644
2cf95a93c6a4104b,女帝君休夫后，狐妖前夫父凭子贵,3,8.4012538321537,-0.06629286728218889
5cf31a570b026a4f,女帝大人，请问你找我的哪一世？,0,-5.695430366450793,0.01925136575411293
25e598006ad3edd7,女帝暴虐，禁欲世子他美色撩人,0,-10.56401223090618,0.05385519429725996
a2a17ad66bdc3dd4,女帝痛哭，她送走了自己最爱的人,0,-8.713659233267123,0.056245317861090355
e0fdf53168ba67c3,女帝祭典上穿到直播综艺现场,3,7.552697508758705,-0.14554027330351552
02074494dead15f4,女帝联姻，我看不正经书被她抓包,3,1.025512975264533,-0.05976451360151472
21ec216cfaa2fc62,女帝被迫闭关，无奈为她执掌江山,7,13.692378899418692,-0.08502903207205467
f57f1b46df4ba905,女帝还是小可怜，被我收养,0,-10.368478081290796,-0.10400783104461572
6ff752d44df881be,女帝：天命大反派，谁惹我坑谁！,7,19.83284927693287,-0.1452747990068691
448e1771f9c9cc67,女帝：苟在深山，女儿将我吹成神,4,-18.697786209812,0.12950159173770642
ed6bfb2989307abd,女帝：说好的吃软饭，你竟无敌了,4,-20.320576307961474,-0.051443422152146395
9474a0fad6c7e5fc,女徒被我忽悠瘸了，她还得谢谢我,7,21.292614978705444,0.00934193383413967
872fc752a4b833b5,女性身体私秘自查专家方案,1,39.97110732858627,-0.2495417022503377
73ef8ac9b39e1dbe,女扮男装出逃后，我被薄爷通缉了,3,5.234998003185254,-0.09800106132274025
2c135803b658199c,女扮男装后，我成了男寝的小团宠,4,-13.603846901359152,0.03352408873497165
fe9bc10174057c8e,女扮男装后，渣了全宿舍,4,-18.15523993696673,-0.02006320311317103
b73a843368f47d0f,女扮男装的宿敌女帝总撩我,0,-6.831434160757851,-0.05191370378548624
477b4f9a1b1de82c,女扮男装被太子发现后,4,-16.84254292875678,-0.13581397697221945
ea95d9d3e04fcc0f,女扮男装：大佬她总想吃软饭,3,3.884446795504374,-0.05357032597409153
9368c3c8dda8acdb,女扮男装：少帅的系统崩了,4,-13.016280374180859,-0.06239090691814733
7ad7684214b6f25a,女扮男装：暴君她美色撩人,0,-3.945244847700252,-0.06917717137707932
d6c21f15edeeaa6b,女技师要去我家留宿，被我怒斥！,4,-22.23953807299716,0.3248093084272241
9c704ec5b8b870f1,女朋友只给五分钟，阁下如何应对,3,0.3513909463357763,-0.1063608057337884
f7f20f5c2999d83e,女权世界之开局我就要退婚,4,-20.06484878767789,0.17540253421916632
fb6b9f35c5224a71,女权：我来自异界,0,-6.926628025130206,0.1886190002000892
0984a85aea435f54,女生的我解锁了男神养成系统,4,-24.417819527653258,0.10349166675529323
2502dcf3587eeb59,女神召唤师,0,-5.154507731380633,-0.10152405476312956
86e73a07f3c660a8,女神同居往事，我好像在哪见过你,3,6.115824136629804,-0.06021662602140085
a64ec9204616791c,女神我不想努力了,3,3.3843019283639038,-0.08319167108852185
2607a6a075c7bd20,女神校花的全能男友,0,-11.901290401487305,-0.05969816060308078
ea4e7c24b725ec06,女神的至尊傻婿,4,-22.609829227542495,0.38531576087847347
b1f8690e1d3d29f3,女神的贴身仙婿,3,-1.615302672272982,0.12419263988445332
2a8af5881e8e2af8,女神的超级赘婿,3,-1.1599776481913082,0.169537768208728
86bb75ea933e4e7e,女装反派，主角跪求我别死！,6,49.9166966176514,-0.05469594311417339
bce7630cd76d747d,女配修仙：从当宗门师祖做起！,7,12.824609522670592,-0.10250575471024939
b8ff433e916c1440,女配修仙：我有杠精系统,1,28.138998342400996,0.017856850423037668
32ab0687036d33d0,女配她只想修仙,0,-4.629872552534316,0.023854320548913427
4dc757d29be9faf3,女配！C位！神颜顶流又飒又媚,0,-4.631152339706603,-0.17782584377365943
60745a6028ddc69c,她不好追,0,-9.462114553211585,0.005011080524351952
54507eb87164542b,她们的登陆把我变成乖乖男,0,-8.654371451230887,0.07593007663392429
f9fcf61e80a4764a,她们都叫我傻子,2,95.5444628953726,0.12802950792277762
6483c3fe73138211,她好乖呀,0,-5.166881838111266,-0.034570548875865
13bff894f107f221,她总在收留非人类,7,23.879879500418497,-0.022123823888252875
969ed873164b79d3,她死后，成了万千重生者们的噩梦,0,-3.4887661138079196,-0.04523709094704789
a1c6d99f7bb0cbba,她死遁失败后，病娇徒弟疯魔了,1,37.481239074358626,0.008716167681853543
eee9bac2597ec10d,她毅然退亲！重生前夫追妻火葬场,7,23.684443765372563,-0.2931969864420553
2bb0dd336dda0ddf,她的小梨涡,7,16.78800547777078,0.03891363766752867
1a9f9e2e27bd44c7,她的少年又哭了,0,-3.8522090719523163,0.046659525515574646
33e1beb2245979ee,她那么撩,3,1.3877447936405716,-0.12002064275286065
40d4d5004508b2ae,她马甲一掉，全球都轰动了,4,-24.66598606029619,0.1407593886164804
d29560ebcc5a0286,她，与暴君互换后，杀疯啦！,0,-6.926842867280186,0.06377420057411134
b3c5addeb2843337,好一个乖乖女,4,-19.235511284031567,-0.07228483956981277
607597c7a3b1cbbf,好孕之路：美人靠生子走上巅峰,0,-7.0670614398774845,-0.025769999292942602
21a595db70b2598f,好孕福妻：指挥使大人乖乖宠我,4,-13.654522136215043,0.07133387350389292
6b115459a3744cec,好烦！京圈大佬非要把我捧成顶流,0,-8.585630135453698,-0.021442183088336064
c3a569831cc60309,好的爱情：陈果的爱情哲学课,0,-2.9362502455552786,-0.237762383621999
958a6c0c519433c9,如何阅读一本书,7,19.63275227954135,-0.21932876398473924
42b1fbfa014e1538,如果森林有童话,7,15.369140000473578,-0.07693472255551079
45ee6d72fcb32797,妄折一枝妩,4,-17.854223328149647,0.07306823178988012
12d6fef1c3c10fa8,妖女滚啊！休想再让我跟你生娃！,0,-5.812468450129344,-0.07669846995751253
f6696690157d6262,妹妹装备白丝卡牌，我成了制卡师,0,-8.719515465337892,-0.03241477156131414
88b686cbcb142aaf,始乱终弃纸片人男主后,3,7.282498810489216,-0.09632047504778954
bf3429f9c10a7317,姐姐，求你爱我,4,-22.578124194452176,-0.05653474057928273
da43b5b7b474c5c8,姑娘她美貌却暴力,3,-1.0677670816027671,-0.0035096472576503224
4dee331776d4da6a,姝色无双，奸臣强宠冷艳贵妃,3,2.3581211507026936,-0.0859262569866818
050db2a7eefab716,娇养玫瑰,3,7.9715676471492145,-0.09668519553353497
2ff64424c7e6374f,娇娇主播惹人怜，神豪大哥争相爱,3,0.4159166319328733,-0.14885243512539734
ddbcaacda657c846,娇娇奶撩！偏执封爷变吃醋粘人精,7,24.60761803355551,-0.14259075193268603
f41e24135f2b2641,娇媚娘子不谋爱，奸佞王爷借个种,6,54.45725599076535,0.03465136309119776
337d36ee2db3f826,娇柔村花一笑，八零糙汉骨头酥了,3,0.6728434898641993,-0.003024645599023962
c68496ba139b7452,娇滴滴小美人被凶猛糙汉宠野了,0,-5.765716126581836,0.21505019333203096
5a35beb743723fd5,娇玩,4,-13.076421031809751,-0.06718086893366257
ef5582e5f7c3068c,娇瘾缠欢,0,-11.586051771074207,-0.004008032904579517
82017143949adc62,娇软太子妃宠冠东宫,0,-2.728410629815521,-0.11350886879610175
b65751791a6b4827,娇软女神穿成男主恶毒妹妹后,7,14.895649450284743,-0.04087421090945867
0c4ed838b567d612,娇软尤物！被禁欲系保镖掐腰宠,4,-15.965713467827502,-0.09474259333333443
f7a4f36e9fd2acc7,娇软美人要抱抱，谢九爷下跪哄她,1,35.80624163463543,0.02329854901018874
f9d45d47d48b693a,娘娘多娇，帝王捧在掌心宠,3,-0.6362622150364103,-0.04831979003833367
0644f82eb34cf225,娘娘套路深，三千宠爱集一身,3,0.9935205736371557,0.04365871145027139
4e7d3d5b5fa3e46e,娘娘病娇又茶媚，一路宫斗夺后位,4,-16.665224541433137,0.1550709968015132
636fdaa96254d5f7,娘子竟是女魔头,0,-4.311220453932485,-0.042966834411680005
a423c7fccc453c94,娘子练武我修仙,4,-13.474798885771595,0.0013601923703368268
01e1f7c142af356d,娱乐奶爸，开局就被萌娃爆了马甲,3,1.127981242462191,-0.05554520409571992
9324836836d3e4ce,娱乐，我带着明星队荒岛求生,0,-2.5542118629844026,0.027774921007647196
52439f11a3334cd3,娱乐：从女装参加恋综开始,0,-10.543537742853033,0.025332468137309078
02126816c17b38f0,娱乐：典藏华夏，神级扮演古今,0,-4.484477243349431,0.018428997960621224
1e320a63780e8f7b,娱乐：奇葩开局，从此火爆娱乐圈,0,-8.409878168799345,0.18070524688006084
0e5d667c81e82161,娱乐：我也不想当渣男,3,3.1672509949983763,0.024071201074376963
d2a08356b7d3fbef,娱乐：我在国民女神演唱会上封神,4,-15.48171819320325,0.02081111163933161
c9a39df0a06ad2b9,娱乐：我在音乐圈混成治愈系教授,0,-6.955980556773255,0.07867956700042575
234c1da9d7ced0b0,娱乐：我被七个天才萌宝叫爸爸,0,-4.622901046831302,-0.08761491655239564
c5cf4111e0d41cfc,娱乐：玩刺激游戏，让杨蜜离婚了,3,-1.2863214592778576,-0.03344740066579846
2647f77ce0045f32,娱乐：让你凑数，你拿赤伶炸街？,0,-10.752727730703711,-0.008013748740957227
e1ddcca8e4f726d1,娱乐：说好假结婚，你动真感情？,0,-12.515338893477562,0.012650626170892798
1b033d24d522823e,娱乐：这个小鲜肉太过直白,0,-8.524812748412018,-0.07371340512765925
01eeb0a20b761743,娱乐：这角没这么坏，你收着点演,3,8.609966492637426,-0.11032600379066895
b22efdbd9b8b2279,娱乐：锦鲤助理，杨老板人麻了,0,-10.565946650576066,0.000521434262629239
d27a394f66f24c02,娱乐：隐藏大佬的我被向往曝光了,0,-4.317200684254566,0.1483714032565578
4a9ce803e68a3ad6,娱乐：雪藏十年，我的粉丝成年了,0,-11.51432411268707,-0.19356023679728526
103d834056c70861,娱乐：顶流从杨老板拉错群开始！,4,-14.04835328825337,0.03066960291238488
b9ae8537054c3fdb,娶了植物人女魔头后，我乐疯了！,0,-9.414158139096784,-0.10951432575210243
f48674e79a2614a6,婚变,4,-16.83886112843366,0.1680814097351279
0b5641e150211aa0,婚礼现场：脚踹扶弟魔未婚妻,4,-12.60747995147133,-0.0525228159714102
4d7703a7a369f017,婚纱追星网暴我？京城世家齐出手,4,-13.636531851703975,0.026949180857443356
c387ec1d00e582bf,媚色诱宠：权臣的掌心娇,3,1.236264966544148,-0.061208041649940065
41c0417521b999cc,嫁给前未婚夫小叔,6,55.08871826435117,0.1172709702459767
315355af6fc11ec9,嫁给残疾哨兵，带他重返SSS级,4,-14.53999011243491,0.07510808576686437
69090cab7fb4ba86,嫁给疯批太子冲喜后,4,-19.177551226171385,0.09320724070855399
6c0f13382121fed4,嫡女归来：每天忙着给相府上坟,4,-17.405542911435084,0.21821991417644718
40ec5497424ce6a3,嫡女重生，我才是真千金,3,-1.427347929014907,0.07159011554549685
15e172bb7d0c6714,嫡母在上，逆子孽女都跪下,0,-3.0711820388629008,0.09623130530182573
214bfc3a766cda56,孕期夫君要和离？随你都随你！,4,-13.952918124934985,0.14875931959081612
b6844961e10453f0,存活于病态的世界,4,-15.300264195678572,-0.1462800259892729
a4eeaad98e3d7cd0,孙子兵法与三十六计,3,-2.1815534462821304,0.3582180768608755
1691e7120e8a5778,季总，先生他心甘情愿当替身,4,-21.898130273662936,-0.05823025202843293
08f5c27b944281c3,孤僻妹妹如和养活废柴老哥,0,-10.115796086350237,-0.1789582858299071
2d36dbedb3440f0f,孤岛生存游戏,3,4.815058790345432,-0.09447263084654403
2d36dbedb3440f0f,孤岛生存游戏,3,4.799595323447029,-0.09454958741220673
d2f776a2115b5272,孤注一掷：缅北：我能看到成功率,7,9.990525772777971,0.07498120780088677
4f0af4a80d69d962,孤独患者：月亮送了我只猫,4,-20.89696740049062,0.09450852264363091
8893b569b336b3cc,孤独摇滚，和波奇酱做邻居,3,6.753024838997796,-0.1309008754570399
7ca9628c15db4617,孤独摇滚：雨瘾症与社恐少女,0,-8.90054092756111,-0.06338227647142605
6a31d2021f66f7a1,孤独的寻道,3,5.705093149018452,0.05803615812538876
044680214ce71b1a,孤，魔道帝子，镇压世间一切敌,7,14.689037224547349,-0.11779173263298612
1e50911da76195b4,学会写作,1,26.991249221336886,-0.1608194428401664
f24ee281879c856e,学姐别怕我来c,3,4.319721930452751,-0.12439482504000846
789f4eef3a84143a,学姐别怕，我来保护你,3,0.8537070414348875,-0.11603063519631493
92c2bead9d22ba9b,学姐向我表白当天，末世爆发了,0,-9.201803640528922,-0.09846914301169599
f7da33125139e1ba,学渣老公他超凶的,4,-16.43066123447324,0.000189717739678269
d6cd46c8e59ced47,学神校草，你掉了个反差萌学姐,3,-0.8185592523192184,-0.08271205958663788
5535729aa4e0997f,学霸小青梅：我的竹马是巨星,4,-13.739639117563772,-0.012169068791189008
00c2b00b475bdc0d,学霸的二次元女友,3,3.788732133693621,-0.049507212118353267
8b5e44e2f78bb84b,学霸的同桌他又野又撩,0,-12.355185018124384,0.158130287737215
fe684ae2fa72f669,孽徒！好感度怎么又降了？,7,11.740741769180659,-0.06623677322369911
4d4a8042dd290b72,宇宙网游，我能指定掉落,3,-0.8824905725227694,-0.0866531195511506
e76cbb01dcdf1bac,守护神纪元：我直接贿赂因果律,4,-13.22112527682238,-0.008606996285214524
998fbad7d9a67287,安陵容重生：绝不和甄嬛做姐妹,0,-8.07394867266619,0.01109074709605995
9cca887a3732476c,完犊子！仙女都放产假了,0,-7.999627716017606,-0.006269706862557761
e257e609f670b98a,完蛋！在恋综被病娇前女友包围了,3,-1.0215467746663975,-0.09520039843730008
d027f67b8a00c66c,宗门震惊了：团宠师妹是魔族大佬,4,-18.704110838357394,0.11572885674329189
ba9d7f2fd94839c5,官场判官：我与罪恶不共戴天,3,0.6678540417332428,-0.12955575950161022
1888b37565bf0f7c,官场：一个小人物的野望,3,7.202531822328488,-0.024814323656561554
dcb097f006920eb4,官场：分手后，我转身考上省组部,3,2.050696374203447,0.04760580270564352
9bee0f94c11b67bd,官宣有崽后，反派被迫从良,3,0.6197671897823085,-0.05065807407352532
96643a1f8cbebd8d,官道：从殡仪馆平步青云,3,-2.38961770575888,-0.02380586707626045
e97199202c6fd590,宝可梦，从神奥联盟准决赛开始,0,-5.906169590971075,-0.06659372401582611
66c7d9c8250acbd6,宝可梦：我的精灵靠打游戏变强,0,-6.999426248685332,-0.03537930935595504
f5d5a24ccefcb725,宝可梦：智娜圆梦之旅,4,-16.133360632957846,-0.11062163949215095
58c668256c231245,宝可梦：要和莉莉艾谈恋爱,0,-8.246081694067307,-0.12557959129608867
24bda9acdef6bb2d,宝塔仙缘,3,2.9422898516589626,0.019575278357637643
ab4220daad88cc42,宝宝乖乖软！被闪婚老公撩到腿软,4,-20.271616210807267,0.13114027386264177
126490236ea50a62,宝宝乖老公抱！病娇大佬低声诱哄,4,-17.572931354217317,0.0457373481557202
1aa184faf26c5788,实教：人渣小路的特别授课,0,-5.159372835962159,-0.018419268493033852
61bda2bb925fae30,实教：位于D班，也只能努力了！,3,8.289516257724628,-0.043615310595550266
64d093907e535be4,实教：我在C班当校霸,0,-3.26062711636218,0.0973878348969352
c34790c57761ce9f,实教：转生B班，废柴但有剧本,4,-22.85595311931499,0.27939202205474
729bee7285f1a74a,宠妹奶哥：和软萌妹妹的逆转人生,0,-7.10535061439969,0.04451344509067187
e3dd3af3e2bca716,宠妾灭妻，重生我退婚渣男嫁王爷,4,-13.852023371713319,0.079809507546031
fac07178eda3bdd9,宠妾灭妻？这侯门主母我不当了！,4,-20.915006883715634,0.12591630030799067
c24d1298e49e4470,宠妾难为：侯爷不太冷,0,-8.076741055468283,0.01521246201536905
2a466dcd07b2123a,宫墙柳,7,16.69100330973705,0.14534594400871587
57a2404b2af88562,宫墙雪,4,-15.408334972749397,0.017014790213382813
64e380441af7af10,害怕末日的我，三个月练出了鬼背,1,26.623248859578936,-0.08702105635853627
158acc042b428efc,害虫召唤师,7,20.568400406069948,-0.021426206423535682
d05a982eb51b0851,家人们谁懂啊，系统被始皇截胡了,0,-11.363454509851717,-0.0606898684167502
dacc1893f74546ca,家族修仙：我为镇族灵兽,3,3.0652895052385105,-0.1583195502056924
8a65186ea8b4ef0d,家族太无敌，逼得系统黑化升级,0,-8.967833511387774,-0.06363054152527478
cdeaafbb3e0a3607,家族系统骂我是阿斗，我躺成大佬,0,-8.366633115014729,-0.0031482148982748537
fa81d9085d75b998,家有福妻二百八十斤,4,-12.955412586417857,0.0774496054216954
d9a8b00b5cf090c5,家父李世民，让你女儿怀孕怎么了,0,-4.6484377796307825,0.0665625888378982
7e26bc11e53ff839,宿舍求生，我被拉进了管理群,0,-5.907177638722963,-0.15039707109789643
ac599fcae50be54c,寒假海外建仙山，春晚直播新纪元,0,-12.309144145072928,-0.05983261405675569
1bbdeacc0e6c3170,寒夜无声,3,-2.403068512940706,0.16223035616865897
bef4339990699fc3,寒门书生，开局收获美娇妻,7,11.656670771398467,-0.14683970039660146
f37b16e9f210c7a7,寒门养婿,0,-9.707596147280412,-0.011250146529426075
214543567df0fa4f,寒门小甜妻,0,-11.174532987992635,0.0034171899582728926
2803825bb0374bd9,寒门崛起：开局迎娶绝美女帝,4,-12.786788960241314,0.024471582716259155
b068a7dd7efb09fd,寒门枭士,3,2.9667091981740086,0.022194426805846212
0859d18e8555b831,寒门败家子,4,-17.881996450456274,0.140398048683901
cc9723025afa422f,对不起小龙女，我尹志平只想修仙,1,35.50439100819108,-0.053453467598889165
f0a22600e83643a4,对不起，我的星际舰队只招女兵,7,21.27879253186083,0.16651858742906306
60ccf3502a704aa1,对她何止是心动,0,-8.503608651573046,-0.06271193772139436
400cc99d29495ae2,寻龙风水师,0,-11.811900433519394,-0.007236252120713382
dbe2d29055d95903,封地1秒涨1兵，女帝跪求别造反,4,-15.79811544468108,0.9290745128803184
0b521fa70493bf01,封建王朝直播：从秦朝开始,4,-12.62275581327485,0.14424278701442966
bf87b412f60864e4,将门嫡女,4,-19.946957859161543,0.034570174877773835
6c9f0e2807928b6d,小公主甜撩！疯批权臣为她折腰,0,-10.166472630705599,-0.005599705308402425
4a12ba90bdf86bae,小区求生，但我被拉入了管理群,2,132.7687449614118,0.3232301042822135
bdbb9dca4e785089,小可怜是万人嫌，反派们带她发疯,0,-4.306994509836521,-0.1165655390135685
b5651076d2606e06,小可怜被偷人生，顶级豪门来团宠,4,-15.797931086500402,0.04665596832682503
d68338b7f47293e4,小哀！你别对这个神经病动心啊！,4,-18.595813316212258,0.0997502090800107
9e223c73f37bd4b8,小哭包总想洗白女恶霸,4,-14.17166608565729,0.09475164595834706
5d599adced1f474b,小宫女被读心了,0,-2.6490793477661896,-0.10174374071326006
7f49ba25d6d6f206,小家丁的幸福生活,7,13.295072657963814,0.03330964767336406
f3cffb4acb6b57f3,小少爷和小胖妞,7,12.195347899066604,-0.11307330525109185
381743e811be9e1c,小山河,4,-17.99501162380747,0.2528422544532631
f85b55c7b6705c14,小师妹有空间,4,-19.380305611462955,0.24737172912582242
ced0b900605d6a7d,小师妹贼兮兮一笑，诸神皆抖三抖,4,-16.532932320679446,-0.016416336223976785
05d4207fa9c4a7e7,小师弟可太不是人了,0,-8.769783827879884,-0.08180675138076052
a222f4f4947b76a9,小师弟要逆天,0,-5.205978278299206,-0.05320004404421566
d723221b3c78cde9,小明是怎么死的,4,-19.035005511823375,0.01983565442956653
53c476d63c08e157,小燕子重生之守护,4,-19.265867436778873,0.4538396950718855
7244ce0e5c418dad,小狗一撒娇，教主就作妖,4,-16.084596202976087,-0.017510561464350233
96d41d2a51d39195,小祖宗太会，病娇江爷被甜的发疯,7,10.365209439665605,-0.08040099160135525
bdf15012b86ae2af,小祖宗，那狼犬少年急眼了,4,-15.675511701429382,0.036193479504153386
4d2109570ca9a679,小花仙之她只是见证,0,-8.664707178340578,0.007019994990127426
13de39206fe1dcb9,小青梅，今天能不能也亲一下？,0,-9.687660488520386,-0.046640961086736404
78ffb55cac297766,小饿鬼和她的鬼王饲养员,7,20.852761167433087,-0.10943450691312409
faa9295eb3b70aec,小马宝莉：向死而生,4,-13.440897043692377,-0.088450530425523
0a5c59851ab8a938,小魔女又把圣女拐跑啦,3,5.7381921425945634,-0.12801414748389503
466f3ceb425a8d1b,小鲛人，掉珍珠！腹黑狼王他要疯,4,-15.452338078500347,0.058013796082612146
c9c1a07e693d46a8,少女前线：141指挥官,7,16.05773500780574,0.03108390417073023
a87443ae024892c2,少年歌行,4,-16.348536692412484,0.1610547651133459
6d543bf750b30c24,少年歌行：传承道济，逃婚李寒衣,4,-20.095013740353338,0.04455671773161096
8c1a8abfd393e8ba,少年白马醉春风,4,-16.179907820533252,0.1961188726215735
5cbbe77626cf1c0e,尤物,4,-19.093206955462563,0.020424301907075504
5cbbe77626cf1c0e,尤物,4,-19.120146936251135,0.02274166372770353
6572ff98bd886643,就算变成萝莉也要努力生活,3,4.4897850488052455,-0.020091694964624762
af3a147b409a83dc,就算是假千金也要勇敢摆烂,3,8.376973984639868,-0.06485158125075005
6d6d2c4f59024f58,尸王崛起，开局囤亿万血肉,0,-8.801620434503448,-0.11583299875666894
91148d449102fe3e,尸生子，鬼抬棺,0,-11.43269986940247,0.032748111413790276
ed7b713d0be638ab,尸起校园，求生从裸奔社死开始,4,-14.050251717917263,0.008351248647942039
d3c73d16aad30657,屠灭宗门的大师姐才是真疯批,1,27.592913441942954,-0.0627683726766606
84c3dfa7152806a6,屠龙公主甘巴嗲,0,-6.3151772493336225,-0.10062440102809453
821f7ff03a94d9c6,山河志,0,-9.23544318129781,0.16736189949148966
d32867ab93d4dbdf,山河故宋,1,28.46038622796685,0.0669265941573067
0cb04d88b19c5256,山茶花精她成了反派的白月光,0,-4.650888572970558,-0.06233704398587245
d91bcd3b8d083ad6,岁仙传,7,20.085944392656295,-0.10399233531999783
f74c3b4fdf982e25,崩坏三之迪迦奥特曼,0,-8.940533436420097,0.024808944804393468
26dad7c148d28108,崩坏三：开局被奥托授予副主教,0,-3.8594130909030966,0.034832492388842506
114fc10f0e8b3f33,崩坏三：浮生历历在目,4,-18.50749392857801,-0.027685427718475097
a78852cacf285175,崩坏三：爱莉希雅的都市游记,4,-14.195625318293072,0.013190788140954757
d8c59668a5ed0f5c,崩坏之逐火的飞蛾,0,-7.5592325094789246,0.012221616972105775
00dcfbf2128a2aea,崩坏之际,3,7.948640002989464,-0.001301545565200346
7988b6fe3204dcca,崩坏前文明，开局强吻梅比乌斯,0,-4.098641551072042,0.02988028980143395
28c94c3e07a35cfb,崩坏幻想乡,0,-3.137447835340616,-0.012162861872763525
a82f56ce78b6f541,崩坏的假面骑士,4,-18.48115649327971,0.17952411159607312
cd53ef4cb714ecc9,崩坏的旅途,0,-8.227986285133433,0.12362642543978837
602abffb0367649e,崩坏行迹,0,-5.61089323540385,0.128258317194317
fb7a209d67c01677,崩坏，万年轮回的末光,0,-4.7347704433781885,-0.02425635804934842
1c46caf68fe3e948,崩坏，她们是二周目？,6,49.822262976734194,-0.07122299834413917
9c52436c028d9685,崩坏，我在前文明,4,-17.8228620022183,0.1589645026555245
a63707f6957b5385,崩坏：人在三崩子，我好像要死了,4,-13.307638861942849,-0.014489703575773366
7ef3e00b21e4dc62,崩坏：前文明之行,4,-16.579764609879028,-0.10525394174870681
531cc20cefd474c9,崩坏：天之镀层的观测者,4,-17.443037287956617,0.4286246396163558
eb992fba36085139,崩坏：女尊模拟系统,3,7.710950396821005,-0.019335484373359746
7569bccfd7ab7f5c,崩坏：完蛋，我被女武神包围了,3,8.663878779370016,-0.01420475391572748
bc63e293c3816e46,崩坏：建宗蜀山，我传道修仙！,0,-2.576472918533419,-0.041093147535277014
351da49857ad2d57,崩坏：开局与希儿同床共枕,0,-7.084193472080365,-0.06659772595868171
abc24e7c8400d2a3,崩坏：开局为蛇蛇赚取实验经费,0,-9.789910334044386,-0.1627062057257229
c9b70dbdf31b8b8d,崩坏：开局加入逆熵，制霸娱乐圈,0,-8.356989986388648,0.0050622574788868335
a0da4f459bd0d1c4,崩坏：开局变身褪色妖精,4,-17.068924961628188,0.22255223532578858
2a1373b758e587b0,崩坏：开局律者，重生前文明,0,-2.688245313090647,-0.07565414708261484
476430a74507464b,崩坏：愿美少女永无泪水,0,-6.765345441395958,-0.03698401683211708
3443674e1318096d,崩坏：无上黑希儿,3,9.093803140411772,-0.011657322834002476
f7d74a7594d9ec7d,崩坏：死寂之主,4,-13.267004508461177,0.2522174754992842
fcfff48fbd6bbca2,崩坏：现在是爱莉的大冒险,4,-22.18295306442202,0.11707688664685029
b1d0c11bd52b9b78,崩坏：转生卡莲的天命生活,0,-9.433781642637612,0.003545916673870164
1de35bedec64b647,崩坏：逐火工作室,0,-11.518580762564476,0.11352322071045759
a49f2bbf97748872,崩铁：一切从贝洛伯格开始,0,-9.8778606747764,0.04649234616387296
bc601750381f0545,崩铁：叫我？在下黑犬，姐姐银狼,0,-4.1205283644604265,-0.015647871291977367
03b0452c9a3b2541,崩铁：开局被镜流告白,3,-1.8320913940410506,-0.13594140266781338
7d42891cb1e51add,崩铁：攻略世界从银狼开始,0,-5.560387635270921,0.05514963213082785
83781f9df23a01bf,崩铁：虚构即真理,0,-10.292275994429119,-0.08069945007221638
c95c22babb53509f,巡阴人,0,-8.031166257056405,-0.09564753276934754
8cab1ba50335e17d,巨星养成计划,0,-2.5220543149778436,-0.12974116344368783
1f84b168838680d1,巨龙：龙界,7,15.636916646032333,0.04207130786200777
fb019cc93a8e4b7e,已亡人,3,-0.1493831104536767,-0.07254446405996082
c855d6a3b92235da,帅小伙,4,-13.394876039772534,0.22642716897385945
738a08d452b0bfc4,师兄他总是想回家,7,12.182521577673732,-0.06564224911536451
c568a8dcb1fb3f0a,师兄就是个祸害,4,-15.583676551477005,0.22228347937847268
527a64643d30d3c9,师兄，别再跟着我了！,3,2.93558651552744,-0.014678986065951166
fd3d45b2aad28153,师姐摆烂后成了修真界的白月光,0,-3.525816299471032,0.00066912376245154
30ebbafb94b66ab4,师姐的无情道又疯又飒,3,5.188379609390019,-0.060316266958703596
78220f1f582fe241,师姐的脸不好打，主线任务容易卡,0,-8.240478812765375,-0.0833791773366773
814c520bb98c25b8,师姐，请自重！,3,6.202596522451799,-0.010333569289312255
bf6531ef11a25e8b,师尊在上，女帝回来撒个娇,4,-13.539078754694696,-0.02579949077096441
40c9fa780434b4eb,师尊女帝：弟子这孝心不要也罢！,4,-21.751153249395752,-0.02645345702906504
51d2616f520ebd9f,师尊她看我的眼神不对劲,0,-11.301459570297965,0.04608529103680159
8665fdae8a17a7e0,师尊如此多娇，总引疯批逆徒折腰,3,5.621710709075479,-0.10582170738726168
bdf4a0e82be9a69c,师尊每天都在装高冷,2,99.73558962247331,0.0394915915146791
102127bf4e8f523f,师尊：这个冲师逆徒才不是圣子,0,-8.971088702114116,-0.020793509560804196
73213390a4481765,师弟们都是大佬，那我只能开挂了_7174231870412950580.1,7,9.372088234211851,-0.1365545321527142
6953b6f39aae6f3f,师弟们都是大佬，那我只能开挂了,7,9.935800216073233,-0.13632382475998553
fa68100ed251d380,师弟，你走开,7,21.62883048283217,-0.06747433749320772
5cfde8733f582ba2,师父，我真是你未来老公！,3,9.12733125368947,-0.054488711599825684
214db6b22ff1d03b,帝师王婿,4,-12.600617724725431,0.12694216070121994
e255c58bd3760c26,帝皇召唤：玩家快护驾！,4,-22.30353565820518,0.04921290784008525
cbbc0502ed7b1f26,帝皇类唯一职业！开局拉人进内测,4,-18.801211452406225,-0.1716932553716561
a1522efac21c2de7,带病娇崽崽上娃综爆红，影帝前男友拉我领证,0,-11.661741984791878,-0.07905716607571964
db9ac1f1009270a7,带着仓库穿越：我养了一窝小反派,7,15.181286734617586,0.08565123130185043
2d2e1afaddcccadb,带着宝可梦去综漫世界,7,17.785371870767463,-0.07055763300023546
9378756cb527099e,带着物资全家穿入一本末世文,1,27.004432364342108,0.11829216769327111
fd30964fff4cd34e,席总又在哄他的娇软大小姐了,3,2.8787710971264318,-0.14014502240448415
84f8693dfef83193,帮校花攻略男主，她却说喜欢我？,1,28.43926796336993,-0.084556454131305
572c19a7d99f7f1d,平平无奇的穿越者,0,-10.865326971967939,-0.11896936877080841
1b3394fa7fdb1f66,年代：这支高岭之花我摘了,7,11.758403281339199,-0.04099813541776462
a10c7bba92ade66e,并潮,0,-8.885770379587754,0.004365931126185635
a7b39f121e440beb,幽冥长生,1,33.69301584006561,0.045132241004806894
7cf36c68a5e60913,幽能时代：我开局扮演雷电将军,7,16.386204843695438,-0.058028020615901926
b960f65b62c056ec,废土纪元,0,-5.991463424206032,-0.0322561467835529
fbbba55ca0bb6355,废墟图书馆都市新生,4,-18.04872919903163,0.2804549431031201
5b6ed0a526888bf6,废柴魔王的斩神之路,3,5.43846042841961,0.018110023951097703
a8ab0168eb4d322a,废物皇子：为何要逼我做皇帝？,4,-26.168630503055144,0.2225266335645153
0492d310c250deee,庶子的小通房,6,52.690036217200884,-0.009724428158360332
389b1d3af5b912f0,开始模拟：这个史莱姆又苟又强,3,-0.5432158765019679,0.2846343576100577
547604946909819f,开学报到：我开了一架直升机,4,-16.52365317883787,0.02876922006704069
f56ebd8fbfc9d280,开局一首活着，让全网破防,0,-12.516869456114687,0.09833126947201613
ee8ebe7d6bded62e,开局万亿败家资金：神豪她美又飒,0,-3.359898167466099,0.00261578006033239
9d32cf9b18ea341a,开局万倍返还赤阳圣体，师姐请自重,1,27.5279702979865,0.0299212122772414
ad7f9fbee47d3af8,开局上帝之力，我加入聊天群,7,12.664284026719777,-0.017464370134941787
9ee727f5d732b42e,开局买下双胞胎狐女，亲亲就变强,7,23.099959203027126,-0.132973231884194
c57149a6021a7735,开局亲吻女鬼！没想到她竟是女帝,3,1.2636792472272944,-0.05018365315267673
ecd8c2ffa2090d0f,开局仙人跳，成为魔导王,6,67.00672771945949,0.05269109346839257
35f8c8b8bb3aacb6,开局伴生混沌世界,3,-1.3819602535291793,-0.19035271617188607
22dae21e78dc4cbc,开局俩系统，当场干掉一个！,0,-10.668176885172713,-0.033059644574706476
b81cbf267c2cf8a4,开局停职？我转投市纪委调查组,1,33.93318957509504,0.06913476330875717
513b0a194cb99590,开局几亿个守护灵,3,-0.874016042407284,-0.11196963970664134
c52c4323d42313bb,开局几亿个满级账号,0,-5.51400859311795,0.05699017753882826
904730e75bb2addd,开局刚无敌，系统送神兽做我老婆,4,-13.669384279670002,-0.04154582071680338
795c3eb6f234c821,开局创建米忽悠，治愈全球玩家,4,-21.628834989036932,0.32251240734155023
641735e848604629,开局制作末日游戏，震撼全世界,4,-17.73228290525077,-0.07608456379914366
c23035725cae97cb,开局制作游戏脑叶公司，虐哭呆妹,0,-4.558945378820091,-0.02804134598784236
27b302d0d8e4803a,开局卖鱼，其实我早已成仙,4,-18.070003179554348,0.03504391877210944
d1c6691a09b8457c,开局反套路骗子，对方吓到要报警,0,-8.313978657231985,0.0939436285971042
055caced3fd582db,开局反派跟班，只剩半章寿命,7,13.624715781566692,-0.0013974974274964247
a8a61bbdf3838c4f,开局变成一棵树！,7,10.047014809187331,-0.1096973206196141
98e15fc3755c186a,开局喝退百万大军，想死怎么就这么难,0,-9.456878242569672,-0.011891517415003328
995dbe7a4e416ce3,开局地摊卖大力,4,-27.052474916603337,0.0019442165626481767
ec2574e84cba58d9,开局坑吴夑，竟被小哥拉去盗墓,3,5.344353061598326,-0.04903251307157472
735495e7546ef07b,开局大力地摊，我有无敌领域,7,14.598861065858898,-0.12127115151918752
e7ca4fc5df1a2edb,开局天灾，我靠囤百亿物资躺赢,3,6.785746572137242,-0.07433423936741326
42ac919d290deb1d,开局天灾：我囤万亿物资当统帅,0,-8.688457286214913,0.0482959811153062
b052e74fcd7aa8ca,开局天赋失窃，去往第二世界复仇,4,-15.79098892914492,0.054906012571739604
3f204bcc166517b1,开局奉皇命娶老婆,0,-7.579355199512328,0.03345112700707634
2b3af28d620d9bf5,开局女帝做正宫,3,8.348489581387241,-0.003436743519017932
073697f9530493ba,开局女帝想要个孩子,0,-9.359879612736052,0.04026317464153681
3b5bfcb76cab8deb,开局好声音歌坛魔王降世,4,-15.724009740068798,0.11193783502627798
603210be08dfe8d3,开局威胁女主，这个反派我当定了,0,-8.484063957635065,-0.055992585752797114
9a7a9912743d6941,开局娶女帝，我儿都有大帝之姿,7,9.353333260939635,-0.0920522178596809
f88c3af4f618f57b,开局婚配白丝龙娘，带着她去斩神,0,-2.6699380335257175,0.053135280374027094
870ed377b94a3840,开局对弈失败，但没说要变魅魔啊,4,-19.26938626367332,-0.18758347403383954
21f6754b11972b9c,开局小学生，留遗书上战场,1,25.299649033120104,0.1278452766813018
e1af59b42a54dbc9,开局就凉的炮灰是满级退休大佬,3,6.501446350715767,0.08516032909565163
10bfa716870d16c1,开局就失业：返乡途中卖盒饭,0,-5.733191954899162,-0.033954718308403214
3a37f09f70e505c8,开局就有美女江山,1,27.95863605005735,-0.05559129567044638
35964f3034d88e79,开局帝境宗主，无限合成仙人长老,4,-23.767110399602753,-0.04552082833780155
ff4471852bf210e0,开局忽悠校花，自己是神豪,7,22.110059099177747,0.04657130783818095
adedd8d3f5c66ae8,开局成为禁区之主，大帝只配看门,3,2.2829391712415656,-0.1394835263363072
7bc8a3f2fba03b4f,开局成为首座，签到极道帝兵！,0,-10.933968134318157,-0.05535100747532759
f0a610c7e7027e22,开局成帝：杀得女帝跪地臣服,7,10.577171707031795,-0.006896389505142514
765cefd72786763f,开局成柯南？灰原让我来守护！,3,4.896914133696747,-0.05634129077413533
8423489c8078aff5,开局我吃了校花,0,-2.6569629959791072,0.10098238378103924
207db85dec4474ac,开局扮演弑神者，我将处决神明,7,17.802890075670646,-0.08651451515280736
8a6f2b1ee2fa6aa7,开局抽女帝，把把抽女帝,4,-23.75921409988965,0.017350177615192003
65e6eebf3ff22a30,开局拒绝当反派舔狗，女主慌了！,0,-10.564160586657223,0.05098353271367764
7c55a7eba955ee99,开局拥有和平精英破解版,4,-15.54337676214017,0.041177682381670744
d2f330676962cc61,开局挥剑亿万次，我斩神震惊全校,4,-17.52442751725631,0.07817402816922883
802383b25d9e5431,开局摆烂的我，横推九州八荒,4,-13.708319741506035,0.05082354004963746
bab1e73c9aa9735d,开局无敌仙帝，打造万界第一宗,0,-8.869568819923003,-0.08204381971708866
0e0bba864a8156f4,开局无敌，创建势力搅动诸天,0,-10.063814561618521,-0.07086612769239145
6b665d57c7bee2ae,开局无敌，打造万古巨城,0,-2.600599840394054,-0.11568289512345395
83c777d5eafc658c,开局无敌：帝境之上，纳系统为妃,0,-10.495605678528243,0.03245862750456757
01a5fb1f5379238a,开局替皇帝大婚，我假戏真做,3,-1.4547440575257653,-0.03996633745357711
2bf2dea71411cf5b,开局朝廷发老婆，我娶双胎姐妹花,4,-24.361399819362017,0.2251915670285737
02f6a09a5e82f6b0,开局欠恶劣大小姐一个亿,0,-11.49767722785036,-0.051578167421394955
f57c0658fe3285d3,开局永生不死，我掌控时间！,4,-25.528853669010974,0.07494506797827646
11301937ab22a110,开局沙奈朵，一不小心成了冠军,7,13.098532921232497,-0.049763238846204344
b27bc1d46ac83363,开局混沌剑体，打造不朽仙族,3,7.2390533032369575,-0.09144972081083177
2800400d8efe6da9,开局炒股赚百亿，美女行长来倒贴,0,-7.916167161125351,0.10569481659457725
3613217d7e3d4662,开局点满气运，我苟到无敌了,4,-17.426775333020004,0.02007196839288325
beb48a067e958935,开局熊孩子偷外卖，反手索赔千万,3,7.469841411627641,0.2197699642737195
943d1ecc8da46252,开局玲珑仙体，我成为了绝世女帝,3,-1.7017365219102132,-0.1250399299071289
02dfaf8789cbab99,开局癌症，分手才能续命,4,-21.426375128937313,-0.048097576414620674
d1b8d164150e3630,开局百亿惊悚币，豪拍妖艳女鬼王,4,-14.902078402672437,-0.10863460435789277
22a5ba3550067111,开局直播高空救援，全网泪崩了！,1,29.613046193241004,0.06816266879754321
b455c1793d107f1f,开局瞎子，我让校花愧疚一辈子,3,8.643880994134747,-0.05198008477006141
0d335cf7e388eab3,开局破大防，直接无限资源,4,-22.883171491254032,-0.1475543317564579
794372003dd6bb47,开局神君，我在规则怪谈嘎嘎乱杀,0,-3.8353341315829894,-0.09451037795947811
7940a737556f5b2f,开局移植妖魔心脏，成为绝世凶物,4,-12.675270974940688,0.1305884115206568
557a140c44d09971,开局穿书：我竟是反派高富帅,3,1.2258178283377674,-0.10019673037786955
196cb08730f0dd22,开局突破核聚变国家分配校花女友,4,-13.312591909709933,-0.0021824360749501392
9f0c47508cee8c96,开局签到混沌钟，收徒反派女帝！,3,8.38873568732776,-0.015066081060758574
5a97e024b564adda,开局绑定女武神,0,-7.935014555751039,-0.058440297869422814
9d5cb1daeaeb7c51,开局继承宗门，弟子全是玩家,4,-17.558908548349518,0.08747055116746527
da444d797d315e14,开局获得了穴位升级系统,1,33.37230953987374,0.007054496144036526
cafade2fec3675ef,开局被人一棒敲成猫耳娘,0,-9.936842887846979,-0.023524014341963995
0410496fa988dd58,开局被甩，第一台手术震惊世界,4,-22.510934950763257,0.11114899258594611
c449436ca247509f,开局被逼婚，超甜明星姐姐倒追我,0,-4.80338491741999,-0.05536234720141639
f7ee3db68499e6be,开局认爹！修真女配一秒都不被虐,0,-10.310268037982993,0.0052083249048794356
bcc93878ce9f0686,开局诡秘天赋，焚尸就能变强,7,18.723261848222783,-0.09993591625676387
6459964e658efb16,开局调查员，原来我才是最强邪神,4,-15.489583987435697,-0.0066964860442051966
62fa54dc18c9276d,开局赐死未来女帝，我昏庸就变强,0,-3.0453324170171925,-0.0721008585069838
60ad9258a03e3c97,开局逃婚，女帝们喊我吃软饭,3,-1.7936633680333713,-0.19467861061216438
0d0e22bdbead5682,开局逆天改命，我是最强师尊,7,10.923519163002943,-0.08990057651726632
6aeb82f2db8c4e71,开局造梦黄泉奈何，地府震撼全球,4,-15.272236380744776,-0.07501445551526251
ef5277b13271367a,开局逢魔之力，我是镜世界庄吾,0,-8.821586059228721,-0.08764992603373958
7c11e17cae831e1f,开局长生万古，苟到天荒地老,1,36.357195137139726,0.016212801738476335
3065b2a2d9ed75e3,开局长生不死，谁都以为我无敌,0,-3.9421213609134895,0.20779861295210209
aa74b2dfc234265f,开局震惊女帝：身为魔尊的我方了,0,-8.919229776070047,-0.0876218226950127
65f9016a0d0e5fa4,开局领证，形婚老婆怎么天天撩我,0,-10.403314518235511,0.07190103170156034
430e44c8914e4463,开局龙阳圣体：放开圣女，让我来,4,-15.999501955542584,0.006700563903390272
b2308fc22db1f2ad,开局，我成了神级反派系统,0,-6.1974370682906965,-0.08599138695708666
78cd3edff1a49233,开局：从逃离稻妻开始,0,-4.600661859606333,-0.0194569479881308
542ca25cad1c37fd,开局：我有重瞳仙骨混沌道体,4,-19.154347417009827,-0.15063932393253646
33c6f07d4057a4ce,开局：自己爬棺材的老祖宗,0,-12.228793210732135,0.0837646497042421
f9126e5a8421f8ac,开局：被系统关成了精神病,3,0.7306585470278719,0.018960317838175172
32d6a70aa3f6e362,开店，然后捡到猫耳少女,0,-2.923244859393911,-0.044215437259501805
5bc3b35146cbbc00,开通卡池，洪荒诸圣都抽疯了！,0,-4.56339020833709,-0.011039514778854731
8be93e813191010e,开金钱挂的我只想苟,7,20.937314725580805,-0.061101320013095456
0e24eca3e6815778,开黑吗？我欺诈师贼六！,3,2.6321284281327593,-0.06679492845574156
d0e5e6f32b6a47bf,异世厨神,7,22.801075923982566,-0.0942379744974167
c39f43d6ab9a2cbd,异世界漫游手册,0,-10.64479647793469,-0.03491001499147631
ae14c0ddd3ddd618,异世界的勇者竟强大如斯！,0,-2.6919604950029594,-0.11234815278091445
e96ed901d510188b,异世界！我从奴隶到征服王！,7,10.701367645563813,-0.09610443172570396
616e8abdfe16ee40,异世界：开局被朋友病娇妈妈抓住,4,-15.266413669787713,-0.016886938671026253
190becf5db654cc1,异世界：我的人生开了挂！,1,40.71206356645489,0.05354755590709481
b7de35b95dace47e,异兽出现？我反手举报,0,-6.418064104597839,0.07514227473444915
f5127babf99d9014,异兽迷城,4,-19.58761033014989,-0.06387466365992209
9dfa61a588c39ff1,异常存活：化身诡异少女,3,-0.25863990285200344,-0.1089213367986536
711dbe209f20acdd,异数定理,0,-10.260823223107977,0.06553986311386498
9b7f7053525390e6,异族入侵，作为食材居然还打人了,7,20.076920753463526,-0.053001502078564494
bc6cf4cff8fc2946,异界之魔兽崛起,6,49.40046254226806,-0.07941175674178039
f5349433fa111ca4,异界之魔武流氓,7,11.388115644700143,0.05095018463203271
a987dfdd881ada38,异界：厌战魔王想要不战而胜,7,13.927209473925686,-0.024476013952627662
cee5c9df12fe56d4,异界：工业帝国崛起,3,2.2248792294436655,-0.050999616639879924
1fc4da31587762c8,异界：开局买下可爱的兽耳娘奴隶,3,5.109801116726182,0.07047918017485369
0819e475a5d44541,异种规则：收了匹配者们的嫁妆后,7,20.768012944112314,-0.13116957477333815
c8cd90c1a848ab2c,异能觉醒，我成了妖刀姬,4,-15.231722406815447,-0.11613996865331075
4d4598bdbdb8a009,异能，病娇的她不想放过我,1,27.29625509141448,-0.048030983489309315
77df2702b9eb6479,异能：好感度系统逼我社交变强,0,-7.280621343465199,0.04946846182646211
8981991edd5aa992,异虫迷城：触手娘的养育手册,3,7.398627541888274,0.02273521089925526
4c3fc9193d4dec2d,异闻录：神州诡事,4,-23.418942903244076,0.30227725354071616
670c3624095d64c3,弃女轻狂：毒妃狠嚣张,0,-8.319647809025454,-0.009915785211610156
c051737b953ffd65,弃少修仙,3,8.026293010369095,0.1003913504120611
30a37bab19496f4b,弗洛伊德，性学与爱情心理学,1,31.093982178541665,-0.23921486287779228
00231a241190ce18,弱鸡的我，却被正道人士奉为无上圣魔,4,-15.559193232058732,-0.01638570837436573
936659f223464c49,强制宠爱！野兽老公他步步沦陷,7,17.885943823048954,-0.12326294787768058
83dc80277ac9d004,强势诱哄！娇软菟丝花她跑路喽！,0,-2.8578729084252146,-0.10065893380718158
0f33ca825a5f935b,强化子嗣，我的后代都是仙界大佬,1,44.38238415157869,0.07542449887109837
2a49b8d735f5b088,强取豪夺锦衣卫大人贪娇宠,3,8.852547659708037,-0.036410890820720715
c23ea139460eb950,强帝传说,4,-22.57716013085573,-0.39752207275852913
ded3bcf0e6056d27,强扭的校草酸又涩，重生她不追了,4,-21.360051762096557,0.0771463979690549
4a2e923d98d4da70,强拆我家？晚上别睡等鬼敲门吧,0,-7.968075060457394,-0.02578535666508064
398a49406ae421ad,强撩！暗卫沦陷后，只想以下犯上,7,13.310520934462247,-0.11294047774179558
261907f93da1b4b2,强风吹拂,4,-19.914117247483354,-0.04406577999307984
2f0d09a3b0ccaffc,当全世界人类都消失以后,1,42.09814980771765,-0.0009368791735136217
ca6f7f2860803d9b,当反派不在摆烂后，气运之子慌了,1,27.756450731775985,0.1400602859201447
f7b4971fc16a5214,当女剑修开始快穿,4,-12.74046519946149,-0.05505574907223007
fd492d400c1780ed,当我在规则怪谈百无禁忌,7,15.513972454588455,-0.10133055269549532
77fb877ebdc4df3c,当我在规则怪谈里开始叛逆,0,-6.250996970023522,0.017730768222350257
5a65ce6b73d3df97,当我奔向你时,4,-18.844531415102093,-0.00031540820844827566
563f605d1a9e4957,当我的AI女友变成病娇,3,3.5534795837331146,-0.03400883717765943
155861fb9a918fbb,当我的童话成为真理,3,1.4092576337765195,0.0016471339380758343
2f086d80df99f12f,当杠精沦为炮灰女配,4,-12.75885608211873,-0.02599582500038522
697f1ddd3da7591e,当死绿茶穿到你是我的人间烟火,6,64.59301921195662,0.05916713940049578
20b2de2748837550,当满级绿茶快穿后,1,26.794732548946513,-0.20759876266425095
94e7af47784b6636,当炮灰大师兄拿了女主剧本,0,-12.30281582121297,-0.05794894945428061
9c3708f37de366cc,当社恐咸鱼被病娇囚禁后,0,-2.7818906770369907,-0.11640258629478242
f4a880644b9f34da,当逃生boss穿进无限流后,0,-12.417313959062053,0.0025675077359649523
18643a246b61498b,当金丝雀进入无限游戏,3,5.804280898448766,-0.10985052822156297
bc9187319e72f7cb,当龙傲天穿成abo文里的o,0,-12.002863201667168,-0.09381458199747747
cfe78cb6834ad7a2,影后快穿：病娇忠犬又乖又凶,0,-4.9666621544948555,-0.11882171930194693
f57620485022f057,影后的娇夫又动粗了,0,-11.622707171635582,0.0028089115749470317
1d69436dd7d736f6,影帝他总想对我图谋不轨,4,-15.417598848352288,-0.10248183579088113
6f910d10e2f834f2,影帝前任在娃综靠反向带娃爆火了,1,30.655925143490236,-0.09187201791354907
5a44e0b37349684f,影视成真，从柯南开始,4,-14.324034098778917,0.16185909018136702
55f342fb6767b609,影视穿越大反派：开局暴捶易小川,4,-16.15208554318923,0.11089641482950885
2358930ae499c2d7,征途星辰：我有师尊和七个美师姐,3,0.18838144255424538,-0.09296275197323647
7d3e28e190a575e7,徒儿莫慌，为师在此！,0,-3.8236494530732443,-0.02404117740473946
9e68e76fade2015a,徒弟太强，我成了学院的传奇导师,4,-12.573904269291074,0.07120675188664655
a2f1239863b8f449,徒弟都是大魔头,7,12.005011089312163,-0.0778928767149902
b7f37877c9b7aa66,得罪清冷大师姐还想跑,0,-7.930551477099883,-0.10529447260914152
9e160215b012609c,御兽从水母开始,4,-12.868120369073512,-0.056777001435209334
b7336e88ab63c64d,御兽师的我能看见进化路线,6,83.41065543377157,0.00701149888170699
9ece47b8c6c27ea7,御兽：他们都叫我天才,4,-13.791496892461005,-0.11560149462969008
516754caba7b55ca,御兽：开局一颗神龙蛋,4,-22.23985519033844,0.09030363209898276
ef0f850b41879179,御兽：开局契约九尾天狐,3,2.1428270844302517,0.02110781092829711
52abaabdf98411bc,御兽：开局玩蛇，我直接成许仙！,3,6.977317829320967,0.11310660587797419
f43c04ae6f2c51e5,御兽：我在御兽世界开盲盒,4,-21.862417451476347,-0.1400870463257525
5d964b1269efa8ca,御兽：我有一个简化系统,4,-14.800874059675152,0.006744139547155081
34eacd1c3614aa8b,御兽：我能无限合成,1,38.1896895581195,-0.11427957654321166
5cbb1505ed81547e,御兽：我能模拟万古神兽,3,1.6335898530693527,-0.2001247301823262
b0b00fabc3aa5a2e,御兽：我能看到隐藏进化路线,6,50.73798937832812,0.07389425264831267
e99232012e59e18f,御兽：鹿角鹰眸，你还说不是龙？,4,-14.831081914818025,-0.056320740422582144
9bf9863d73cdeeaa,御女心经,1,27.67961395594355,0.11794943869792138
9d8ed7a79d88dbda,御姐总裁生球不认，我反向带球跑,4,-12.830546876931429,0.16700031535045606
9300f427614f39db,御灵：开局觉灵圣翼天使_7004893284837362727,4,-12.675422838036809,-0.01686462169547495
d648dde186491555,御灵：开局觉灵圣翼天使,4,-12.6751036507025,-0.016869137881376117
a471118cf59dad21,御舰飞仙：我在玄幻当舰修,3,0.21558722184128953,0.03452100764054131
141552c3bd16992c,心动游戏！财阀薄爷他玩不起,0,-10.957609491033956,-0.0256057408372021
0092afa13aeba052,心声暴露后，疯批千金作成小心肝,0,-6.185902744257888,-0.0757851144169727
5c0323269912d08b,心理学的100个基本,3,-2.479975438879741,-0.3127081875878672
604a7feeb3b66444,心肝宠,0,-10.51816115559265,-0.016111718429246136
92978c87f66a69a4,心跳越轨,7,15.3845742405695,-0.09079056441128638
5f1e08e596cd093d,志怪：我一太监养群女妖很合理吧,4,-23.57581725329488,0.12403942731780622
4da7cf7b7a945f9b,快成仙的我，被青梅制定学习计划,4,-17.649896892679944,-0.027836538713631648
768152c31cfffa86,快穿万人嫌逆袭：大佬都在火葬场,1,38.368500183496636,0.05426922208617396
10bdd805a4c69a47,快穿之万人迷小可怜她惹人爱,4,-18.4742356096026,-0.07170973067536887
0ef33d07e50364b9,快穿之予你永世追随,3,2.3778310740093858,-0.04640429290421702
5c32d53cf1167c46,快穿之全能管家,1,27.581832823208316,-0.09081726322057945
4065d0c1def012ba,快穿之大魔王崩坏剧情,0,-6.244259055263186,-0.00665931701499603
fb3a7c15cf0c2866,快穿之天降萌娃,3,3.826567785447722,-0.1296805714123395
a816778fa677540c,快穿之她人美路子野,3,9.243119011771995,-0.12356963221546421
f6322b00829053cc,快穿之宿主她软又萌,7,17.612911170467605,-0.05842814304471952
ddb40e49c8ddf8af,快穿之宿主是个白切黑,4,-12.816809220335415,-0.04616543060454478
2a52cee6addd5777,快穿之宿主真的是个普通人？！,4,-16.17523540501269,-0.03952293320544617
1cb9633f54088150,快穿之当娇气包拿了万人嫌剧本,0,-8.480412173764151,-0.13790738703218788
2e5b1c1ab3a8cf61,快穿之当绿茶被迫成为舔狗后,7,13.505960286553801,-0.14181465274310126
6a2b1d252a0c3b20,快穿之恶毒女配只想苟活,3,-2.4269968285967565,-0.21831481318064896
074e73551581c9d4,快穿之我在穿书局里改剧情,3,-1.330562896931049,-0.026704862604700313
a629cdf3d5dc0a5a,快穿之我靠养崽封神,4,-12.738662474848073,-0.05266330429879426
8f9bcc012ac0f9a1,快穿之攻略任务太难啦,4,-19.407055804199754,-0.0322427227573103
44cf4f674df25730,快穿之普女拒绝万人迷,4,-16.463253961530672,-0.06373814422247645
84ccf6b209af40ee,快穿之满级人类愿望清单,7,15.03911313351864,-0.11868128616912801
12b730f115a6c7e8,快穿之漂亮炮灰又撩又迷人,3,8.363677366320715,-0.07333511889773861
ec0f4835e6f41da4,快穿之男主求你按套路出牌,3,-1.6095583262365025,-0.10065148386490894
7186cf218b628091,快穿之疯批反派大佬竟被强制？,3,8.997778195999771,-0.08128756449035204
067d8b47dadba5c0,快穿之给病娇反派送个吻,7,15.572824332839652,-0.13486268632840134
9211ba62d896f29d,快穿之绿茶女配是小撩精,7,20.34292050185961,-0.07365002126349865
5aa72cc8380cd0ed,快穿之远离渣男后我被反派宠上天,0,-9.627708045272087,0.07713558434084183
819b43a1360bd0ed,快穿之都是我的踏脚石,0,-8.155981808108194,-0.06416312251029163
26ab6880836c23b8,快穿之魔尊再就业指南,0,-7.416529054481913,0.037552552677709655
46e6f47470387a38,快穿修罗场：渣男哭着吃我骨灰,4,-12.998043669995209,0.02198041375336937
4d1ebc50be62d2d4,快穿养崽之宿主又被警告了,3,2.7233913457733436,-0.10159708214858795
ddce141f82afea3c,快穿团宠：大佬她绝代风华,7,21.707745919004793,-0.1016272514659047
dff5dbf0bfa0d4d3,快穿女尊：渣了清冷美男反派,3,7.204721097358949,-0.07955484505569191
336382fa0c08a3e3,快穿当满级大佬拿到炮灰剧本,7,15.9074861919335,0.03996481361016724
174fd7169343ab22,快穿恶毒女配在线装小可怜,3,-0.6107846604460576,-0.1849294516771183
f002bfe4670161f1,快穿成渣男遗孀被病娇们强取豪夺,3,-1.9249113948140248,-0.04179442297581362
f4b99e5e6d82c47b,快穿攻略之病娇大佬又黑化了,1,43.49971499945056,0.01240083707388659
c474e6a4ee869d2a,快穿满级大佬，甜宠绿茶娇娇,0,-2.9746406050146987,-0.06238105967340865
3f28699a1f698924,快穿灵尊有个心尖宠,0,-9.233641960028372,-0.08894504473885109
93faa899027d5627,快穿炮灰：大佬惹不起,3,-0.4846893955677629,-0.19017062383916775
d203472716599b0c,快穿生子：娇媚女主她好孕多福,0,-7.881552220054672,-0.09803320851633376
c59deec8c5712ec2,快穿白月光：变身绿茶后撩拨人心,7,23.218741922046604,-0.11642054104206637
a99d103e0ea4578a,快穿直播：女帝强又飒,0,-5.148240100944733,-0.1760927910767984
950e7235713fbca5,快穿直播：宿主又把反派宠娇了,0,-7.193071306711495,-0.14051063380329334
f7e7694c483c9f51,快穿系统：宿主今天也要加油鸭,1,33.006218830589034,-0.08409166585841962
52eaeca1186079bd,快穿萌娃一挑五，反派成团来守护,3,-0.5306638793799792,-0.06059193418856615
40d3732a51ed03c5,快穿，可怜崽崽被爸爸宠上天,3,8.218560378656747,-0.16855716471001067
57830fa70c73c615,快穿，我与系统画押男人必爱我呀,1,27.096338324995457,-0.08394305961739054
cb12023095c618fe,快穿，我的金手指都到了男主手里,0,-8.877139344636987,0.011040335101993343
ce41b90aa30812d8,快穿，绝嗣男主？炮灰女配来生子,0,-2.5038992691967152,0.028868320162278832
d2f63d40db8f90f6,快穿，薄情渣男悔悟后又宠又撩,0,-5.440883973902054,0.007581970050394821
45eae4707b9a8660,快穿：万人迷渣男总深陷修罗场,0,-7.657762686453097,-0.10562652393700708
169c44bc32c97c28,快穿：专业位面bug修理大师,7,9.344403808816836,-0.10125977016894008
2b611ac57314fbba,快穿：乖萌小丧尸抱上大腿苟尸命,0,-11.631843136654538,0.014413867361154353
526baec4aef4a15f,快穿：人家这么可爱当然是男孩子,7,11.742603143617025,-0.028219280414756853
2bb116f4e1afafce,快穿：偏执小可怜要哄要亲要抱抱,0,-11.056039977563884,-0.005429076742814343
4deeb17cafbc6534,快穿：偏执男主他逐渐不对劲！,3,6.1789864823832445,0.027629114408879996
ae0627a879926893,快穿：反派boss为我药石无医,3,-2.2658382652687763,-0.10500996376198571
f5b977333f4532c3,快穿：反派不听话，打一顿就好了,1,28.706373220930615,-0.053874882142356834
1489a5150e71cc73,快穿：反派太宠太撩人,3,1.6320131661116974,-0.06926654611336872
9855b0b3cdb223c8,快穿：反派弟弟又可爱了,7,15.970029449401075,-0.18020557429164338
0c7ee85774e6e16e,快穿：反派快跑，宿主又要虐你了,0,-10.364929337853937,-0.13640818806048596
7e12a9b222e84820,快穿：反派搂她入怀，喊再生一个,4,-21.141796770349707,0.17946392101692643
21721d391a189c47,快穿：反派的白月光又死了,0,-6.573863076318368,-0.0022955970496119915
9768ee8ba29bcdf0,快穿：反派装乖，勾我咸鱼女配,3,-1.1208501100755583,-0.11129692534218752
1a5dbc76b93d3800,快穿：变成动物后反派求我当老婆,3,-1.955199090093167,-0.094433133992017
3f6790d8e8efabd0,快穿：吃瓜大佬拿了黑莲花剧本_7155486100692143137,0,-9.069355849559372,0.04143026111602702
78a3cb1a549954bd,快穿：吃瓜大佬拿了黑莲花剧本,0,-9.069355849559372,0.04143026111602702
69faf277ff662d22,快穿：向大佬献上HE剧本,6,73.46209522192287,-0.024112632481627844
acf60a8f3e9f7529,快穿：咸鱼大佬的小娇夫,3,1.1718829237876918,-0.03523550410867907
a457a5a60c564ced,快穿：哭唧唧的病娇小郎君又装乖,0,-11.019651260222261,-0.12219958347888768
1d0ff14119230103,快穿：嘘！要乖！疯批手里有锁链,3,-0.5169248553170576,-0.11363973426533105
df5018caef114b99,快穿：在甜文里被大佬们亲哭,4,-14.996574691297734,-0.03815204675573017
8b1de2987ac909d3,快穿：大佬又穿成恶毒女配啦！,0,-12.167710328909717,-0.08078101065250656
bc0ff4b9d8547422,快穿：大佬她是精神病！,4,-14.725337899271075,-0.07733223432129874
604cdd745b9932f9,快穿：大佬的小奶包身娇体软,0,-10.390503627133164,-0.08800156221000952
aa18611c9ea154e0,快穿：失忆大佬追夫记,0,-3.793524143353828,-0.03200554014654619
1fd665d5b0970357,快穿：如何让病娇正常的谈恋爱,7,10.583723517162753,-0.1555005172902366
fe2c06441fcd0dbe,快穿：宿主又在苟命中,0,-11.853696237412247,-0.02462052657290978
0998d3654b79a59c,快穿：宿主她一心求死,0,-3.6501890001005606,0.00911652747948194
fdcdf9502e892eac,快穿：宿主她总在吓鬼的路上,3,8.147179787153306,-0.10091224271419649
a718e1d688643330,快穿：宿主她是大佬界的扛把子,0,-11.893643404198581,-0.0726363372733961
901a0b8727a44fc5,快穿：宿主总被黑化反派强制爱,0,-5.814957297922653,-0.044898876557542516
b24a1b5ba5ea0714,快穿：宿主疯上天,0,-5.115588229759275,0.004043574498172692
f9386e8f30f45314,快穿：宿主轻狂！万人迷休要作妖,1,24.80564969147474,-0.1384148629125889
4a97c23446ef6eb5,快穿：尤物穿成万人嫌工具人女配,6,55.70588194895724,0.06484910850808276
fc6d6545ee87fd12,快穿：当万年野鬼变成人她杀疯了_7179256058479643652,6,56.37534277288762,-0.030523690489517447
17ad043ec177f79b,快穿：当万年野鬼变成人她杀疯了,6,56.37534277288762,-0.030523690489517447
36fb9de9252cf58b,快穿：当深情男配拿了爽文剧本,0,-3.2385499563722746,-0.05649452527823315
b5c211072b108526,快穿：当虐文女主拿了疯批剧本后,3,1.6123892237449482,-0.008765165535826819
0b48dca07ca8b4ab,快穿：戏精在虐文里当万人迷,3,2.180687492197862,-0.01545359853862241
51dad97754dbc9ab,快穿：成功攻略主神后,3,3.4731088205254608,0.0018563596978267705
4aa5f5d70aa69fed,快穿：我是龙,7,13.343783298070427,-0.12979087973790945
2df557c83fb7eedd,快穿：我的危险宿主,0,-3.6225164105001255,-0.1095776951771322
b4ec90a6a6b18ea0,快穿：我给气运之子送温暖,0,-3.2013282269335974,-0.05530828682361513
c9075e72bbd3fbb4,快穿：我靠投喂美食拿捏虐文大佬,3,1.8261645666203634,-0.11500672590267355
fb68fd3cdc6a4c56,快穿：我靠生子系统宠冠后宫,4,-17.787554171827825,0.0783623406397213
72f9430ce30c8b77,快穿：抢了疯批男主剧本后我哭了,0,-7.254529994889843,-0.11270860538684799
1e1032cb786b3dc0,快穿：拯救女配后和女配HE了,3,0.5524492677083117,-0.10916368640905469
e08ed406c01f88d3,快穿：拯救的疯批男主全翻车了,0,-4.323464539082849,-0.058798722674708453
e4c7cd679e794655,快穿：拯救过的大佬都黑化了,0,-5.251701740534244,-0.14695015929665659
661abd220085b595,快穿：攻略对象是个粘人精,3,1.917256232904485,-0.12524844058414694
f7a72d5951ab7729,快穿：攻略成功后她又挂了,7,15.369422594664542,-0.06619613478226619
2affaf45d1123aa0,快穿：清冷宿主被疯批壁咚强制爱,3,2.5853517099068384,-0.040313719780509155
c9da06584986201a,快穿：渣男，你的白月光归我了！,1,25.268587200229547,-0.12756327216116645
10d012e43727c10e,快穿：满级大佬她在线虐渣,1,29.923791223347706,0.12659546914750625
a3da5498f8c48c25,快穿：漂亮万人迷每天都在修罗场,4,-15.557808507349609,-0.0985518382434177
045a15055acdd469,快穿：炮灰人设又崩了,0,-2.7059514949202637,0.048867817803941754
1ff58f83ec592d28,快穿：炮灰今天也积极自救了呢,7,17.430953563634112,-0.03038605995099572
58390b89c0994879,快穿：男配不是恋爱脑,3,-0.8604959016902001,-0.06745955499440712
bd886c7e02aeb675,快穿：疯批宿主他又被病娇盯上了,3,8.304911812977402,-0.12145639751369466
884c139930c72050,快穿：疯批宿主他步步诱哄,0,-3.7787854651784585,-0.04488735251056433
186d82a36116f3df,快穿：疯批宿主又在崩剧情了,0,-4.425911091932306,-0.08109850283874556
63111f51f04e3ab9,快穿：疯批宿主在线宠夫,3,-1.7031754954398508,0.022461004968251902
c196cfdb17c9fdb4,快穿：疯批宿主她铁石心肠！,0,-6.806687187679394,0.028378687168991584
9e47995b0ddcb6c7,快穿：病娇大佬他偏执又危险。,3,7.206141438111693,-0.0600415630589006
0978bfbec7283436,快穿：病娇大佬他好黏人,3,1.860152220346336,0.02013397045454207
2e4f5119c2a7fb59,快穿：病娇大佬的小花仙又乖又软,3,3.167861726273223,-0.1526504515736947
d4df86385c20e880,快穿：病娇宿主他又A又飒,0,-7.89869173028719,-0.008734366913664693
c8b9912e597cb8d9,快穿：病娇男主他又吃醋了,4,-14.74401127391365,0.04212226581470657
b1a626bd73550c76,快穿：病娇男神的掌心娇又美又撩,0,-6.475489650920991,-0.12072763878019069
68913a3a166cf99b,快穿：睁眼拿的是渣男剧本,7,14.717155441366792,-0.11519460428106829
63547dbae9f466d9,快穿：祖宗轻点作,3,5.245057374227663,-0.03589071179950795
7f0310f6d5693b30,快穿：穿成渣男的我却成了万人迷,0,-5.384266781659271,-0.1658206119272854
608b12c38b1ff23b,快穿：穿进虐文后宿主手撕全世界,0,-8.913695525680865,-0.10962631950819055
e548409dea701706,快穿：系统让我帮反派女配逆袭,7,9.759436112353406,-0.11755513448159563
6e20692ed9493d07,快穿：给男配甜甜的恋爱,7,10.53421656136969,-0.14450685363929985
22e27be0bcfb6845,快穿：虐文女主她是疯批大魔王！,3,-1.7769069809631688,0.09575277611052682
9b67e9ddbd65b9fc,快穿：虐文女主好像有那个大病,0,-11.50643555280735,-0.0925701944062681
517a234969d6a5d0,快穿：警告！禁止垂涎萌新宿主,0,-10.728628022369342,0.0006570827297578685
b4941085e7e4550c,快穿：路人的我只想养老体验生活,3,-1.6234100225315586,-0.05841150332888642
54817355b354efa1,快穿：边缘人物又被迫万人迷了,3,6.964913777462101,-0.16367476772874753
7628289eb87d2a06,快穿：这个大佬画风反复横跳,1,31.09053726109333,0.06356627497984751
43a6ffe562987b5e,快穿：这个宿主不对劲儿,3,1.1773624635463449,-0.09986337719030278
944197167406c3c9,快穿：这个宿主她太魔性,1,39.79568613167338,0.05622956894803957
ea35ea67549cf06c,快穿：那个炮灰我穿过,3,9.020128897526277,0.05498555146877793
42bc05c5ed0e29b3,快穿：高冷男主在我怀里真香了,4,-14.180530433161966,-0.19255825258548712
7d025d62605396a5,快穿：黑化后成了全世界的白月光,7,17.40930929498932,-0.0075689767934914165
fc4e6a365cc95940,快穿：黑化女配手撕炮灰剧本,4,-15.112016429346518,-0.012060353505249505
0294272f34e501d6,怀孕后，禁欲佛子抱着娇妻狠狠宠,3,4.278227994672243,-0.15665770892653832
866d443b8062785b,怎么全是病娇反派？这任务爱谁谁,3,5.857394172849084,-0.1281366794358139
aaa60613396f7593,怎么办！偏执少年总是哭着看我,7,22.775171462193768,-0.17523224583070343
bef2cbd9143f3c99,怎么办！我养的病弱反派成病娇了,3,2.170263008984591,-0.09812966954332678
fd33cbb4e6fce14c,怎么办，校花跟我合租了,7,15.694936617021362,0.04635927193514042
c6d0ec6025c46a0d,怎么有人一直等到我走才说心痛呢,0,-8.356344111953902,0.03698847874353775
1aa46540d64e718a,怎么有人觉得我一定非她不可呢,3,5.001051135865424,-0.01620080916510136
d23ddb183eddc482,怎么没人告诉我这是平行世界,1,30.41023158828618,-0.09616243720213871
2057420b0f8347cd,怎么，我信息素毒蘑菇你有意见？,7,16.290867001638595,-0.11267634148039221
d4092fdb0133ebee,怎样写作,3,2.714179164860994,-0.16922352632387241
4fe43295f382b1a2,怒龙出狱,0,-2.5167872168086802,0.4310079554054145
88cc4da4f6d4a59c,思路决定出路,1,31.428500897586446,-0.1719386729733374
320b7c68d65cba54,急！合租女友太可爱了怎么办？！,4,-14.94179855158232,-0.0711208486792694
db3ab35a49701759,急！开局被强吻怎么办,4,-19.123152819734486,0.09615601824755639
ac3c16205bb204d6,怦怦只为你,0,-6.833731333717516,-0.05574445453748986
d6bd2c1fb07efdcd,性别男，能力变身绝色美女,0,-10.97581046695771,-0.04950230364800026
9dfb12aef21f905c,性转狐娘：开局仅剩三天寿命,4,-17.151785796477,-0.11351896153324562
5d7e74ee173f5e3f,怪物武装,0,-5.969281737753555,-0.019960548036343617
15d06525950ada59,怪物编辑：我能创造邪神,3,1.6153496717008053,-0.07237898733820056
238c69a62a5b14dd,总有大佬追着宠我【快穿】,4,-18.900114883060162,-0.19426781749069308
5be2ed49241a7464,总裁不准夫人搞玄学,0,-9.222694241394017,-0.06724715584901617
be18cd48c9a1696c,总裁大人，不可以,0,-8.801562023864761,-0.014361536161036526
a293dee65da8a7ba,总裁家的灰公子，你马甲掉了,1,40.264932608468726,0.1061009118855578
0abd4a0ace4c0c9e,总裁老婆重生了,4,-22.948612756470844,0.12365179008742792
bc17f5d245bc0dee,恋爱心理学大全集,3,7.6955991493801434,-0.23507141791664146
dbfd6c290aff59e7,恋爱模拟，从宗门天才剑仙开始,0,-5.9635376808566605,0.08966765078888875
77d69272cc17f696,恋爱模拟：从白毛学生会长开始,0,-2.7901908009622858,-0.16023515715042638
b054699da48c62f9,恋爱综艺出现死人，很合理吧,4,-19.171352463871166,0.0993168895638347
9c4c0029ca407226,恋爱：和校花妹妹同居怎么破,3,2.7608039784702427,0.009306352964653347
ca3d0e5ccd3ec0d1,恋综上我手撕渣男，全网乐翻了,0,-9.96166325513564,-0.08783848392044727
f184508cfbfa4f02,恋综上摆烂后，被国民女神倒追,0,-3.501250515306438,-0.06637500899576451
306c8bc1e905d492,恋综修罗场！为啥心动对象都是我,7,11.299196218285246,-0.136235887260561
d1374e0e8e9598ee,恋综后影帝他撒糖了,4,-21.552034804901,0.021513504024058744
f5bc912116033182,恋综糊咖爆红，纯情影帝他出大力,4,-17.653964340685004,-0.015410089242223785
235a719e825e1f1a,恋综：女主播和大哥们修罗场了,0,-8.945634736994243,-0.10635715527503672
3e947368b0cdb532,恋综：戏精美人在线反pua渣男,4,-20.537326080359552,-0.030795018777515365
212ab91677e54698,恋综：素人大佬是万人迷,0,-8.550633441313195,-0.06938422992612106
892eebc028448898,恐怖复苏：开局成为无头骑士,4,-15.548603164345376,-0.05295943322115973
d1f3bbdce8f46d79,恐怖复苏：贫僧三葬，送葬的葬,7,11.245511505747558,-0.07623858825787774
0a661839e3eda81a,恐怖女主播,0,-10.187085537142487,0.07156883250284576
4b373f88edcec479,恐怖富婆,7,18.344108827555537,0.1839627979363909
f4ab6f989ba8e36c,恐怖末世，炮灰女配神级道具开局,0,-10.347781428153361,0.06153236959747105
25df9f832829a32a,恐怖末世：开局先烧十万亿冥钞,3,6.848066044887652,-0.1176228868667499
95ba8675d126b8e2,恐怖末世：开局冥婚，强娶鬼新娘,7,14.008799018243828,-0.13765643249360834
f789ed7ea818b2d8,恐怖游戏，抬杠我就能变强,3,1.764445427983624,0.05536365346185254
4903b4463b724788,恐怖游戏：抱小姐姐大腿日常,4,-17.809904197238893,-0.03873486368238513
6c4d4af36cc3e938,恐怖片NPC在惊悚游戏杀疯了,0,-10.179127503281883,-0.037832830239462684
728d7b2ddecbad51,恐怖画廊：我以怪谈作画,3,4.8222810451865215,0.06000550328013218
f0ffb1467e8b2216,恐怖的病娇女友,7,24.50464718438873,-0.04964448014475778
a35ec32ee1b49977,恐怖茶馆：我只卖大凶之物,3,-1.6151643692455337,0.012413809373671203
8d81713a6ef8eddf,恐怖酒馆：我只养大凶之物,0,-6.34419252896754,0.032035006111156034
81c783bfba0c54d4,恐怖降临：别开火，我不是恶魔,0,-11.688926946199174,0.033154671649268275
4970b070f20b63ce,恐怖降临：开局狂囤百万亿冥币,0,-6.787506529075685,-0.05988516079253228
a6f7127895da8989,恩赐的游戏,3,6.7333321718971035,-0.005103671710514512
1ac93508d5b8de4e,恶人综艺爆红，病娇离远点啊喂,4,-23.507993257015972,0.046334383435545634
d2a5b8db0833481e,恶役大小姐反攻指南,4,-20.65235407965932,0.1479845882348355
28b5adf07b3ad803,恶毒女配今天也在作恶吗,3,4.730600177773702,-0.06807886526528326
489f204682ddb4ad,恶毒女配摆烂后，被全家读心了,0,-9.35640069777417,0.01973893396957943
79602b49a38fe50b,恶毒女配生存守则，拿下那个反派,0,-7.298459515498664,-0.003513578898255376
0c836e96d82896ec,恶毒女配被大佬们团宠后野翻了,7,17.952548660453395,0.030553190557247423
79f6d525ff8c52da,恶犬,4,-13.67772883233544,0.04245479649143152
c9d483aadaa3aadb,恶魔少爷是女生,0,-10.434616306475114,0.08472789194338132
075e8fb0935cc4dc,恶魔游戏，我能驾御无双运势！,0,-6.308741949002943,-0.06015900948198741
45a5f9b56f9e356a,恶魔逆位,0,-9.215284276952822,0.18729349858226305
933ff9f463c4093c,悖论13,4,-24.20309396659731,0.13459821316746212
84f00844507ed04a,悟性逆天，我创造念能力修炼法,0,-9.980926604786923,-0.15630872406162225
98fc53f03ec8b539,悟性逆天，我在诸天薅羊毛,4,-21.116249315724176,0.28690947696481484
fff2bedabe51fbde,悟性逆天，我来此世开仙朝,0,-5.897874582839343,-0.02712671277840245
9a243a926c2e1071,悟性逆天：被师门抛弃后，踏入仙途,4,-17.52563697814816,0.021586257633510908
6d2d58e15a0c5cc4,悟性逆天：陛下您的机枪藏不住了,4,-15.123496851740164,-0.12706617131709227
8c82e2c775950572,悠然的穿越生活,0,-9.657981244069866,0.1897819463322898
d5f6880df6b835f6,悲惨的异世界之旅,0,-10.940228268238847,0.07839126737075547
9fffdf8ab36f3b8b,情感缺失的我找了个狙击手女友,0,-7.518686610706723,0.02179821317617317
88b9809b9a5c9a34,情感缺陷的我在霍格沃茨寻求救赎,1,27.189720113911207,-0.014418900755568897
dcfea858a7b96c0b,情愫不可收,0,-4.283985120553737,0.05358363596886748
f1fd115f25ac5b32,情敌Enigma的崽竟长得像我,4,-18.655299112786505,0.06261664484539914
8dd1211cda605d89,惊悚世界，我的小弟有亿点多,4,-16.399903025021647,0.03497340506156993
71f021315228b062,惊悚内吃软饭，我凭诡异老婆无敌,3,1.9551506653969426,0.0464081220416836
4138b3f168169ad6,惊悚国运，小老太太坏的很,7,19.970542663163663,-0.09265557170625391
478afb264a130faa,惊悚末世：我开冥府银行和诡抢亲,0,-11.993514692674573,-0.05142505152661617
044e378717536ec8,惊悚游戏，我的第二人格是邪神,0,-4.48181283827229,-0.010750948278978961
8b074f65963d3f09,惊悚游戏：全球直播我做三好学生,4,-18.47376581466191,-0.03787672734267736
c7503ef3bb571064,惊悚游戏：开局帮鬼怪做选择,4,-14.745301019530697,-0.11742114791353983
06ed2d761d5d2b27,惊悚游戏：开局强吻鬼公主,4,-15.636011088002732,0.041930249055652596
ffe0e634d018c303,惊悚游戏：开局继承祖宗万亿冥币,0,-11.76688606301892,-0.03329849095758361
881296dd0cd90d53,惊悚游戏：我家人都是顶级诡物,0,-8.474385898448915,-0.04278506545234664
a33307cce06b8c3b,惊悚游戏：我家祖辈都是顶级诡物,0,-11.3169423966181,0.04372866757056962
589fcf9e6778ee77,惊悚游戏：我能看到提示,4,-15.055528568590152,-0.035354414229367
d09bbe1f60d3e72e,惊悚游戏：病娇系统怎么赢,0,-5.305367327915853,-0.14931200510324624
f41b7cfa07d3faa5,惊悚直播：别逼我花式反杀,0,-5.51050002744325,-0.10293771163242069
849ce44799ece1a6,惊悚降临：社交牛x的我震惊世界,0,-5.3899346597843945,-0.04139494891938025
0d552d64aa4d764f,惊悚降临：这个大哥有亿点猛！,3,-1.5140097199136022,-0.11047880160459814
7f9dd18fb7310bd4,惊悚，我的眼中都是真善美,4,-15.243206106766916,0.03726567265157055
cb92070aac55cd93,惊悚：亡灵骑士竟是我自己？,3,1.4399749408313696,-0.06077540302758774
5a03f0574925c502,惊悚：多子多福，从红衣女鬼开始,4,-13.904697960511431,0.05312366295576834
cd07c57eb77bc4f8,惊悚：小祖宗怨念大，百鬼手心捧,4,-12.660636918292898,-0.047957881225178994
318c1fe57d4bd629,惊悚：我只卖凶宅,1,41.01174863579166,0.20806476027432122
4364c951f0040650,惊悚：有个鬼帝老婆还努什么力,3,5.035569589202417,0.022636295717277516
592ec71192095be9,惊悚：转生小萝莉，最擅以力服人,3,-0.07826033847813108,-0.0013348317172710567
cca3ec00442b7746,惊悚：这个NPC罢工了,7,14.573666157112072,-0.0738627289900897
65c645fc446603dc,惊鸿,4,-15.453753103195233,0.05841855376619329
ced72d48d7d57e19,惊！假千金和真千金有点甜,4,-22.869421207746313,-0.038600649916857716
3d2e90ef3d93a02d,惊！偏执影帝不给亲亲就装病娇,0,-11.247007908497459,0.137256169515396
365338fbc20e09cd,惊！她也对我一见钟情,4,-21.22797208075366,0.2791984371982173
69b033521476c9fd,惊！恶毒女配觉醒后在末世封神！,4,-14.974323783132547,0.029027599305127133
a6eb2f4881bedf9a,惊！老祖宗看满级人类沙雕视频！,4,-20.259931449731074,-0.05223015775651127
938564872852e1eb,惊！联姻对象竟是S级大佬？,6,53.260156425417335,0.14463759390117106
5acb58c6272b56db,惊！逃生BOSS竟是我网恋对象,3,4.779178537064681,-0.1305329077849486
785f8129764b52e4,惊！马甲大佬她对白莲花横踢竖卷,4,-14.704975979030138,0.036634269173925454
1f2243755cbfe136,惊，玄学大佬她有九个未婚夫,4,-14.87047716947924,0.054366781702978845
c79bb6e743b1fde3,惨了！和高冷学姐坠入爱河了,0,-5.592595009571326,-0.1034802678426914
7a8fbc25681450b2,惨遭污蔑，我科学家身份被曝光,3,3.2453186413884865,-0.023217447237344896
92dc13d55e2ce966,惯宠温软,0,-4.497290887911419,-0.07357434485412331
8ad2f55ddfb01a51,想当神医被告，果断转行做兽医,0,-2.9047063651446905,0.011669316124873819
b2f6893b8c78bbda,惹上女魔头，这下完了！,1,44.31344976290826,-0.042893177892525364
ae69f0ec8b254cde,惹他？他公会全是神级，拿头打？,0,-10.742730985299872,-0.07752278484129135
29fa28bf950371fb,惹完我，高冷慕少成了粘人精,0,-3.525708148678582,0.05758511108978662
0bd487543a21b707,惹金枝,4,-13.859364893839132,0.17096339069548055
ac67dec613e62c74,意识觉醒后，被白月光女配缠上了,0,-11.162083944287474,-0.012988855954201795
3e8fc2c18f17e575,慌！摆烂后，小咸鱼她被迫登基了,4,-12.610696532891726,0.055002439167686434
17a6a391352384e4,慕浅情深,3,-1.7413890019050697,0.016329223933503556
ea9a31d50265a8ff,憨憨同桌傻白甜，把她撩成小女友,4,-15.652774562344714,0.46198061514334887
86199defe1f92805,憨批宝可梦大师,4,-14.832826067811954,-0.029359497007833996
11acd8543e6dbb3d,戏假成真：演瘾君子这么像？查他,4,-12.745529721065722,-0.07948826437107151
5ad7fbebf5203f91,戏精女配：穿书后全员偷听我心声,4,-13.058064095536736,-0.07934938392251153
ebe206ae50b31638,成为召唤师后我被宠坏了,7,19.888794508570655,-0.03587715953702661
7d873899e366d0ee,成为四个男主的踏脚石之后,0,-3.8745291866671536,-0.12461165969745705
bddbf4020a82682d,成为奴隶：被富萝莉买下了,1,26.301211497490428,-0.06742492637780487
83a36c67f12ce6c9,成为幼崽后被大佬们娇养,7,14.61934965676619,-0.09785793695593434
78910440bc5bfeb8,成为魔女的我，妹妹却是大圣女,7,16.13516036414012,-0.08475452924971824
b13f341a3ca3e246,成为魔帝铠甲的我，被仙子穿上了,3,4.4121816900806365,-0.09515627302493182
5a8ee8463b01eb2d,成何体统,3,0.3011710672010892,0.01547022530917369
9dad428919833f7f,成全别人？不如成全自己,4,-17.38120727309241,-0.0505881462985234
db533a923eaea914,成魔门叛徒，清冷女魔头千里追夫,0,-4.982196449407269,-0.0408838485954888
8cafbab774156a4d,我90分男神凭啥先主动？,4,-16.318952496201753,-0.08374514663590918
04e4067d15cdb5de,我Alpha才不做死对头的舔狗,6,57.33009480721225,-0.02549409363311378
bfc13dda381507d8,我一个反派拐走校花女主很合理吧,0,-9.87812959071713,0.06489385192287123
f99ff94a190f1e70,我一个好人，你们说我是祸害？,4,-20.48775972669115,0.21267424025996068
a310f0601ead6f64,我一个明星，搞点副业很合理吧？,4,-18.646828473770828,0.014550751316358412
0f42b5f18ec639ab,我一个演员，会点功夫很合理吧？,0,-7.051438428308565,0.09987540496693532
92067ac6ff7d96aa,我一个片警，抓个通缉犯很合理吧,1,27.334542058369053,0.017039659756066194
68bb4a1552f62866,我一个瞎子，要瞳术有什么用？,0,-7.685657278096677,-0.10073872934546355
806bdca4409d3024,我一个精神病，不怕鬼很合理吧,4,-24.217143641728526,-0.06375611240026699
bf1103f62ce80914,我一个路人，底牌多亿点很合理吧,0,-8.126667904068704,0.4195472019891418
157f0b61117c4f0f,我一假千金，有亿点人脉很奇怪吗,0,-10.045259410576627,0.06157387255547225
bf3874ba5c22bb2c,我一女鬼，你让我挑战规则怪谈？,0,-8.349886739916485,0.029834205548278536
106fa72c1ca14a29,我一小圣子，竟被魔教女帝看上？,0,-4.016745577931147,-0.010076801908033728
2a1ba29441f278cb,我一小鲜肉，有亿点黑料很合理吧,4,-19.482859087822657,0.05954144872625575
c7704eb9463f6275,我一男的和千金互换身体,3,2.3077061259851064,-0.11148486617127382
c0af84219a0e44ec,我不是戏神_7276384138653862966.1,0,-9.850091528199165,-0.0003036133512668848
97bbac3a1f4140fa,我不是戏神,0,-8.050827532000788,0.01670270791155476
69848f9bb2a6044e,我不是杀手，我是阳光男孩,4,-21.989126288162627,0.0039954959645027155
a58c101730482627,我与咸鱼画押，玄学大佬马甲被扒,0,-5.543373204060352,-0.026870910829225103
9e83f9bd67eaaf18,我与神明画押，你们都变王八,4,-15.480232331428947,-0.008002611927908548
75df1088a2b4b936,我与神明画押，她的孩子管我叫爸,4,-17.061354816321177,0.188253611095662
57034c5d70a2bb93,我为剑神，技能强亿点怎么了,0,-9.741584218533305,-0.0765325048265039
f6afdd82e60bcef2,我为祭灵，打造诸不朽华夏仙域,0,-12.05779849046553,-0.038423877799313694
fe24d95b441c6c51,我为阴天子，开局被校花女神契约,0,-3.6092189532281864,-0.05135477375120992
0ba9affcfc998ae4,我也不想喜欢她，可她真的太貌美,0,-7.154428099909424,-0.13169706811735857
c675bbd02c747ebe,我亲懵了那个孤僻的哑巴少年,3,3.839362642166897,-0.029034633708932
92eca9104e91dad7,我从娘胎就开始修炼,0,-10.72141742071993,-0.14344998842985043
08d91566ee756ebb,我以狐仙镇百鬼,6,53.87726912289958,0.12518623391710906
e55f114a2a03bd9e,我们反派才不想当踏脚石,3,6.829688571411474,-0.11907544415241164
5ab7b9d2551ee396,我们的重制恋爱,0,-2.686017048808452,0.025096549119865835
59d7597a4b596541,我会一直一直喜欢你,7,18.65977552695923,0.07058439156589544
4cc3fa4479f76dad,我体内有怪物！,4,-21.259554026731394,0.004977007689752899
2b406024683b4b5f,我做老千的那些年,4,-17.06486354170941,0.05714488472564386
058912a60984b270,我儿明明是纨绔，咋成帝国之虎了,0,-8.534037634284175,0.20328819648161917
f69844eae81f06d3,我击杀了道祖,6,85.21512006236371,0.0813882994935099
b802bf68f1b62827,我刚登基称帝，她就说我是昏君,0,-11.851413755646877,-0.12375135950932956
c878c76959ae3ccc,我创造了怪物序列！,4,-16.467072015461717,0.05426905810011884
1fc1bbc17d70ba56,我厨神，宗门上下都被馋哭了,1,38.659044567874645,0.03405211035583092
10f269b4488245f9,我反派他爹，开局女主认我当干爹,0,-5.733619416445499,-0.03669681812369793
9d1b5b5edbeb108a,我反派，不按剧情出牌，选择摆烂,4,-13.538911523912763,-0.01693591947024306
fff01c8e102cc161,我变成了龙？！,4,-18.366545211874783,0.08528113628829398
d60cf84fa8b3a9cc,我只偷看他一眼,1,47.694985683899475,0.0036336711729438864
81962f111ff0682f,我只想在幕后当一只黑手,0,-4.691924440184685,0.007259070003797885
71f5960b3f7ba3b2,我只想毁灭宗门，咋逆天成神了,7,19.04095788146394,-0.1411107814139809
475fd597e111de48,我只想被在座的各位打死,0,-7.415968927322055,0.04496126850030999
9cd441ee7519242b,我只是个卑微的人族,0,-7.016108201192033,0.02713502734966236
97661d391fc7155f,我只是精神分裂而已,0,-4.328196684235863,0.02048108649216185
2679f778a708a2dd,我可爱的妹妹怎么可能是兄控？,0,-7.358345692951829,-0.09639325932503254
26026cca8f69958f,我司马仲达！此生必不负汉！,3,-1.192625300556287,0.2966291375163017
2780b3c2b871f07f,我后山养的妖个个都是大佬,7,15.32616411059653,0.017579911931781877
30a5f6aff250ac5b,我和伏地魔是同桌,0,-6.66327011912751,-0.025311392325721577
28c35d866245c11c,我和女神的荒岛求生,7,12.531276276072,-0.08166718670705617
67c82df97b97357f,我和我老婆在末世开局就无敌了,0,-4.888204619769816,0.008226101768066985
232ce25485f7d312,我和校花互换身份,4,-21.301344440254535,-0.026138704229370785
143790ea624ad96d,我和校花的神豪人生,0,-11.937113987178886,0.08907670205470103
3e7ac05219dfad21,我和竹马成为国民CP啦,4,-15.566082962023792,0.010443101407036054
749314bf49d360de,我和超可爱总裁老婆领证了,4,-16.231847293406737,0.14308243229046175
94912b744f0f67a9,我和闺蜜带着金手指身穿古代,7,18.123662986874564,-0.07258828307587054
7f3fcd7ab62e3b58,我哥是反派，男主暗恋我,4,-17.88980394453928,0.06251867508057252
30a4af8f5b9cfa22,我喜欢你男朋友,4,-15.45178356906354,0.050843738267487254
9bb37903d90ecb85,我在万界开网店,4,-19.97091411351387,-0.01200377774286665
863012d58cb24655,我在万界收废品,1,36.16597665987884,-0.061621525709362995
73f226d9062ac2f8,我在万界送外卖,4,-25.62880832154648,-0.09658866635010169
6224ce32162077b7,我在东京的护妹生活,0,-12.049729308180574,0.04889955763646134
bbc11a0ecce6a15c,我在乱世娶妻长生,3,6.395247294321493,0.10423274323559667
d1e104a4c4734482,我在仙舟摆摊的那些年,4,-15.281703275498604,0.10749337907878709
6a6487ff6f149490,我在修仙界勤能补拙,0,-10.556519063425725,-0.03178309567771995
7b92c5da1085b2b9,我在公寓看剧情暴走,0,-7.083918129153361,0.033147347873169836
1e494fa61ffcf02c,我在兽世谈恋爱，甜欲兽夫太撩人,1,26.08598038643663,-0.051619546578696135
012b52ec5b684a07,我在历史直播间带货,0,-7.063515170326937,0.18827031380721568
653a48e3e9a86670,我在原始部落当酋长,0,-5.389773327324555,0.025910423888948958
f31f3e1f49d3be88,我在原神开异界餐厅，凝光馋哭了,7,10.742222909560013,-0.012684188993168977
cb605131fb015c78,我在古代种田养娇妻,4,-13.266510839437075,0.10782527915950675
bce06b3d3a9781ee,我在大唐开超市,3,0.3778534019346296,0.016399138007609476
6f9b5fbb79f7b1ad,我在大唐躺平摆烂,4,-14.330894052871638,0.10808442909168274
39a2a608ba9ef7eb,我在大明造航母,6,59.20795381108384,-0.05129372133759577
4dc8541f6d0418e9,我在大明长生久视,4,-16.51927220854518,0.1222593235799443
4ab2ba13482feb7b,我在女尊淡然处世,3,5.275305336664488,-0.050590438372465435
a587ecf328e301db,我在封建王朝造航母很合理吧？,6,56.52116026454068,0.1057670487335658
c5ff9392910d8d4b,我在异世界信奉科学,3,3.746877562150331,0.007722188790118711
26f9faba021c283b,我在异世界开冒险者公会,3,4.397080742239595,-0.044714315685197764
3964608b608a0e43,我在异世界苟且偷生的那些年,0,-7.6777911005133745,0.033090609841471386
36f0a4e29b85fb27,我在恋爱综艺里社交牛逼,7,10.64230794071684,-0.1099981998116257
f8dc56158982d34a,我在惊悚世界扮演杀生神父,0,-5.219411805709058,-0.09715988567345382
4e2e20da33594fd0,我在惊悚游戏中爆神装,3,4.154794499865055,0.08857519551924561
8a1c1c4226e1cd78,我在惊悚游戏中直播撩美人封神,7,11.96324966702506,-0.19285873281539215
3b037bb9cb123467,我在惊悚游戏当BOSS,1,37.2467566896118,0.0354345393917212
aabd42b84ad6c35c,我在惊悚游戏里复刻名场面,7,19.607742637016543,-0.049826300611073265
39955f42643c3c84,我在惊悚游戏里抱boss大腿,1,45.99776840581775,0.001974844840513773
03407ea55737f1b5,我在星穹铁道当团宠,4,-14.10377706675893,0.11725235245529189
9e9523841ac3d6cb,我在星穹铁道当执政神,1,32.18806823171154,-0.028567383056226747
92d0d1f9261d007d,我在末世对抗第四天灾,7,12.747070234001058,0.02921422578860136
e8ba7490256bc712,我在末世里开度假宾馆,0,-3.684273231259681,-0.07169048329461256
0910d0bb8d62cb43,我在柯学世界当爸爸,0,-11.247764851265806,0.051488248845519446
cc720dcf2bdc167f,我在柯学世界成为最强,0,-4.583278094687451,-0.0615885981745001
4d4d6d015002155f,我在柯学的世界做哀殿的青梅竹马,0,-6.22674954693619,0.007996276661658502
5570aa6b6b13480d,我在梦幻海岛当岛主,0,-6.738082399879957,0.06499087368106926
f86f69e4b355caba,我在海贼世界为所欲为,3,4.017887215945137,0.09585363399241131
82ad3d1cf8cf661d,我在游戏里升级,3,6.5734732718025555,-0.09305611475739209
0a766a6afee99324,我在狐妖小红娘世界肝经验,0,-3.9579272795392697,-0.0011870410318267077
237959ef8dc9a937,我在现实刷副本,3,-2.0016602707303903,-0.09129539844288384
7add69a71f4bd0c2,我在现实扮演原神角色！,3,-0.06384694169670979,0.025384565694784506
34b77fece727bee5,我在男多女少的星际求生存,0,-10.127848031615322,0.1838674489859337
0eb391609581827e,我在米国卖煎饼果子，拒绝米其林,3,6.173329159461943,-0.041813826196516496
15e023e1a4ffad26,我在精神病院学斩神,0,-3.738422794287466,-0.05889683520997471
95f13df432c92fbc,我在绝地求生捡碎片,7,14.374109140433703,-0.045909798473998426
3523b692849d0e8f,我在舰娘世界当大佬,1,26.59190785161296,0.042315652182227326
66981535678b9e2d,我在西山基地工作的那十年,0,-12.321341539172554,-0.001960442368748261
60abcfdb82afdcc7,我在诡异世界，加冕女王,4,-17.149987071204247,0.11753731795364628
272ee732bbe665a4,我在超神世界发吐槽，女神都疯了,4,-15.286115878717712,-0.11244599560439819
eb5bcfe7fa9cabe7,我在超神修仙,4,-17.83826682379129,-0.08604809488344192
8735d9f1cf503291,我在超神玩转诸天,0,-12.3468463947777,0.2455321587219202
348c70b204ff0edb,我在逃生游戏里撩NPC,4,-14.429948668028839,0.04799778227385046
a4c13fac665120bc,我在长生加点修仙，道友如何应对,3,8.736328589470055,-0.08364924159114098
8dfae7ec336bed7a,我在高科技时代把武力值拉满了,4,-18.70060115377348,0.23608041182809728
44d151f40fb13be3,我在鬼怪店里当老板,0,-6.567425307687252,-0.014901581386230767
d0c7095464787abc,我在魔教教书育人,0,-4.010650251570155,0.005982449366520565
446f4bb4bde88376,我堂堂剑圣会成为血族公主？,1,29.254952214555132,0.044480805713404015
47c3290287681325,我堂堂富家少爷变成了萝莉千金？,0,-9.572296566380793,-0.06742460923865809
429589b326e80feb,我夺舍了自己,7,10.087545658904908,0.1838712149289112
8b3b00883cb2a65b,我女子野战团，有点黑科技怎么了,4,-15.270253480332538,-0.0014576425208902288
1264feea4e94139f,我妹竟是幼年吸血鬼,7,14.678996027005603,-0.041342610437132415
6d70c8b6ef0a0441,我妻世界,0,-2.5074257885976294,-0.08356545364384257
a7e0dfc0ac20b028,我嫁给了游戏,3,0.21063028188817157,-0.11108934929318928
4b0e12bd3d84da51,我孙悟空无敌2彼岸世界,7,19.847442270915955,-0.05986726879163143
3891e5329b4c7e75,我家半妖少主从来不讲武德,4,-18.854176258013787,-0.09389473103635423
6feadb4f79763eaa,我家娘子不可能是魔门女帝,1,26.190706367716174,0.045510539486283
2c529bc3d2d131f9,我家娘子不对劲,1,34.87233259190741,0.11294444872366977
3bb7b3c2bc131409,我家孽徒天天想要冲师,6,64.95639366953374,-0.06665232615284075
d1e13e4208ae14d3,我家掌柜竟是魔道魁首,0,-4.784139279473031,0.011143687246439465
6ea94c8c5d73d718,我家的七个魔神妹妹,0,-11.244290260377753,0.0697007559034967
8d4b9c506a44edab,我家萝莉妈妈病娇后，青梅急了,3,2.3409360541659794,-0.004383387411644457
d372894b107b685f,我就买亿艘毛熊航母，鹰酱你慌啥,6,62.68256451186066,0.21285740149747165
d9010a3e44eed42b,我就是传奇,4,-15.064394305332033,0.11923879326796694
7277a0d51ee8cc5d,我就是只哈基米！你让我抓犯人？,2,142.04286774453618,0.23165233441326788
dc81dbff9131a6cd,我居然认得上古神文,0,-5.635325337795763,-0.027679902286434743
36ce7a8f5b484566,我带领小白兔征战万族,3,8.481145995397114,-0.041600221591157865
fabc3bce6b9cbd99,我开出租不拉客，只拉女鬼和模特,4,-25.197877380956406,0.04947131625021417
bf108b8b31b9f127,我开局转职拳修，以双拳击碎命运,4,-16.43395296825187,-0.04187624110897184
82f67cd120d87d12,我开局震惊了女帝,4,-21.03552501976193,-0.05157626394376061
b832cef328116afd,我悟性满级，你让我剑冢守墓百年,7,13.978354174140215,-0.029107539548733324
6771d579d8b05d4b,我想救个人，可她活在一千年前,0,-6.347431984849045,0.099935261601843
8919b7aede1c261f,我想许愿在身边,4,-15.078671434282398,-0.024236581936156576
6bd2877bce135c06,我成了全球地狱游戏管理员,3,3.622271261982398,-0.10532365622876191
a5b0014cb982be46,我成了大学辅导员,4,-19.4360780807776,-0.009008099710788864
fb30d29cd769c4dd,我把惊悚世界玩成养成游戏！,0,-10.106708357507273,0.06242855404577044
78ebe2576a47e67d,我把神棍老爹卷成首辅,0,-11.864989681436885,0.04570314856987162
fbe8cd88d0db02dc,我把自己上交神州,0,-3.5781691219955576,-0.01606233160334769
e571c1e31cd6e793,我拍午夜凶铃，邀请贞子本色出演,3,-0.8656244410320326,-0.08564523393300691
24fc166337e5c26a,我拍电影真的只想亏钱,0,-6.888333611256307,-0.11709916178199911
7035c246026cea3e,我捡回来的姐姐是病娇？,0,-4.78607910190663,-0.10316917371446246
fed31d1e2bfe71d5,我收留的少女，怎会是首富继承人,4,-17.39072843647097,-0.11199744819075699
e48de63d482f3d8f,我救了你，你却害我,6,66.83831697281508,-0.20112193384544477
c5fc5ea803613405,我斗龙战士，能斗龙很合理吧？,3,3.60067328438501,-0.15079833052605465
e68f6ab33de9ef72,我斩痴被人直播，收获万千迷妹,4,-24.920389948466855,-0.01969151962130289
4d3d8f9c15df0938,我是一只小【老虎】,0,-10.097179429673723,-0.017509442252210655
bca475cb9fe30916,我是上单啊，怎么成顶级射手了,4,-27.982944503229778,0.15559781554746743
d55b0bc4e3c5f013,我是亿亿富翁，我摊牌了,7,15.802284789578742,0.032396888471336094
375bb04bf3898845,我是原神大好人，系统却要曝光我,4,-17.721017006052247,-0.000791042362190908
d8018f9368fecd6b,我是杀手别来惹我,1,35.384639199223315,-0.07460199188340269
3a33a53ed6d4c9ac,我是欧皇，吊打重生者不过分吧,0,-12.210991900865363,-0.037185671117845126
215fb221b0ca6938,我是漩涡面麻，团藏竟是我爷爷,0,-5.532263717719921,0.14734352182607918
5dd06bb68457eb3a,我是男团女经纪,3,3.003736801489964,-0.011756741898848677
1a71f1d70044f071,我是神级大反派,7,21.915696073694917,-0.11445115612683263
9c5b1309ac4b342d,我是经纪人,3,-0.8104149561036706,0.025403485701953832
92558b67044e81b0,我是警察啊，怎么全是变态技能？,0,-6.3926435843874785,-0.12526326562451143
b1d723fa6da0f893,我是谁？究极无敌琪亚娜！,4,-15.188136607554757,0.09293478181389006
ae9d4049e86f7b74,我是邪神狗腿子,7,10.288401936034631,0.046720655423887786
e2ef9e8a09ff7200,我普通玩家，鬼王非要跪有啥办法,2,161.49072762069676,0.223783958900996
46061a3c62b97af6,我有99种变态人格,1,26.179434310145524,0.06076803403693659
e3cd612187f3565d,我有一尊传功鼎,7,11.879768558317188,0.04193412825342624
fb40dfd88b8045fe,我有一本属性天书,7,23.110943333115657,-0.004382055341552865
7f00ff5f91cb76e4,我有九千万亿舔狗金,0,-6.272912140383681,0.12191958127103704
a2e99bd96039958d,我有大帝之资，开摆又怎么了？,4,-16.414333832250957,0.020582563580968966
2a7395eb4f5c1069,我有百万技能点,7,12.265157636482321,0.022973859336160862
0446f2dfdf160cee,我本仙门正宗，奈何却是大反派,2,103.66291781494213,0.10015966311502005
2f8b38b5a088e5ce,我来解放全宇宙,6,81.28898699415997,0.16312280584442368
fa817bb5f8e4007d,我死后真的真的很凶,7,17.831669783570177,-0.057234877850882354
118604706af2a26e,我死后，美人质子他跳了城楼,0,-7.435459308086486,-0.0977166157136776
0aa3faee63384d1b,我死的时候二十八岁,7,9.457940596013728,-0.14428830309081755
0219eebe425de761,我治好魔尊的眼睛，他说没脸活了,0,-10.510992599424704,-0.1255297145992201
4bfcb03819f96156,我法师加奶妈，用七把剑不过份吧,3,-0.6098195565073325,0.0994616023236107
59b1e4f955664d11,我洪荒人祖，多子多福怎么了,7,19.771751225374416,0.13957497139763914
4fd4469588fe0c55,我满级老祖，养亿点崽子怎么了,3,-1.084477620915223,-0.015060671883971394
de2f0b89a20ae5df,我爱莉希雅是芙宁娜眷属,7,15.072212673736637,0.09836509218405552
c0930e9992bca4df,我独自升级？这次我陪你一起升级,4,-14.989433433590925,0.01291670109690804
d5521bc2a0afcf4a,我的26岁女上司,4,-17.09562131942031,0.08472086594108066
ce441d9c46a3d2ee,我的26岁女房客,7,12.533993979589361,0.1835285689525654
ce441d9c46a3d2ee,我的26岁女房客,7,12.53395721677854,0.18347196177577574
ac6fe6958778645b,我的26岁女房客之海岛孤帆,0,-3.4797036579971774,0.19188926781065038
a7c153a72ced1414,我的28岁女房东,0,-6.5324309829677745,0.04794643659526687
66743bbf03d096ef,我的omega老婆是霸道总裁,1,36.70304169595623,-0.1402762445503691
513063a2230deebf,我的七个姐姐绝色倾城,3,5.898822464901301,0.07537563076984322
6b159f9defdd94aa,我的万界女儿国,7,21.22510139105664,-0.11474767994624582
015b4356bab27438,我的世界之全球无限生存,7,10.94672600164511,-0.015556558430565165
4ef5131a15d97f79,我的世界由我守护,3,1.4402028299451857,0.028213561180790242
32f69749a22b3b20,我的世界：我有无限MOD,7,10.453389748717882,-0.10813831381384478
b7792c629290671f,我的主动傲娇女友,0,-5.922807252752833,-0.17904129979861025
85d422049d00475e,我的人格全部转化为职业,3,5.497473110379929,-0.03825392020310056
481f23784eae595d,我的人设是高危职业【星际】,0,-9.014009772393244,-0.14496697099623426
3fe2fb5c36cf3485,我的人间烟火：搞笑女的救赎,3,-2.062634308491795,-0.021676273789438733
163e699d2a1bf4cd,我的人鱼alpha,3,2.8573696820457073,0.03635694252114127
deff6a802b1f1474,我的体内有只鬼,4,-15.319217629351307,-0.08631565226305662
acd8804c84745fa4,我的侯府傲娇才娘子,0,-8.274818693892605,-0.03049287054995839
50a19b96f1fcdf9f,我的克苏鲁系女友,4,-17.821117790488604,-0.018921952145650567
6531790edeb33b2b,我的冰山美女老婆,0,-4.0083530459005345,0.18701296392797143
8634008a9c057b37,我的创意工坊,5,233.37502374190075,0.3015351150516417
d24b7fa989c06308,我的功法全靠捡,4,-17.02026874983963,-0.04690158963631216
772683e722a1dfee,我的功法自带特效,4,-15.663668902679845,0.005188242822936118
a45ef8e8013af125,我的右眼是神级计算机,4,-17.95615315187069,0.00019935786738556338
a45ef8e8013af125,我的右眼是神级计算机,4,-17.955542845863388,0.00016522770401306008
a8f50354deba473e,我的哥哥竟然是姐姐,7,11.991155597547596,0.17432532790533395
9c6f6c0357e96d31,我的天使，她的英雄,3,-1.17200640591944,0.02603213340165275
b75565e083edce53,我的女友太甜了,4,-16.792829808526992,-0.05935667361978628
b0e3c942fc459d03,我的女友是国术宗师,3,-0.32569889639702154,0.09722312423803968
d94b320221f1034a,我的女友竟是女鬼,4,-22.950576156385285,-0.06583397512318787
1b7ab2b4b9d2de03,我的少年他爱我十数年,0,-4.459707165419957,0.006873235179398224
510945f74c1f3a7a,我的帝国,3,-0.634677679476475,0.0828270093355434
fca7d9a5c9406f00,我的徒儿有点怪？,0,-3.7751862690273015,-0.02591588207315923
bdcfc9575b8bc2e3,我的御兽会武术,1,42.92494076204909,-0.020050836305360586
6cfae1952cdddfdc,我的微信连三界,4,-12.719921149812418,-0.038066108675327975
7674ca691a8ca362,我的志愿,7,18.343929030292735,-0.009315906455007794
fdc133593fc9bb1b,我的恋爱对象居然是Q版女孩,3,5.9123740496838835,-0.027526691535025016
e33ed06be2f123ca,我的恋爱游戏可以管理校花身体,0,-8.15424046516366,0.06544735708014002
d7c3a4f2b152de52,我的悟性好到爆,0,-7.73962450749697,-0.07693387035746427
1e1f6c44a77eeff0,我的惊悚游戏，画风不太对劲,7,12.95306537582266,-0.13650070447373389
d6360141c7c38348,我的愿望实现了又好像没完全实现,0,-8.402833882981504,0.09177707886657796
3ae150cb1bc4ede2,我的房东是偶像歌手,0,-12.28788950151614,-0.013822736358891391
5c39de31a3d7d302,我的房客大小姐,0,-5.972246412703726,0.27214348687053125
f4f7822539e23dc2,我的智商能充值,3,3.9832713510374305,0.059176126000062834
0c53debe80a90c56,我的极品女友们,3,8.244058442378389,0.11704053473946746
4351c43a60865b5b,我的林先生不说话,7,10.841649404254326,-0.03088512153785164
1ee74b4ae72e4553,我的歌星女友超凶猛,3,-2.1960313808301635,-0.010563475673313005
30820aab6e1a2321,我的法宝都是规则系,0,-9.381946616200139,0.11386795593553531
5a41dcd854222c81,我的清冷校花邻居,3,-2.390615922693783,0.14073389393730462
f753dfaebc2571e0,我的渣皇帝重生了,3,-0.3964618639432089,0.14061337330858192
75c4a53781f65af2,我的游戏橘势大好,3,6.364621453128713,-0.029783001626987632
d5af993e7b5c59cc,我的田螺小夫郎,1,26.57986628069102,-0.06964171882961936
63015805ae02d03c,我的男友遍及无限,0,-7.449684972585409,-0.11016930047001192
7393903bdaa7259e,我的病娇女友是灾厄boss,3,-1.1313081985563898,0.059372281566324125
b007ebdcc3db45ca,我的病娇妹没有血缘关系,0,-4.6098301976944285,-0.06999722340381612
0677aaa8e8aea36c,我的白月光女同桌太可爱了,0,-5.440826299120573,-0.11374554676544243
0e98e93a5f3a2ea4,我的皇帝父亲会读心,3,0.7300275406594494,-0.026354491501587307
81d8db3bca721185,我的盗墓笔记，被妹妹直播考古,0,-8.492168799034026,0.005930290940123317
b64d4bc8b7c483d9,我的神宠都是女神,3,6.966136929476292,-0.0010669832745990038
1eef3d30aa6ff015,我的精血创造了吸血鬼女王,0,-12.142249081946602,-0.07884023067561088
63cc4c34728c014a,我的美女师傅都无敌了,0,-11.63964702758048,-0.0831849920034404
9d8eed3ddc0e34a3,我的老婆一万岁,4,-15.223897335545647,0.10079898771200752
ee35bd3cf0ad08af,我的老婆怎么能这么可爱？,4,-23.19755263566615,-0.12427614499765402
caf2f507a84d6105,我的老婆是剑仙,0,-9.96329417073975,-0.058922531758200475
c0cb9819d8c7ded2,我的老婆真不是猫娘,7,20.762997912835772,-0.0625348479844747
6481693a94519327,我的郁金香小姐,3,0.5648723489829024,0.16551155233976542
ca4b5da043b8c389,我的重启人生1992,4,-17.515632406869493,0.1841399880026448
2c88521aede706ba,我的霸道病娇女友,0,-11.416462044417234,-0.07464468115568199
b233049f75bf39f0,我的青梅竟都是游戏BOSS,0,-9.260944577517904,0.04733775981395663
6f99cfa8d6a86528,我看到女神的乳腺癌大军马前卒,1,36.90176914109368,-0.11249655628995367
d264e63cb4751b87,我看警匪片装大佬，首富求我救命,3,-0.11448240398942744,-0.06708825389503928
984a485b2989d8e2,我真不想努力了,0,-6.086988706758056,-0.003627269154635987
7e6e566befa7035b,我真不想吃软饭,3,1.4942089776063696,-0.04690121716222953
0b02f29e0cf0217d,我真不是变态！你别不信啊,4,-31.33409071473121,0.08007349189469981
8728e209fb747d37,我真不是坏男人,3,6.184494942206818,0.2221981946794172
f451b8db7e49d61b,我真不是莽夫,6,56.85047278632166,0.04893655915804851
ff8fe4f284b2e550,我真没想当冠军啊,0,-8.538406706643357,-0.05931574454273339
279c96b7ecc7491f,我真没想当反派啊,0,-12.529248735262591,-0.014978807966383678
36acb77996f74d1e,我真没想让女主黑化啊,7,18.08326060558248,-0.056506000100269155
23154648284a5a75,我真没想过妻子是女帝啊,0,-4.8282291740761,0.06854555875030896
640274c22c90c53e,我真没想重生啊：憨憨鱼,0,-9.106687310724958,0.07197738562827027
e844b53995e07763,我真的只是出租男友,0,-4.503069035204241,-0.09403550361733129
c37acc2e71ec5980,我真的是守法公民,4,-16.32902185376461,0.14488923219003766
a9ec4fa92108a399,我真的是普通人,0,-2.8532212725952277,0.10636640616868215
2a810b0237923b1e,我瞎编功法，你们怎么都成大帝了,0,-7.605966945627692,0.051582197701290605
881896a96235f30f,我知道自己要重生了,0,-2.865717001143274,0.0031134844263560058
64ead3a14d23c43a,我祖父是朱元璋,4,-19.440565392426308,0.22320640475365255
6992444d6b829810,我穿越999次，逼疯了疯批暴君,4,-13.242788795156628,-0.016143530630127162
3cb2d8d3a38957fb,我竟是惊悚世界NPC,3,7.905545094835908,-0.0026263419882105454
b8dd21285fec4cba,我竟然穿越成监控人？,4,-15.389822384268498,-0.09405513797937545
71c0ee7b20762dee,我算命主播，一个名额让全网疯抢,4,-18.93204349589926,0.20131301693441706
059c791a362b53dd,我算命，你进狱，警局业绩666,3,4.338955553161746,0.8609961526293428
29d5ae820d723995,我绑定了白富美系统,7,24.63856023593874,-0.07463485643757375
2c50c92c657f7741,我老婆有十种分身,0,-11.135423202625809,0.06410290068196209
47fac1856ee52460,我老婆真的不是天后,4,-15.017325245204113,0.042428179475164945
b4ccc8e0cbf0c1fa,我能抗住最毒的打,7,16.39675663681505,-0.08153543571553015
be4c1c7dce91ad02,我能看到万物法则,0,-5.167601694976,-0.05662556077087208
d4a1c91fa1ded669,我芙宁娜只想当乐子人,7,9.526870854488322,0.11717009177459539
dcd2c6a084509156,我苏妲己，绝不祸乱大商,0,-4.07002275451638,0.012384416011214178
4b60ed17aa8205b3,我虽然普通，但我妹妹是最强精灵,3,7.549287761693591,-0.08482040402923965
5c39d428afd33977,我行走崩坏与现实之中,1,30.6050249654012,-0.08926483612218997
c706fd0cf92c4b0d,我被怪物养大,0,-8.285435089667182,-0.008089267233789443
a1a7dc0d69be470f,我被改造成为精灵公主,6,54.77363156132084,-0.0662036615324125
b71e6a0a59834b91,我被点名就变强,4,-18.887556240489953,0.10796389566178466
ae11dabbe3a04875,我要你哄我,4,-15.416725255457418,-0.09807183271511258
a4d0b1b516dad056,我要在柯南发刀子！,3,6.919349409757039,-0.16829553726515864
ee6cdd97a0574a5b,我要绝世美人，不是要变成美人,0,-10.626139037345453,-0.05477507066687179
491373f000344f2f,我设计中式恐怖，冥婚吓哭全网！,4,-14.752829841388138,-0.005674675474735047
43671d9a2114ccc1,我说今夜无神，于是众神陨落,3,3.4506715537947414,-0.07749150396168689
ffde66d9a56f16d9,我说我要疯，你到处说我要二婚,4,-25.599250363209922,-0.04573344929974446
24b2c887058c7303,我身边的美少女们格外反常,0,-5.780540856539261,-0.05661830592339226
1b4e889d948ed1c0,我躺平后被绑定了系统,3,6.862423126027643,-0.012689676512670028
656479fc913a23ac,我这么可爱，卖个萌不过分吧！,0,-4.2663744273332185,-0.03128931930652948
dc0f64116e3faf2d,我这口老奶你只怕承受不住！,0,-8.091304467730616,-0.059620610076192876
b53b2c72a0a87162,我逃！她追！病娇妹妹嗜我如命,4,-23.220040259443145,0.14114687184309266
aada4a5c8a4a9b04,我那夫君柔弱不能自理,3,1.6577088766649481,-0.0824514987801345
3f01e1df8da411d7,我都元婴期了，你跟我说开学？,1,42.76085092273317,0.09666641190646522
12ea507aef981dc1,我都快成神了，你把我踢出队伍？,1,29.197333283098388,0.0003903084560542558
65be6f2cbe90586d,我都快无敌了，你跟我说要退婚？,3,8.111268668785868,-0.1048199224776509
c86e17912216fd63,我都摆烂了，女帝为啥还贴上来,4,-16.547771395132507,0.024214065525402756
0260342167d9d7a0,我都祖神了，你让我下界护道,0,-7.264111960878218,0.04175295069618992
693f41be187633b7,我酆都大帝，在惊悚游戏开小号,0,-5.109413859408505,-0.06676565581651991
5363458b39596c68,我重个生，冷血家人们都后悔什么,0,-3.912380788230415,-0.06792148751811419
0568ef4db749f5ee,我重生成我的童养媳,0,-6.523754058533726,-0.06449562408958606
c58f9effa3a1a825,我长生仙人，被凡人吊打很合理吧,0,-5.1581677262731915,-0.12572376510695923
6a36045fa76a1233,我阐教首徒，请西方二圣上封神榜,3,7.417057943114742,-0.1376375569318056
f08feea6559fc583,我降临在矩阵宇宙,4,-13.63741012940191,0.06050668498461803
f08feea6559fc583,我降临在矩阵宇宙,4,-13.635857675259714,0.06044641254948116
fe3233c2307d92db,我零系法师暴打史莱姆有问题吗？,3,2.6555508610553886,-0.04016666639461855
9fb479560da0a992,我靠打爆学霸兑换黑科技,4,-14.322743937081341,0.0490673227656043
b09d6860f0e91aa5,我靠摆烂拯救了全宗门,0,-4.246462850300851,-0.08812961846834719
b9bc0517cda156fc,我靠流血成为万人迷,3,1.2301179217680343,-0.12416161270995027
fe7a9bb40cf966e3,我靠觉醒技能征服修真界,7,10.85549402513292,-0.18537122773605666
407f05b596b3c31c,我靠顶级茶艺，挖了主角墙角,0,-4.385510883597064,-0.07949958542846866
6879478c4c97391e,我顶级二代，女神穿巴黎世家表白,4,-15.542164035599956,-0.05206010608121317
6316924e19da53d3,我顶级大反派，开局选择掌掴女主,0,-5.866822867398284,0.0888040943363258
c54dfdf15c51874f,我驯养师，养虫族天灾不过分吧？,4,-17.060764482527652,0.0017254142533774386
d88cc7aab9b1235f,我！反派头子，主角们心态崩了,0,-6.039238407187632,-0.054497807220523914
4f9e8d1e23bd0a54,我！反派舔狗他爹，专打各种主角,4,-23.54618640146774,0.016526712628094076
e39a2edf121d9d98,我！咸鱼法神，被萝莉师父偷听心声,1,36.05176022229874,0.04088624621040443
a40b3dd47c4593da,我！渣渣米，龙化！懂？,3,5.034927785122932,-0.040965007877843546
c805fa3e33aa5211,我！神话机甲师：校花女神抢疯了,0,-9.167383168717812,0.004117990381878822
6ddf4f5c44998eef,我，三句话，拐走了一个苗疆少年,7,11.55118388181269,-0.08027632568858409
525c8d89b406486a,我，下山之后,0,-5.049833372119785,0.05462219162454185
131ae2a75030dc40,我，为祖国富强而奋斗！【系统】,4,-14.251855536631489,0.011711787084984077
a799aeacaceea828,我，九玄女帝，被人骗婚生子？,4,-19.169664220375466,0.09213123004200677
35a7e8f30b3366f9,我，亡灵始祖，一人即是天灾,3,-1.079403987065497,-0.04337921851337559
5aad53595661fb23,我，从洪荒苟到西游,0,-5.563687605679824,-0.005988918657067049
99c7b2a1bdc1184d,我，低维世界唯一真神,1,32.78929635482713,0.1490754897125785
08a9fbebae8ac6b5,我，免疫系统！你和病毒得死一个,4,-14.277010341651042,-0.07748472478293736
9ac040447af87fd7,我，双面手术师，职业开膛手,4,-13.834301401445273,0.028853276102568187
0027b2ef9766e843,我，基层恶魔！,4,-15.278415301526486,0.0371390517035107
b9349ed3bcd7c42d,我，天命大反派，从拿捏圣女开始,0,-5.910288133513525,-0.029814823800811824
cce1bf063256414c,我，无敌，从降生开始！,3,7.629707209698587,-0.0058055618558272015
16e7e8d7e997d64f,我，最强名师，敕封徒弟为众神！,3,0.9845161851067274,0.0928176822446938
d2b9475808c6ab58,我，最强软饭王，开局捡到超可爱老婆,4,-14.157362277463047,0.15306069671530825
f84866afc46d4272,我，正道楷模！身负勒索系统,3,8.17332576357584,-0.07722861165752862
edd8aa64e1a4ff33,我，满级妖姬，欺男霸女有问题？,0,-11.632419983531562,0.19322518941168107
7ef7f32e48333ee6,我，灾厄星神登录列车！,4,-18.344079004716818,0.15213928929132836
3fb8e043327e9d5a,我，琅琊阁主，发现老婆是女帝,1,26.55220271864603,0.07857024414749186
dc78c1c9dda9605a,我，白露竹马，豪横消费惊呆全网,4,-25.756680630199643,0.12661871355683696
fff369ff632cf1f0,我，肃正协议，加入聊天群！,4,-14.992541842151777,-0.19050524957547463
da956d27482730f6,我，镜流，愚人众执行官,4,-17.451675787724227,0.1825574934366886
594c510f045b1dd7,我，阎王，粉丝多点怎么啦？,7,10.89467176382729,-0.09763147469889485
a8cc091e5c17e0a7,我，靠演戏成惊悚主角的金手指,1,29.21111061887575,-0.10275097593911967
ae34eb30de5687b2,我，高考落榜后去修仙,3,2.330324390616866,0.0857248169288922
141bdd04f38f4b04,我，魔族卧底，开局被女帝逼婚！,4,-15.922949266456886,0.08098918911453754
5b50b145f0b0f477,战争和平狂想曲,1,29.325177468510702,0.1627429181622272
c711d83dc7672ff4,战忽局：让你吹牛，全部成真了？,4,-12.952298213825454,0.001289646367540337
0c51a4093993fdd8,战神参加恋综后爆火了,4,-20.87242280990137,-0.04609588940322132
181767b297d32a71,截胡九星机缘，开局反杀气运男主,1,25.93062596040147,-0.04431865484668904
c215eb9ff0b1f2ea,截胡各路机缘，气运之子崩溃了,7,18.285980196117904,-0.030692785572663278
59025eabad6e8af2,戴上性感的绿帽，师妹从此无敌了,3,7.997354136579631,0.007658484435326379
cb32410055f54f81,所以是谁把我变成女孩子的,3,0.8115078166346237,-0.04221564576942674
aac8dd8bf7b5842e,所有人都想攻略我的青梅竹马,4,-17.13454447237303,-0.0649174623705441
a5eed39ac03b698e,手拿名臣系统，我在古代女扮男装,7,9.750561428475578,-0.08031426552970186
c8d5738a270d77a4,手搓核弹，你说你是最弱科技系？,4,-18.537881986145358,-0.03940787212810956
dfbeec97292f042a,才不想当吸血龙姬,0,-6.615033276395387,0.19081547077318015
463e5059e9dcaf23,才不要当冰山闺秀嘞,3,1.4193487913197345,0.07072934919397364
de215abada270f0b,打不赢怎么办？只好选择攻略了,3,4.759486434532654,-0.061202259568727185
8ff6c45b1a685141,打工皇帝：地府升职记,7,15.169242420057927,-0.08370500221063729
7a5f6ea3471ea388,扮演水龙王，被选中参加规则怪谈,0,-3.6014911870262054,-0.06980385053347224
6a21e09866fcd6b6,扮演病娇！白切黑邪神腰软易推倒,7,13.473600819795244,-0.05669484130486527
0ccc5d930bbc83b7,扮演范马勇次郎，以武道横练弑神,6,66.62070044516888,-0.03299491073816049
49b104c4f4032b50,扶摇同风九万里,0,-4.58948486378997,0.08166709637803213
dabc1e71521b5a7a,抄家前，医妃搬空敌人库房去逃荒,4,-17.342345527208824,0.04254113300386694
00d0ff1351b9c15d,把反派撩黑化后，我死遁失败了！,0,-4.0649094602895275,0.04421512357448987
66e307c1caf568f5,投资天命族人，我实力是全族总和,3,0.5316071710466801,-0.09593962536473774
86aada7d267dfce0,投资惊悚：夫人，请正经交租,0,-3.893709050508761,-0.11284141488951824
5ae9634599544bef,抗战之烽火燃血,7,19.76879165744444,0.1317833312646689
c6952d8d4a7f9578,抗战：从血战湘江到高山下的花环,0,-6.356997796650845,0.08947440929625305
ea1c73ba00b2d444,折她艳骨,0,-4.535209770077103,-0.04290497633353743
329859b5996187e8,折腰,0,-12.01244082552138,-0.10993775806419451
5801954eef46f500,抛弃病娇男配的后果,0,-3.0058072038490167,-0.07270536135509839
8383d3abe96e1eec,报告公主！阴鸷将军说他甘愿入赘,1,34.34073999788052,0.06379091229745554
2e00183fd1db5755,报告总裁，您的傻子太太是神仙！,0,-9.461774494467107,0.028101853073090377
801ea7576ab073ff,抱紧女主大腿后，娇软绿茶被团宠了,3,-1.0509147188677375,-0.10870027688913805
22c18dfb621d49ea,抱紧无限流男主的炮灰女配生存法,3,1.221888044893312,-0.039464928436426766
f4e8821134f02966,抱错被接回宗门，她却被活活冻死,3,6.747235664224263,0.10693305181733792
c2200a1571362ead,抱错重生！她是顶级财阀全家宠儿,0,-9.607205936121034,0.011796643578520033
e926e062e4b9ca43,抽卡？不好意思我SSS级,7,24.051459767864372,-0.03388163373775696
88c3cc9703c60f74,抽除杂质，臭虫变真龙,0,-8.655592709375071,0.052087280494558186
0caef731813bf14b,拍流浪地球我造太空电梯很合理吧,6,70.38939609419748,0.04290831157210728
cecf64ffb9004421,拒绝女神扶贫后，解锁混沌级基因,3,0.5208200254550874,0.05123143051346343
9031446c92730774,拒绝我后，妃英理后悔了,0,-12.535837922956112,0.14884951593032225
8e110e29920326df,拒绝洗白后，修真界对我搞崇拜,3,7.496636638647786,-0.0928723083076943
195185dcbe2311c0,拜托！穿成唯一人类香疯了好吗！,0,-5.26198740323737,-0.12580883450114141
0218eecd6c7a5e80,拜托，我真没想和校花谈恋爱啊！,4,-23.548846494051496,0.19754580374026753
c97c9a859b0bdab7,拜托，我真没想让女帝陛下怀孕啊,0,-5.093079300250793,-0.07348697377025695
f0438016dba56c82,拜托，有一个怪盗哥哥超帅的,7,19.031010941076424,-0.12029806275456192
36b7427e93d2a520,拟定推导：我的未婚妻是哥特萝莉,0,-8.709110897132646,0.0058881231330806805
73723dd5d24b9063,拥有猫耳后，我被末世大佬圈养了,7,19.374270402960597,-0.05443429015771692
ba3a3aa33a8b1639,拥有第二人格后我无敌了,3,1.938574383219894,-0.005973356918884065
765817176c5f6d64,拯救了个自闭少女,3,7.011749311867106,-0.04656967462223274
4ac85c3a47e6b4a1,拯救宇智波，从掀桌子开始,3,7.937722161910209,-0.01464820200762676
983bc450a3184dd1,拯救师尊,0,-10.317294424866951,-0.015495287272131897
0fd4bd775f16d004,拯救恋爱脑亲哥，我辅导他考清北,0,-8.87174452415342,-0.007024303194413467
11dc082bc7b40441,拯救那个失明男配,0,-2.5411864144218157,-0.11969166532411704
d9824d08efb2dc81,挖矿十年，我原地飞升！,3,4.779236606766069,-0.1652193926448646
2bf9e76fc092a582,捕鱼大亨：从北海道渔村开始,0,-6.647469445121082,0.021274314688942503
9bb22b849c8802b0,捡个妹妹混异界,4,-17.744917036480327,0.1225283222776527
4183633a7aedca0e,捡了个落魄歌后,4,-21.087220151349555,0.17847364958007134
4ab7ea7a8f70ea2d,捡了疯批反派后，炮灰总想自救,0,-5.2684614344669285,-0.03301542249361242
a83555125692ef6d,捡到小猫妖后，骗她做我的小娘子,3,3.999323379897035,-0.11000469373369273
760be12a79aafd1e,捡到死对头的崽后，我们被迫同居,7,15.88271856928511,-0.05182733843562684
e3368cadb48f04d7,捡回家的女孩是病娇？我遭老罪喽,4,-22.564896364274272,0.12970700332524468
a7b0fad71e0dd781,授徒万倍返利，为师真的爱你们,3,1.0216200903049781,0.02821086842559828
a839c963ed123254,掌上娇娇,0,-8.66914991822452,0.057716268689039285
c8c7999c513bf599,掌缘诸天：我带宿主吃香喝辣,3,2.5395745070125173,-0.1718544573643371
b46586fafdada4bb,推演天机：开局发布天骄榜,0,-5.968192878318881,0.03151808976623113
a336c15cee9edf61,揉碎玫瑰,3,-0.8263163876298734,-0.11993882939005054
1d308f9532dd7ff4,提离婚时，被形婚老公按在墙上亲,6,48.24212839131759,0.030718468881931443
d8de621b650e1af4,揽腰缠吻，禁欲佛子疯魔失控,4,-13.394894574159547,0.05290980542415813
2baabe6eb47c2a84,搂腰轻颤,3,3.4031911034856535,-0.09094724886648023
0874df452fbe2888,搞修仙的谁不疯呢,0,-6.252512970225858,-0.03464024421314668
7c309dfc32c52173,摄政王他好像有那个大病,3,5.681436098179077,0.03768695557206811
bd5bc18702268158,摄政王是病娇，得宠着,0,-8.424675272543297,0.11175937843181742
34b6b4ae05d25735,摄政王的病娇娇是大佬,0,-6.97102646264598,0.04931718301471863
f62641a076566411,摆摊算命，开局被授罪恶克星锦旗,4,-19.295178227635553,0.12104494466636176
1a23c8e7fe60c8d2,摆烂世子，我写百朝皇后入胭脂评,0,-8.937270334656588,-0.023320583503138315
203f6303d456d3c3,摆烂五百年，圣女要我滚下山！,4,-18.973576221010696,0.06328608913059461
f7e877c8fc06c57f,摆烂反派心声被偷听，女主崩溃了,3,-0.08573259897520558,-0.012149037132017121
41576600c26a2b2e,摆烂太狠，我被师门卖给女帝联姻,0,-5.676453265499013,-0.009382395496171703
fd45801589984bef,摆烂影帝在娃综爆火，女友粉疯了,4,-12.655942549841505,-0.03429824198277556
76377bc0b1941d54,摊上清冷仙子师尊怎么办？,7,14.060210273936207,-0.15010158247166047
72417429d4a2c021,摊牌了！我就是骸骨大帝的领主,0,-9.061598987924235,-0.1057515038178242
25e8ce755001124f,撩婚,3,3.6726096894811064,-0.10507413095381782
7b203d086a778206,撩欲！暗甜！穿成病娇的黑月光！,7,24.602908076626548,-0.08317693942216489
e1a9b8a360ae9a99,撩爆！阴郁病娇哭着求乖宝疼疼他,0,-9.59962687004095,0.10553044367346871
f97be2d0298020d8,撩错大佬后，她成京圈第一夫人了,7,15.503870808791198,-0.01434247054500462
d16355be280e4991,支付999，成为女神的共享男友,0,-3.228549457808967,0.04339487496343425
c69f8072383fab50,支柱计划,3,2.697225744273055,0.09151897463571126
5bc38047a8d0e0e9,收手吧鹰酱，外面全是华夏歼星舰,4,-27.796633799745894,0.11762831230128405
710a8fddab5f9892,改变，成为不可能的自己,7,16.225325883554724,-0.1714086180681614
cbeddb73799d20db,改嫁疯批太子爷，旗袍美人艳翻京圈,0,-9.563166472576142,0.0024250601792428217
efe1e12f942642a3,攻略失败：给古人直播当今盛世,0,-3.8881117199571875,0.1603064340174415
8bec35c36f4248c4,攻略最强打野的成功率是百分之百,0,-8.604681336976647,-0.02598952155554088
f68a8f003b0901f3,放下校花后，被超可爱小女友倒追,4,-17.352277441081423,0.000775306839580242
535ba5ca3e87183e,放弃表白后，校花哭着求我舔,4,-20.223613127469218,0.12828852776497346
21a052f81a689817,救世主：超人,0,-4.506608000410672,-0.10769659877425422
7d4af582bc60f990,救世游戏：我玩游戏拯救世界,0,-5.601325492289,-0.1785800416867301
78e1791f2f23ed58,救世的意愿,7,10.383380326495711,0.03914915904128022
bf412c21fc543725,救命啊！我被病娇女友缠上了,4,-16.24794379875965,0.11660166776319054
582dc899be79780c,救命！不小心撩到主神怎么办？！,4,-14.261933583560747,0.03061799946315283
2ba4165628c166da,救命！住在我家的美少女疯狂白给,0,-4.398641128565615,-0.006102333908102803
0506f345007ad8e4,救命！冲喜老公竟是我教授！,0,-7.174958727886505,-0.020151629765910367
893124f8f95a4a39,救命！女装被老板发现了肿么破,3,-1.3295850360523005,-0.0711754482593632
d2fa611c08114714,救命！我的千金女友有亿点点霸道,0,-6.238867190801791,-0.018918807329084603
2a863af26de283d7,救命！暴戾魔君每天粘着他要哄睡,3,-0.42725312409944394,-0.09223849768570005
ebc08d3b73dbea3b,救命！残疾兵王要被异能俏媳撩疯,3,2.6305093970101154,0.021605764785200765
3302f1815d59bc65,救命！男主他非我不可了！,4,-15.37859555180373,0.029913442542846586
7d6d634b5562e210,救命！病娇反派喜欢我怎么办,6,79.05139780613041,0.02015291159397395
e399b921afd42e1c,救命！直播被疯批大佬撩到失控！,0,-8.127643536575448,-0.14444933069137164
1790f8992aac4f90,救命！穿成反派暴君和妖妃的崽了,6,56.69597349849799,-0.09197628182276948
c80b6eaff4815c0b,救命！美人宿主摆烂要当恋爱脑了,0,-3.2749385308159233,-0.02080905504914224
80b61648b8afcbdc,救命！这个救世主太老六！,0,-9.243661311321773,-0.004862574880602599
daa6599d5e32e066,救命！这只诡异萝莉想囚禁我,0,-7.615683124604189,0.06392201023735189
7397de9e3d6f4dee,救命，被萝莉女仆追杀怎么办,0,-4.206950162413726,-0.0758039990961469
1f2f1c8af284a6d1,救命，身边女人都是病娇,4,-17.07838695698867,0.0014631929631830909
61d400254eb7e346,救赎！阴郁病娇少爷的娇软小甜甜,6,53.486322757746706,0.1302755813630079
4c843a26ddba6766,教父,4,-17.43013234484569,7.269482275348849e-05
e9b5d6c8467f924b,教皇大人，不要啊！,1,43.80974181215228,-0.052807266638912914
d70953a27a8e41eb,敢网暴我？我可是邪修啊！,4,-21.468674690141416,0.1943633798802544
3f3943c292ec05de,数学思维法训练,7,12.304028624386838,-0.1641671707719243
058d316238ff21ee,文娱：刚分手就和女明星进了酒店,3,3.437293207574065,0.071234146709614
3cfb4a7e6dc0a059,文娱：我的女友竟然是偶像歌手,3,-0.3100109217146496,0.020987997987909318
03c8b0ccd1d1f3ae,文明模拟：迷失舰队,6,52.13297689418735,-0.05046510879115887
d080d59de88a1991,文茜的卷王之路,0,-10.073155000703032,0.06073280340693399
918fc379a24f6c9f,斗罗之心梓所向,0,-7.243964468384064,0.0005092334038427904
c95133d78383643e,斗罗大陆之千机百炼,3,8.470073344441076,-0.10755979326719348
12df2f6d7f4ff8c1,斗龙：我是百诺师兄,4,-21.04723166632273,0.13167012006252704
39d2eb91b0de75f0,斗龙：穿成宝贝龙，打爆反派,0,-11.715259270947776,-0.1747071938613334
78b14474d4ae6a43,斩妖除魔？贫僧只想还俗,7,23.344482491111293,-0.08238761309462492
9c796611a37746b4,斩神：我在地狱挥刀十亿次,4,-19.50283380889877,0.05511547048755605
b642527e9e01f524,斩野,0,-5.840365342706789,0.32210226319091995
42c8074ee23ebb00,斩鬼者的卡牌游戏,0,-4.779608265805841,0.05011079136592328
3391d7c663506c09,斩龙天师：我身怀奇门遁甲术,0,-6.133233150256984,0.12542385918168164
79e29a43a24598e1,斯克雷提尔之无明行者,3,-0.8172139785121573,-0.067509380191945
c452b514290656ea,新婚夜：我和病娇王爷一起逃婚,0,-9.87416415388811,-0.07926749552176851
659c422a9d09d722,新警入职：开局你就抓了个通缉犯,4,-14.412587014540847,-0.05310298281572215
d791144fc6ddae7c,新还珠之十全十美,3,-0.008474712175747356,0.406684842412119
8a66e2d6209667b2,新还珠之改写,3,-2.1318620979390985,0.17807255017246387
a354aec0b5989912,新还珠之明月逐人来,4,-14.821604788780206,0.1300842127753771
28d41e6a7ef3282d,新还珠之永燕翩翩飞,4,-16.352424254685456,0.22134484626352807
6b2e36fbd07122a6,新还珠之永爱相随,0,-5.199885294286823,0.3324395621355181
c01e5d9f1376436a,新还珠之燕儿飞啊飞,4,-15.17184633069596,0.13145297928063446
00f494ae9500237a,新还珠之燕子欣荣灵魂互换,0,-9.96920496169163,0.2629788888312416
f0957a5be522f5b0,新还珠格格三部曲改编,0,-8.944300586295377,0.13062348496502663
83c8c75d3f4455ab,新还珠格格之云开雾散,0,-8.88582599364456,0.19981893964312603
9a239ef8e2090b78,新还珠格格之人儿何处归,4,-20.447541572127914,0.36471523943644346
e4c21670f3c30d3f,新还珠格格之人儿归家,3,-1.5853037907464156,0.04361648771735038
b666d532711d74ac,新还珠格格之仙燕入凡间,4,-12.884568930247148,0.5670248153960727
cf4819806ca315b0,新还珠格格之医妃走天下,4,-18.99010619821968,0.3357068027050172
f55c20af3ab7c035,新还珠格格之后起之秀,0,-8.004468367405067,0.19299369410141565
c2b75810b1da7299,新还珠格格之大团圆,7,11.020323840421575,0.19042881798715652
8b4ad02403692ba1,新还珠格格之永燕后续,4,-15.34814941575915,-0.0014864751546631583
75fd776242c2f327,新还珠格格之永燕篇,1,27.75094055484132,0.5086979450423623
503bbd502a75af47,新还珠格格之永燕重来,3,3.8328450800156304,0.4959448485206538
bdcd4ba6cde70131,新还珠格格之浮生若梦,4,-18.263882244824472,0.36502583759052165
6e94596187477a56,新还珠格格之灵魂互换,0,-9.915142371535055,0.0801648100660016
b00ad5c89c3be746,新还珠格格之琪燕,3,-1.0038596100821664,0.4243341901126342
412eb3506c78cc04,新还珠格格之琪燕飞呀飞,4,-14.477040308733503,0.17278440782810653
b738f66b67c6dc84,新还珠格格之紫燕双双飞,7,14.85092004820823,0.38702197247874703
cab5e0038d76fbb0,新还珠格格之紫燕喜相逢,4,-16.837846821181966,0.3557574980709409
1e30dc3ab7129e33,新还珠格格永世相伴此生不悔,2,155.0891713549276,0.024077622942445476
c53d546c5a6ca127,新还珠格格眼前人是心上人,0,-11.085551133035388,0.38192739288594846
5f4a05e2436b3e68,新还珠格格续,4,-20.971095798270014,0.33644674179125733
3e09168901860697,新还珠格格续主永燕,0,-5.522231432801469,0.265374152245003
ef827fb340604e31,新还珠：娇娇的日常,0,-4.422671512272281,-0.0486060619005024
94f6ff1b87c7d67b,无人末世，我带着玩家杀疯了！,4,-14.045330567337043,0.12857087723782398
5e18c29032ae9f54,无双诗圣,3,2.2840534402530963,-0.03748900274239478
1071c432e32b5ad6,无尽次元交流群,0,-10.985162032253442,0.04975799193380262
32a2f90aa2fbd04c,无念者,0,-4.563684993227703,0.0538331387771237
c07ed7a1f5be3aca,无性神明的治愈直播间,4,-17.238347488374927,-0.12320755362028271
7db4ef0722dabf00,无所谓，我娘子会出手,3,6.455584821471895,-0.00034659984469739835
668b8fe459e9ea8a,无敌之后，我失去了目标,0,-10.19817580950162,-0.07511158645660945
511f48ce950e7695,无敌从东京开始,0,-4.489645888730145,-0.1360688514866327
88c39c74bf82989f,无敌动物园：超凡动物全都是戏精,0,-7.410402078696606,-0.020097472584519993
5c4ea3050c7c6b76,无敌宗主：开局魅魔弟子伤痕累累,3,4.359421663432251,-0.14898360385280981
b4f937174dac4fda,无敌昏君，开局疯狂选妃,4,-19.57413449975219,0.06648258178063757
c5e46ba6c76309c6,无敌的我被萝莉师尊缠上了,0,-5.382865267847926,0.09366104663964717
d7a4ff487d821cb9,无良神明与不存在老婆的恋爱日常,4,-19.299755933759155,-0.14784206169085476
68d51931b531daf5,无言之症,0,-7.989624882578703,-0.015483299021618047
5da32a3fc6e4a01a,无限之大比兜传奇,3,0.3589144469051533,-0.060496579517465926
d24a5730c9b96f0e,无限影分身，找到本尊算我输！,7,22.71553544921568,0.09755263523840532
a2d24dc82792de84,无限挑战游戏,0,-7.153964814932202,0.11197495211521222
77f444619a877403,无限掠夺：我的逆天身份有点多,0,-7.396587110051321,-0.07064937051067641
6b3b3da8e667a85b,无限末世：每次签到超级外挂！,4,-14.608983682952903,-0.18800600678345294
9bb34d1c26ca49cc,无限模拟，轮回现世女帝跪地痛哭,4,-16.80131992400301,-0.12542612316012883
e4f1e0a2599b74a2,无限流：万千厉鬼爱上我,7,10.145568489429444,-0.14394957252044852
e54db6af6d9a781a,无限流：大佬你软萌人设又崩了,0,-12.212700585409888,0.0646143783192297
959ecb0364888a9d,无限流：娇气哭包被鬼怪们追着宠,4,-13.795131014831341,-0.08666534977834975
5b7404e2be73085e,无限流：娇软万人迷诱捕计划,0,-2.806772782660026,-0.09399235444346224
15bd02db08944fc3,无限流：当神棍进入闯关世界,0,-10.627589991158352,-0.01593282348608016
29bfe6d5046f42ec,无限流：我坐拥亿万粉丝,3,0.5030827807788896,-0.06760589836541228
8204512ed005b67b,无限流：疯批邪神对我穷追不舍,1,25.569357341348308,0.02003033104868404
0e9af0890058d200,无限流：阴戾怪物怀里的娇软美人,3,0.5603088286430378,-0.07009371115094162
09f807ce329a251a,无限游戏：我靠抽卡成团宠小锦鲤,1,33.50278034585493,-0.117186096774503
4c600197ef988c6d,无限火力，神明我也杀给你看！,7,16.626445626955928,-0.12271452462675478
154d3e8f376554ee,无限逃生：我在惊悚游戏里挣房费,7,12.404988848263734,-0.05534869910838894
08e3cb0cf1130e6e,无限：成为信息的我只能手动开挂,3,-0.9471155242995906,-0.040121342792403564
2ea239eb504c1795,无限：月老来了,0,-5.2853135241440015,-0.08830664641820327
9977abb7734bfe1e,无限：疯批美人被优雅病娇缠入骨,7,20.45794844939733,-0.07501751937423182
88fc86c2df43f70e,无限：骑砍大先知,3,1.2654159826259601,-0.09362378414382769
a34f8062cfe63f6e,日向家的万磁王,3,4.525797932795854,-0.07830213106588943
43d4f9c7697987f2,日记曝光芙宁娜，震惊整个提瓦特,4,-16.038860667050685,0.67339989469506
665841f60b6d5779,早通关了，你才拉我进怪谈,4,-13.466201485625628,0.1779979102858609
22c39580190404d2,时不时吐血的我在柯南身边怎么活,3,-0.48171071232015805,-0.03175034973635957
85c6afb43ab563e7,时年,3,-2.351806154251463,-0.0353112676679492
e7a9a6a4242664b2,昆虫记,3,4.3630767036999245,-0.32803328627720996
e7a9a6a4242664b2,昆虫记,3,-1.61033315285097,-0.33074035557889814
503a5cc486492c4d,明撩！暗诱！和顶流影帝恋综撒糖,0,-12.48209553155661,-0.022295438439704884
2f824485700dbc5c,明日之后：我有个末世生存系统,3,8.38221272255052,0.004333853805998322
ddaa93d0adb03557,明日方舟地狱难度的摆烂主义者,0,-10.163901206568973,-0.042676216665321925
f5ab1fe33757fcce,明日方舟里的带源石虫,1,27.597189041139032,-0.04188491633117444
1283b8ef34cb484c,明日方舟，成为企鹅物流的猫猫了,3,-0.25382817957498105,0.03306622907713866
ff6a36c5ab66f9e4,明日方舟，来自道诡世界的我,4,-18.79622015731504,-0.024770873898015522
d411cfe056d8b3f0,明日方舟，罗德岛上的英桀,0,-9.595668900443137,0.07479377881198548
e92579a11673d8ee,明日方舟：学医救不了泰拉,0,-8.840750671648244,0.14517796331135063
76ea979d56548d61,明日方舟：溺于星空的血嗣,3,6.236860584404155,0.0390342041435951
cf1b4e38b0a7d478,明朝那些事儿,3,-2.3235891669905016,-0.3151407009554805
33ef3f5ed8286aff,明末：崇祯你先别登基容我诈个尸,4,-15.629015063184518,0.011522827923855755
69edc3ae57e45cca,昏君赐死，我杀敌成神你哭什么？,0,-3.752582246108247,-0.15872394355465355
a99cd24375a9bf8c,星星本就浪漫,3,0.1299052150371125,-0.09460573127928326
adec2edf250adca4,星河仙道,1,40.75682614774554,-0.003499327228499466
a50abc86d600449e,星穹列车上的司书,4,-13.574187800547335,0.02547672370225973
16f1b922e48bde1e,星穹列车：但是英杰和律者都在,3,1.8901767222248367,0.028555753832901015
91faf8a4acab2df6,星穹铁道，剧情又崩了？,4,-27.171443765855482,0.24852863649641055
f6a5afd74399fd1d,星穹铁道，我银狼包养流萤！,4,-18.29579285028474,0.18104399881653774
6546015acd482ef7,星穹铁道：不要乌鸦嘴咒我！,4,-16.45445745637337,0.02343793732199237
a0e7a2d1efc6c11a,星穹铁道：从被卡芙卡领养开始,0,-5.49076519475507,0.04017600192082174
262c189fd647f07f,星穹铁道：凯文的开拓之旅,0,-5.3412655126686275,0.05000398216873908
c9375f99cc14f711,星穹铁道：告白失败就能变强,4,-15.213005352652058,0.20454735494144763
0064f4175943504a,星穹铁道：在下，仙舟元帅,1,27.54541074437273,-0.1166784387354877
5dcf362cdc8b1e41,星穹铁道：家师镜流，房东符玄,4,-20.110040682584568,0.22225387021642667
362dd28a165b0299,星穹铁道：岩王帝君的星河之旅,0,-4.871392062204514,0.041754093188291846
4fbb9e532bfafc55,星穹铁道：带着花火去整活！,0,-11.954335006190778,0.0944512073430997
450af3df156933f2,星穹铁道：带着银狼加入星核猎手,4,-15.020938345707691,0.04287915561127839
7336a34c05262ab9,星穹铁道：开局播放崩坏名场面,4,-14.567952406877886,0.136870626850068
27808d97dff4204d,星穹铁道：开局生两娃震惊卡芙卡,4,-15.448921362332879,0.1427886223121684
629f960ede7e390d,星穹铁道：开局表演太虚剑神,3,-1.5404223239707449,0.24074443711758603
6cd1df81ad77bd77,星穹铁道：开局被卡芙卡邀请,7,19.38459605320549,0.13891978626709184
37e527040663ede4,星穹铁道：开局被虚空万藏认主,4,-13.724929709819936,0.06993958133751779
a36403f9012307c0,星穹铁道：我创世星神，加入群聊,4,-13.052367037156422,0.07962115163653852
cd7c239784a64394,星穹铁道：我在仙舟当判官,1,26.498329373825825,0.10571841980650103
4b6f3a6f4fb362db,星穹铁道：我当丰饶令使那些年,0,-3.114202024521738,-0.21649382987004948
98844d1182b6f5a1,星穹铁道：我是钟离，不是龙尊！,7,10.876672014065527,-0.03729613930648276
fe4a802ab8de3122,星穹铁道：我景元！听劝就能变强,3,3.0019349609011456,-0.1269539930825805
70f2220f5126f056,星穹铁道：我真不是持明！,4,-14.923455466060165,0.01106286185581662
2205137949fc40d1,星穹铁道：我编造未知，吓哭诸神,0,-5.674757155103784,-0.08823811563710035
fbcec95ba66fe85b,星穹铁道：我，苏羽！铁道组家禽,0,-8.009114803631775,-0.07952062504321863
0a0667318b2d69e1,星穹铁道：手搓奇物强娶黑塔,0,-8.928651803615807,0.0013512989958963106
48e521005e85a838,星穹铁道：摸鱼剑圣被符玄包养,0,-4.712737749206745,-0.059951525256971866
4270c7f59cb794b8,星穹铁道：星神？也能狙给你看！,4,-14.988197887814415,0.006639218555410359
c1f50830169d988b,星穹铁道：星辰，为我掌中之物！,4,-18.616122264344614,0.08196766656219087
9bc78bc9a6d57b4e,星穹铁道：欢愉座下第一令使,0,-2.7535783126489335,-0.0522172776645147
0ea4be37fa774b1d,星穹铁道：活的久怎么你了,7,14.70171660780511,-0.17736429984672428
939309df27b0ae3d,星穹铁道：流明,4,-21.797729858856666,0.05533747598023786
d9d246266854fc14,星穹铁道：识之律者的奇妙冒险,4,-14.388878499288445,0.05472209479820578
6732ea77956ccdc1,星穹铁道：识宝的星河旅途,0,-6.854869935152664,0.16180319873953034
cb8711709a192660,星穹铁道：谁教你这么写日记的？,7,24.04499372082016,0.015465942137529776
7eafdd1d64f29339,星穹铁道：贝洛伯格的大守护者,4,-14.651612395815441,0.005605010386779741
ed9846f2916efad0,星穹铁道：超级黑希儿,3,2.505407001623716,0.0066650084534771725
9872ae273f180801,星穹铁道：转生之后变得太无敌了,3,8.683008305739314,-0.030312050500604343
75185dd7dd67c123,星穹铁道：银狼所至，金羊随行,3,3.166653661599881,0.04388571879178105
def831fd41b8c97e,星穹：开局让黑塔抱憾终身,1,35.22035360370475,0.0403846135728512
12c03e8cce665de9,星穹：我生命星神，开局奖励阮梅,0,-4.897320365462257,0.007811225577172676
6e5244d4304ce99a,星空坠落时,3,6.508929613214406,-0.03505427456961027
c05472938b27026e,星空杀机：无限模拟人生,6,52.729592599777035,0.005675102940036314
6ac4e6e133ec686f,星联不过如此啊,3,4.736172111769939,0.17284878019955946
9a8d83058081e0b7,星舰流浪文明,1,41.701024987804146,-0.034718265680153154
72b53f9f422a9785,星铁，我用寰宇支配之剑剑指星神,4,-16.852035404552293,0.1115661969265563
11608bc7630c5d7a,星铁：从击败镜流开始成为星神,0,-7.497338599871881,-0.039655129690617824
6c1ab1172d0e758e,星铁：偷吃银狼快餐被当场逮住,3,-2.3264637253235563,-0.11591290935064799
61a7727a9d242e6b,星铁：开局三月七捡到一名司书,4,-13.106828670205534,0.2182227641280418
686e8a723584ca9d,星铁：杨先生，我想其中有些误会,4,-22.72172413579711,0.11669624047683795
396533dcf6321541,星铁：模拟中的她们也是玩家？,7,12.015625258167447,-0.00014587962931825182
6e4ee9931f7535a4,星铁：重生成猫被符玄偷听心声,4,-23.182236178402565,-0.06621222705107097
588a65e3fe7f3c90,星际世界：重生变猪猪,3,5.31407517886764,-0.1048926480059825
dce23833aceb9b65,星际之女野心家她身娇体弱,0,-9.991909228883515,-0.03364732015230229
e2b263c3a59b3435,星际之小向导她天天想摆烂,6,78.92884446414885,0.03789408310233042
227e9c4f79c86af1,星际修仙：军校万人迷只想做咸鱼,6,74.12056249832327,0.05147369048580808
762a0531aad56da0,星际手游反馈战舰？我氪出百万舰,1,36.339353034643665,-0.016833338929091335
553e18826a864590,星际甜宠：我的饲养员都是恋爱脑,0,-7.99996520950814,-0.07722170739868464
0bef33434cc894b5,星际直播：帝国崽崽第一甜,3,5.236381627655895,-0.17908485867120907
98f9f53f7a247db6,星际重生：在残疾上将怀里使劲撩,1,25.132308393009694,-0.010072841174754182
32d5818b7b273630,春心乱,3,2.2499382534012895,0.016763352519689773
8a0a0648c2ed7ca9,春日烈阳,0,-5.582678809902539,-0.1117571692456373
5a7ada3e5fb8d59a,春日艳火,1,28.931291697774455,-0.04513618381705406
e9a07648c23ce6ec,春欲,4,-15.956977083111312,-0.11635517491479105
c272765922eaa1b8,春闺娇啼,0,-11.03975617023773,0.09054864442098162
c4925daee7e115a8,是你要分手的，我走了你又哭啥？,4,-15.289292773748858,0.06689458120027458
cccb7e04ce336c0f,晚星予你,1,34.47705185997792,0.0811935929347131
babf0bd476c281f3,普女也可以是万人迷,3,1.3947752291573678,-0.09910252904539016
5656779e1ada76a9,普通心理学,7,24.41736011473803,-0.25682770805147237
3d60eada1fd51b4e,智爷重生，莎莉娜成世界天后！,4,-13.728002382832624,-0.05626149686070023
1064aec0edf7aa8b,智者不入爱河，女配缺了大德,4,-24.855848806494993,-0.047354760483756614
c69f743427851a6f,暗堕清光的生命之旅,3,5.573130690683776,-0.06357836472779074
f90b0378c9db1dec,暗恋这件难过的小事,3,-2.071708326063039,-0.06466903013813621
37a3814ca77a9708,暗恋这场声势浩大的哑剧,4,-19.446443757020802,-0.07265622182087086
efaee166d50998b0,暗网,6,50.60079917109955,0.08450040926371699
0ee11c86336c9754,暗黑界传奇,3,3.768214333750116,-0.04797737580460268
b44fd3a8f99f8b21,暗龙之天下无双,0,-9.051548446742125,0.04638417361923289
55212460408bbc14,暴君一家读我心声后，将我团宠了,4,-14.440417890754635,-0.023427191694815358
87b635c8069edeaa,暴君家的小奶团她恃宠而骄,1,32.7832547721264,0.09264835077234979
7c89026f31b491b8,暴君的小妖精又撩又野,3,0.7925158156648919,-0.09888702716402106
d34bb98bea496af5,暴富！从发疯驯化残疾王爷开始！,1,26.046710910423727,0.07200053577329085
0beb1003ac93a8a9,暴戾太子在我怀里喵喵喵,0,-12.376480102510058,-0.07768308368547952
f9f2fbb5bf2c4b0c,替嫁狂妃：误惹病娇魔帝,3,7.784870337057676,-0.05418247177792565
28634eff2f44b6c2,替身十年！今离去，她却追悔莫及,4,-17.153169236373728,0.08330384397360868
3cd14d700c19d494,替身女配能读心！大佬全员黑化了,4,-14.81726458068307,-0.013325630214045037
d1dc054e3df48876,替身暗卫以下犯上,0,-12.00314529349021,-0.1003266082980925
1894c5ebc1afa14a,最后一个钟馗传人,0,-3.2902650760635055,0.022630996567147094
62bc4c591073d80d,最弱天赋？你可曾听闻真数千手？,4,-14.706725616912433,-0.05548104227626269
60b4dc36f84ee294,最强反派的我需要妹妹拯救吗？,4,-12.983539229992754,-0.05596558662394999
2235d2d82aba6855,最强天赋，代价是变身粉毛萝莉,0,-10.650417182604833,0.00803178453397993
a632a09f62f0521a,最强夫人：团宠她是满级大佬,4,-17.95183652007131,0.048768230352698616
94be1d0046886e6e,最强学霸系统,4,-16.318671468571196,0.6336321817803167
d9b05beb3a35e7c1,最强狂兵,0,-2.9143184403521474,-0.04418115351551352
08708dd7c48137be,最强班主任，竟是体育老师！,0,-11.102241185377899,0.011145577928946132
8899c6d998d22312,最强网红：胖妹逆袭万人迷,4,-14.414246124159138,-0.06583311857428545
f1575bf5d084724d,月下红烟令,3,3.3258307618864578,0.09427854524332538
8de9ae7e6c427408,月光热吻,0,-5.114657421733092,0.08023246629469938
57c9d7117f976ef3,月入骨,4,-14.172673593422768,0.06924877913228958
94d30fbe92517e59,月的回归线,4,-13.038525372114933,0.029018791311340886
5660c2e52209abc0,月色在她身后低垂,3,0.42881251179859703,-0.10087906581368314
b73f9192f43abecb,有个剑客,0,-8.574908258594746,0.02076572260499035
715393d14ca32c59,有个病娇男友是怎样的体验,6,48.47848597230541,-0.11886859867410407
32fcfa6f3f3139d8,有没有一种可能魔族公主是个男人,0,-12.54900910479169,0.04117450258895722
f959eed9304a7842,有病吧？青梅校花绑着我亲！,4,-23.949038086459208,0.05134431461104169
dc7d966e999e940e,有那么多前女友，我真的是被迫的,0,-9.112503247333237,-0.046551164625621005
2eb56768fe39a84d,朋友借车不还，我转手送他吃牢饭,0,-7.660915574893593,-0.0908546704273541
77399de50ce2c2bf,朕不想当狗血文男主！,7,24.127135676157707,-0.06954498081180929
11733b7cc5c9b320,朕心爱的丑姑娘，请多指教,3,0.29192999895052196,0.20063198248110084
8b5fc591b811841b,朝廷鹰犬？没挨过六扇门的刀,7,13.462217674449263,-0.02467325259439243
638ab63fa9f6a5e0,木叶的疯狂戴夫,0,-8.199710618951038,0.2344239324870711
ef6a44cf7777b1c4,木叶，开局傍上卡卡西大腿,3,0.25352615917168464,-0.06001060404459349
dabb0d7007f91558,木子的北宋生活,6,83.08642293340277,0.10131188972635874
df157cc7b59418bc,木系只配辅助？我直接顶上化佛！,4,-13.753511874011192,0.10320337974920395
764b3916647327d5,未婚妻变废柴？谁告诉你我要退婚,3,2.6646248940053994,-0.1498076551296694
b2ee960009c1bfe5,未来的我死后，送来一个老婆,0,-11.96105328742394,-0.091971726455599
027241507e19cbbe,末世万物进化：开局豢养数万猛虎,1,39.97236903982939,0.13383602382245702
ef24c1186417bce5,末世之我变成了一只猫？？,7,16.80503965520341,0.01232081402256563
bdffca3f35b90d21,末世之源启之神,4,-16.715452151590096,-0.09773508732401695
452a1fec592a6d8a,末世从核污排海开始,3,7.62552174505349,0.05435373928462536
e42fec62a48ec847,末世兵王觉醒无限空间囤千亿军火,7,21.838275216997204,-0.1260682528982692
2455cb63229d2698,末世反派：从截胡校花女主开始,6,57.49525395978108,0.05900020487203597
cd391f41e96bd42d,末世反派：找我借钱囤货？滚蛋！,4,-25.959630209284448,-0.2129753655921495
7988a5ba7c12c280,末世后我成了一个召唤师,7,23.7073368206905,-0.071595406002569
41693742e7442748,末世咸鱼农场,4,-12.723251040718914,-0.06188939232084631
f6c331af0517c854,末世囤物，我要通关这末世,3,2.18607529310448,-0.03589735433535615
12c5aee71ad10d9e,末世囤货：携亿万物资只想当咸鱼,6,76.49192844180381,0.019768676757528997
278d53985278b0eb,末世大佬甜宠七零清冷小知青,7,9.460997311655916,0.017205068158131553
6d736aa1ddca8974,末世大反派我的通天塔只收女性,7,21.575757807656174,-0.12432094050955081
7008b93574e5ffa6,末世天灾：零元购后直接躺赢,7,11.60460338679541,-0.15373485581628346
bac8ae7883b3818b,末世女高,3,3.6025648488439046,-0.036396754339432486
67e019700939bb74,末世小趴菜，男友带我嘎嘎乱杀！,4,-17.571126824128257,0.01913118116341489
214760b9e3d36eb1,末世开店，店主很强却过分低调,3,7.97550249783481,-0.1342513549532496
38d8a69611324788,末世强撩，在哥哥怀里撒个娇,0,-2.706230272222939,-0.11286265337188758
043e3a2cad2b0bab,末世来临，我跟着主角混！,4,-15.454443940177512,0.05837629767377153
de465dbadd8aa40b,末世来临：系统逼我当包租婆,0,-2.7052186193922694,0.01475520305769809
7a845bcdd76b7133,末世来了无所谓，我妈会出手,0,-7.110568314829742,-0.03600977778967748
756e230a01e13d54,末世枭雄，我边女神多亿点怎么了,0,-11.014016861016636,0.013631046746075542
81dc158f2ba031f8,末世求生：我能升华万物,0,-2.5432461569170925,-0.1274537064921107
bbf2ecef3f95862b,末世求生：我能看到隐藏提示,0,-9.464704224074872,0.03100410053516514
f966241a7708a964,末世渣滓,1,36.03798815418362,0.036100983778857565
a3c828b7bdd01eea,末世游戏GM，开局报复校花女神,0,-4.260286772671634,-0.006188574632704391
df3258de9b05e502,末世游戏降临，我黑成游戏管理员,4,-23.300321644632902,-0.009418029127645028
3dfc5749f1dcfbdf,末世绝宠：娇娇一重生遗憾变纯爱,7,9.72214072860821,-0.11941256409164427
b05e771a7170c5c5,末世行，代号：文明之光,3,4.274657601863304,0.09965001744658172
8fdbe207134e2d65,末世重生之只为遇见你,2,109.27928374786954,0.26527544299694106
b3bfd6f156d101af,末世重生后捡个病娇，人都赢麻了,0,-6.971823618632492,-0.08441585091811685
6398e47def6a319d,末世重生，开局捡到萝莉古神,1,43.433442114365235,-0.02422787614072036
187f375a271fd315,末世重生：偏执大佬的囤货小娇夫,3,0.4675908756796119,-0.011103871610680688
db6ecb1136142c38,末世重生：囤货三十亿，坐等通关,7,24.028357371689353,-0.14451076410376776
cf746876500aecd2,末世重生：大佬从百万囤货开始,0,-8.938714177515678,-0.07937488970563975
6a9cfb131f73b05b,末世降临不要慌，先囤粮食后囤枪,3,5.728224294708866,0.01591324980874395
08f2dc0770af5bc4,末世降临：全球断电,3,5.107970660257422,-0.0958404576084558
e608594bafdbeb92,末世降临：我是血族魔物公主,4,-16.884819732290634,-0.011416471699235625
ae955ba54a9aa30e,末世集灵人,1,46.83061566723531,0.14079042536300607
7c654f1540ac1923,末世，我抽奖神级旅行青蛙团,0,-11.760955913251351,-0.14073827169672112
f50d30e99d9ff3fc,末世，掌控进化商店，成为流浪商,3,5.766454719927225,-0.07143142587886428
75ad3e79d96210d3,末世：变成体弱萝莉的我,4,-16.690147469735013,-0.042682279692307784
73a5433817aa4b88,末世：吃软饭后，我赢麻了！,4,-15.56095423327616,-0.14553796954819329
6ba9b17037c3db0b,末世：复兴人类？多子多福自己生,4,-22.352994248595834,-0.06744662520487113
8c2aabeab907356b,末世：多子多福，从高冷班花开始,0,-9.54535069384778,0.07714985529251187
a1c6a3b79d82d3a0,末世：奴隶系统，从扬蜜开始,1,46.00930320971281,-0.05954697220173236
eb701d446e683245,末世：姑娘莫慌，我物资够用百年,3,4.496062451856126,0.1132763165959166
1776face9faf73b4,末世：开局先囤十亿物资,7,20.608132686568382,-0.08252985648194791
46d2c478f93d7b60,末世：开枝散叶，从校花同居开始,6,85.91536663393784,0.1262558754541043
5cd3aac1e57b886e,末世：我囤个战略储备库不过分吧,3,4.868117879915808,-0.01684965458271248
b17d2442cbed25d1,末世：无限物资，女神都想住我家,0,-5.215413797437499,-0.06743427649172659
61c63a9caa8f5f97,末世：目标三千女神军,3,-1.5714878358176492,-0.04655066302717267
e7ca04d1dfc3f729,末世：神话复苏，开局收大凶穷奇,0,-10.50887300875884,-0.054388149756644605
ada237e3b5d69923,末世：获得人口复兴系统,1,31.732011922876197,-0.1209757792397391
8ce9ef8a1014b9ad,末世：重生的我，与国同休,7,13.671038435375138,-0.007251603711049437
c1595c00f938812c,末世：顶级杀手的我变成了萝莉,3,3.566043582161946,-0.13016204225687458
e87a9a6f14bfad45,末世？但我军品佬！,7,10.288421003723826,0.034019076007539284
c0faf27a58057218,末日中的现代化强国,6,90.2185570011007,0.2661869079093387
24abf2a7c672bdf3,末日全球海洋，勒索校花百万物资,0,-2.6385539060227856,-0.05029987018135909
a7814ad9e3349c82,末日将临，我已模拟无敌！,7,15.445685386995976,-0.127556990412616
2c0e173cc62ee2e2,末日求生：我在末世开店变强,4,-14.881327290838467,0.07637392445986141
d08b6cdff9c038f2,末日游戏：开局手刃校花女友,1,28.504079109104254,-0.08695081065487856
491ac6319cea0e83,末日萌行,1,37.76492090504392,-0.04111294378590133
78f0391b364ebbd9,末日诡异网游：我开局征服鬼女皇,4,-17.864865075377413,-0.030478930212894467
c51c5cb481bff59b,末日降临：女神校花求我杀了她,0,-6.1997240351643015,-0.1133650266774395
e374d3472cb672a4,末日，我契约了顶级强者,0,-3.918577401998185,-0.0037462118729205407
f7634c8a83a1ab0b,末日：变身女友闺蜜，杀疯了,3,-0.3257396348261068,-0.10472512138794002
2709926a6f53c7fc,末日：喜欢囤物资？拿来吧你,3,6.331546722487175,-0.13449210890334076
e8d0d1bb32e1cc3a,末日：开局在丧尸宿舍楼极限求生,7,17.879262581955658,-0.0229495613318427
0cabbd380654c598,末日：我带着女神校花环游世界,0,-4.047451855810003,-0.09518621034411687
faf22384ab296c5a,末日：我的轮盘比别人高一级,4,-13.532460776233943,-0.09083863001853706
404c507f17997384,末日：我真不是土匪,0,-5.043198401382583,0.07327447005321311
2637c1061b18e072,末日：财阀太子，开局反派巅峰！,4,-13.17804489497168,-0.0639501853079619
00b951d9ae7fcea6,本尊苟到无敌，无限分身制霸仙界,4,-20.250567087187992,-0.10126287500388267
5fcec5adf599432b,本王这袖，断的彻底,7,16.25914378610956,0.08735383389692705
fac038a0c3aaa46e,机甲过时？开局打造暴风赤红！,0,-6.5926246700800775,-0.24464736154369723
d1c4484a959881a0,杀了我之后，仙子师父疯了！,0,-2.6198950872254727,-0.04906189353244908
e4acb68daf833af9,杀人规则？我来，我破解，我收容,4,-18.02858077964979,0.14300969865163898
8d48b56b4a038038,杀怪永久加属性，阁下如何应对？,0,-5.487625344052354,-0.11482493721838663
ffc772738cca4b2b,杀手重生指南,3,-0.6535796570073131,-0.11414297571166984
740322a9a4b56fa3,杀穿副本后，我在规则里养大邪神,3,0.24421718667090175,0.03186897390805299
85d2d9bb90afc616,权倾万界：在黑心美人撩宠中沉沦,4,-19.39806613474044,0.09696991657025018
54f540fe6e8413a2,来到提瓦特的我火爆三次论坛,3,-2.3738765164954074,0.008648017095591848
ed88a5c10c8955f3,来到明日方舟的悲惨生活,0,-12.353604078938975,0.1378176973563564
b26ca869332b1d0d,来自游戏世界的火系法爷,3,0.08093220059716799,-0.13016761008449165
3ca9da53c9914de7,极品皇帝爷,1,26.351243696421662,0.1861712379205566
a3f8fc1b00106ac6,极寒末世：我用聚宝盆囤亿万物资,3,4.91741147878038,-0.10522935305091771
1baa75fb7cad4285,极致宠溺，她被坏师兄抱回了家,6,59.011046534147994,0.022932582719504296
491eca6fdbd008d0,极限撩惹！邵爷的白月光又疯又野,4,-13.215073893679786,0.018280643821418002
4e888ace19369ce5,枕边热恋,0,-9.045543644522702,0.38966637797983794
51daf61b78586a85,果宝特攻之三果乱世,4,-20.390507448218816,-0.02921969118213813
b24af9544e08c0dc,果宝特攻：我成了上官子怡的哥哥,4,-24.030693349672212,0.01316241548917757
da068392839b3f93,枭雄渣爹再娶后，我带亲娘去逃荒,0,-5.320302833314493,-0.014113255454890977
59093a8a8b1604dd,某科学的定数偏移,4,-14.046588140033677,0.11006411056961583
1270485df8cee8fb,某科学的时空特使,4,-13.604565894078753,0.285188706890819
9aadee0813832ade,柔软,4,-16.064093244318663,-0.002337509130216159
b260e51264aed50e,柯南之动漫模拟器,0,-9.560627179983094,-0.019793736549658103
4b15a8164ba94a6a,柯南之对不起琴酒，我也是卧底,0,-12.127478643808935,0.036977523915195126
95f189bb72b26a91,柯南之我只是个普通的怪盗,0,-4.066212726755602,0.0664339867796773
07ffde3ac7e84c82,柯南之落地满声望,0,-9.737375270982,-0.03901563409101069
32b6626e897ca8cd,柯南之超能力大魔王,4,-16.382805144393824,0.0635568540363872
c4f3d86a29d339df,柯南里的自由人,0,-12.194141053745938,0.16284429481633114
520dd3b6996de1f8,柯南：和小哀秀恩爱就能变强,4,-15.79841532778073,0.026189055227021474
4618cbc286769873,柯南：在酒厂当一个疯批二五仔,0,-7.3493355879270865,0.13852994886326947
dea62aefdd6bc680,柯南：开局成为智慧之神,0,-9.533040670582011,0.0872660956064775
f144dc1ae28bf004,柯南：开局捡到小哀怎么办？,0,-6.617167187336484,-0.10619990011142985
abba56ea2ee2072e,柯南：我才不是万人迷,0,-3.2196512514560993,-0.0917984641084241
2ba741846112aa3a,柯南：我拐了那个傲娇的小哀同学,3,-0.30521194329751467,0.07634788678591606
e6044bd6ad6e04f0,柯南：我是道士，不是侦探,4,-17.262145543437942,0.2338279984652777
0db7392a6baf596f,柯南：我有一个合成台,3,1.0965895206767016,-0.1055230548498359
f58b97b495eb321a,柯南：我真的只想和灰原哀谈恋爱,0,-10.318108033301009,0.09424526038341555
bb9acfb5936ff184,柯南：我要成为灰原哀的青梅竹马,4,-12.975034072312571,-0.020684934986418463
be27fc3fb96693b7,柯南：捡到小哀，我真的不是变态,0,-10.599228583380032,-0.08293073259343617
b66f96d08cf4537b,柯南：武力之上，皆为真理！,0,-9.577017122311112,0.03831486209919263
4a7af8175a0c185d,柯南：猫猫和酒厂不得不说的故事,0,-12.292311763634892,0.135481857492793
66b96ef3ce9b651d,柯南：琴酒你想不想和我学犯罪啊,7,16.823029505918363,0.022225949368826325
2ada23425e0dd424,柯南：系统把我变成猫后炸了,4,-13.642447070654256,-0.02430881898260795
758b60084dc3ee6b,柯南：跟灰原哀一起上学的日子,4,-15.152809008769214,0.029475404978214687
ae2136cadf2f75bd,柯南：这杯雪莉酒有点上头,7,19.03823089124338,-0.06638391264984092
1df3840be8313c9c,柯哀党穿越进柯南世界,4,-15.858902589250018,0.09204356725843979
fcfc1bcdec29b9d1,柯哀末日文：弱肉强食,1,35.493053103741886,-0.08401222956017232
16481c19b6074378,柯哀校园录,4,-13.146869022135789,0.2114666942000057
2743f948d0c0db43,柯哀：人在游乐园开局给琴酒喂药,7,12.705874092811861,-0.1411861255083495
fa0b19c9fdb7fc25,柯学世界不科学,3,-0.8553268547393671,-0.04950474812536168
2c1c73b9bb7e5433,柯学世界生存手册,3,3.1279994129437014,0.09528414769323834
d797a47168949677,柯学世界的我每天都想躺平,0,-8.542344330532039,0.02800870731406868
8ed1189fb0313d92,柯学之宫野小姐与我二三事,3,4.782287618482428,0.050270921808767494
184d45d697ef68c5,柯学：小小的愿望清单,4,-25.01988098025033,0.09490368299844978
157c269cedb3efd2,柯学：开局变傻，小哀姐姐求抱抱,4,-21.046232551515004,0.055629778829619725
1dea6f4ff5b367c4,柯学：灰原小姐今天又想袭警？,0,-5.335016332059794,0.028671624449736755
67c5aea4102edb47,栀子藏毒,3,6.051801081704099,-0.12449627524862136
4702a52efdeeedff,校园团宠：这个学妹甜炸了,3,-1.8112083003659976,0.04072249429876568
7fa68dea340f3a40,校园王牌：大佬又在扮猪吃虎,0,-11.301876355496749,0.005944968010758583
c850749ad9ba7420,校园王牌：雇佣兵女王A炸了,6,49.5740136509464,0.05980195505685296
28c97cea958b5b53,校花别傲娇了，我都要结婚了,0,-11.405012165334586,-0.0014052974945041319
3e33c5bc26481d1e,校花别哭了，我的深情你不配,3,3.261324759467996,-0.04007207660886766
2d1897f58b98183d,校花女主别撩我，我是大反派啊！,3,-1.8871041152738783,-0.17226152306448192
fefee2101bd89e19,校花女友背叛，激活鬼畜系统,4,-24.384912675532735,0.6287742949282827
98441455ef616510,校花女神别脑补，我们双向暗恋了,0,-10.40338665320401,0.0035646377662929274
3782d3a4b825e4eb,校花是我的合租室友,0,-11.586750160321152,-0.038435731103195175
815fe0620ae4dfcf,校花的贴身高手,3,-1.8700203102805872,-0.09645479383746289
3046b64a5bddedc4,校花请自重：在下是个正经人,0,-8.171125618657307,0.07924616823214051
012273e9188183cd,校草甜宠：学妹超呆萌,3,1.823478812992775,-0.11220714212905794
c05139496798a055,校草的小青梅甜爆啦,0,-5.177689983988323,-0.18719423801630705
9ac5f8ad4d792cbf,校霸B变O后，撩得偏执A失控了,0,-12.13441826568878,-0.09909139554058569
b858669ab464489b,校霸小少爷alpha被攻略了,0,-11.912916590458419,0.027203800786114812
133370ea701e5c3f,校霸谈的恋爱甜爆啦,4,-17.535443562894105,0.028045858042460986
16e3d1fe08b14a1b,栩栩若生,3,3.465077968480422,0.2123666831281759
d372b63ec46bae5f,桂林古本伤寒杂病论,3,3.792479903994618,-0.3402853180180734
e8082a56c98a14dd,桃花剑仙赐福：开局强吻高冷校花,3,0.90158802530717,-0.04402931841454219
3b46bad12190e719,桑年有只鱼,3,-0.15006187513074565,0.09562572242269217
a64935feff08a0ab,桑式暗恋法则,0,-11.94976151797323,-0.1143586977400067
56554ff5dd3300ec,桥下轻生，却救了个犬系女友,1,27.575175139363694,-0.06647056771307266
dd58b9d42950872d,梅花易数,0,-4.5496223855445805,-0.25547994635268656
f6c5c4f11b973ff8,梦中证道，开局算计修仙者,4,-16.402318450371826,0.008884647440118326
212616f7c12d577e,梦回大秦：我成了公子扶苏,2,127.1237642796376,0.1918134003536043
2ef9b970704a0905,梦幻西游：我以天启战天元,4,-23.18471884189718,0.06422203082349234
6c92402de55b8fc9,梦幻西游：我能看破一切,6,72.30501774818197,-0.05800817958434515
ec16e704246fb53e,梦见天灾：打工女孩的囤货日常,5,328.17506955017143,0.5341663689809675
cf2fbd81e3d7b755,梦里壁咚校花百次后，被校花反撩,0,-6.058779054699848,0.035037885805861535
4fd951513310feb3,梦魇游戏：这个狩猎者也太吓人了,0,-7.385315061643297,-0.1647883996417304
39b86d9fb517e3d5,棒打鸳鸯的恶人主母，重生摆烂了,4,-19.935847622574435,0.15515118538533496
cf14b084233f0414,棠梨吻雪,4,-17.461404062376445,0.04249039638555602
227b6977fa4c0d24,棺香美人,1,46.15880254454062,0.06637664609949556
20201e891c005603,概念神，我只会规则类能力,1,25.129515286450655,-0.0828110881119383
809925145b4964a7,模拟一千次，我有逃生游戏速通法,0,-2.782271150118035,-0.0844322625874713
cb3ad2033e75902e,模拟人生：我掌控了因果律,4,-21.06400455688106,-0.16829262128402303
11663976431ef013,模拟星铁：开局让阮梅抱憾终身,0,-7.21876452981396,-0.11500615395214256
854c982644b8bf57,模拟转生：修改命数我举世无敌,4,-19.21154389555052,-0.03585584840160169
e7a207e989e298e4,横推游戏都市，我开启外挂自选,4,-17.091217105642933,-0.10723941183044458
b73550903b1066b4,横推诡怪，我是极道武圣,0,-12.192719883022239,-0.06564983167943741
3cf43c3b0b381ae4,欢迎来到实力至上主义的教室,4,-14.289513324777317,0.2561841442908419
3cf43c3b0b381ae4,欢迎来到实力至上主义的教室,4,-14.729196744662111,0.26372204512186653
046e73f840d870ed,欢迎来到星辰公司,1,30.64161716536144,0.03290015245707992
95281aa16a87c051,欲念凡心,4,-17.87248622906404,0.018580930608565804
f6738983f5b07093,欲撩！妖主为我裙下奴,0,-5.703914389547869,-0.2225214806552492
90d8105010205523,欲罢不能：刷屏时代如何摆脱行为上瘾,7,22.2527857783046,-0.04334570737315632
4c8344c70a6344c3,正在逃亡路上,3,2.4504541623937754,0.09691281998297212
8542f805eef606bd,正经养崽四年后，豪门亲爹找上门,0,-8.688392183839262,-0.07767296412683708
e028464a9c7a6745,正经青蛇的进化日记,0,-4.301747988399008,-0.14764978288427863
545cd6a1b76d822b,正道潜龙,4,-17.402345573567207,0.24995128057201624
fdabac8c9159554b,此刻，全球进入精灵时代,7,13.795409612301725,0.040136196581092354
79831a7765968331,此刻，逆袭，从实习医生开始,4,-17.004869007560384,0.09304833800407519
fa5c6eabae84158f,武圣：我成了天道的漏网之鱼,7,19.307313199878493,-0.0798473338106784
c69ce392a98b2cf9,武技特效拉满，我杀穿高武！,0,-7.051965145152053,-0.07194202078327663
300bb13186f4f4df,武碎星河,0,-8.08732543895372,-0.07351184023714993
32a3c8ea377295f9,歧路亡灵与银翼双星,7,13.440638356953691,-0.048972693381710924
4069b6fc2b13fb6f,死亡亿次，我复制天赋杀穿万族！,7,14.77425413200038,0.019586625814379283
375be0cdefd771ff,死亡公交：在副本里捡宝贝,0,-7.8363043605666505,-0.09212467036881153
ed295afcbd3ee2d7,死亡奖励神器！全服玩家求我别死,4,-15.52012941691438,0.2691234585419581
8d35b0a1e84bda55,死亡游戏：今天又把游戏刷破产了,0,-7.993098158236805,0.04323925318206126
551861468d2fbe4a,死后，病娇女反派全找上门了,0,-11.425446168501129,-0.0052714609607465435
a8c8685cc3faa919,死心后，豪门前任跪求我回头,0,-9.835503729911188,-0.1184028359246713
c562a009fc02080a,死遁后我成了那个病秧子的灵宠,0,-9.686652221139816,-0.03324760065459567
795451ad4cd46dbe,死遁后，直男宿主被疯批强制爱了,3,-1.5816819455481905,-0.14020572135527318
0e0b402163adad84,残疾老公死后，娇妻重生了,3,-0.3019498846821733,0.029665409787620334
4573be89a553dc8c,殿下的小青梅她又乖又软,4,-14.2492650885366,-0.10349803236813213
e9f6465777067719,母后奸妃，儿臣这孝心不要也罢,0,-7.032671814851376,-0.05997646713305113
aad3b8ea7e707af1,每一天梦想练习,4,-13.189505435650844,-0.18957537526223908
e725995b67813339,每周一婚约，我被病娇包围了,4,-13.75887799808314,-0.05169535198205685
de4ed3d9e9cc4c38,毒宠心声：让毒蛇叫爹开始,4,-22.6778593041081,-0.19280431618249336
6d1f1aae4bc3a0cc,毒瘾缠身，禁欲夜总彻底病娇了！,3,3.442512427446168,-0.061695635451061576
3cf366761bf8d0be,民国：双胞胎花魁在怀，我成最强军阀！,3,-1.5893501877181109,-0.09317826251112724
df19d6c89c7e9593,民国：横行上海滩，我小弟有点多,0,-10.862031884582912,0.040026835087185964
e6bf76ca70db26a6,水默，重生后王默杀疯了,0,-6.00948249703233,-0.002746701719601119
5bdacc2a6f456d33,永燕,4,-19.320542136599578,0.2783062165112061
8bae5f3fc93f1b49,永生游戏降临，被我玩成了速通,4,-25.967410568339982,0.09730342709124307
5cab02351513ca8b,求婚99次被拒，高冷校花强撩我,0,-5.014684216722571,0.034184254886751475
e089e5d548ec6e0b,求婚校花被拒！娶姐姐闺蜜她急了,4,-16.510687151742335,-0.019178185395692743
7bcff683cb2f1171,求求你，别飙演技，靠颜值吃饭吧,7,18.746591513476126,-0.04543221184999688
1c08ec4fc001ee6e,求求姐姐了，和我谈恋爱吧！,0,-10.445672136610632,0.146130189211001
f5beeab93c52a1ce,求生游戏：开局召唤汤姆猫,1,40.71454538575574,-0.0905827074785455
935868ff74a5e8d5,江医生的偏执占有,0,-11.617840896439631,-0.03304618954520763
5fe4ef25878ede95,江湖救急：软萌萝莉竟是病娇女帝,4,-22.337046765217906,0.03917009405611352
0aa4e10fd04ffe83,江爷的白月光驾到，京圈炸燃了,3,-0.8640773019952448,0.024214585415900075
97809faa7ef5aa20,沈少，你前妻又在打脸别人了,0,-4.593495161114035,0.062481364334299766
9e9f05d3d26e4793,沉溺蝴蝶,0,-10.91206951443452,-0.050038664457706133
97a27c3a75909972,沙雕千千万，反派家占一半,4,-14.086082632847653,-0.09467862670321428
d9f67d5110004583,沙雕女穿书之美强惨女配拯救系统,0,-12.36752458497321,0.056907186929792714
a41ad816138b517e,沙雕直播：你管这叫民生节目？,4,-22.89778323714006,-0.07099546358940087
032da470a583f918,没有修炼天赋的我只好偷偷无敌了,3,-1.5328483005442877,-0.049072936545004525
d48e64a1667220f0,没有安全感的我在新手村养魔王,0,-3.722379530745421,-0.03832215447922169
0b60c2bdddd2a909,没病吧？你和食人魔谈什么善良？,3,2.398313931624834,0.011754913358789282
edc2f547871c646a,没考上大学的我，只好选择屠神了,4,-20.987881112676213,0.12154710836458514
be34ebf57b1d0e44,没考上武者高中的我只好去拔刀了,4,-14.802970537235186,-0.01433274396382947
022a5fb1ed186063,治愈神经病的女配你威武雄壮,3,0.8099763028807345,-0.022862001219056932
4ed5086e6c3216ff,法兰西1794,1,41.530362860908724,-0.03704359508651048
72e1fb27fec58e3f,法治的细节,7,20.159769635108923,-0.10139177194090845
b6c5f84fd1578403,泥步修行,7,18.11422205996532,-0.17205310249506175
3037275dc85a4ac6,注意！软萌小丧尸出行，众尸退避,0,-3.3284051152892005,0.005799978147145307
3e420e13057033e9,泰酷辣：为减刑，冥想室温超导,0,-6.029779611597029,0.18521488734730132
5198754cf8cefc2e,洗劫全世界，我和姐姐们无敌了！,0,-6.4907435279937715,0.03731430528626012
8a8a4967e71005b6,洛洛历险记：从黑甲兽到赤甲战王,3,5.094272293346322,0.003988018165508367
85a00ec7e374ccd8,洪荒之开局镇杀穿越者,3,5.499873277796553,-0.08309841236007212
ce9a75b7fe358638,洪荒大监狱：开局捉捕异兽穷奇,4,-15.314707299920222,0.050697442669949966
a8bfef4efc85616e,洪荒：人道之祖，开局娶了女娲,4,-15.38484760241856,0.1886799618110797
a7d7f1ab1f139a8f,洪荒：凤凰老祖，求你快出峡谷吧,6,67.432605148349,0.04191347108868229
35781491715efa2c,洪荒：只有我知道剧情！,7,16.89347081476859,-0.09371606327965756
9ac70337e8efac30,洪荒：吾为第二魔祖，稳健不出,4,-14.183347915709732,-0.18903432334927725
cfb640d47274ca9e,洪荒：大道聊天群,4,-23.624807022530725,0.05246370402523187
9d7947fe5fb85c22,洪荒：开局一个大道空间,4,-21.924224855693843,-0.002412691815186885
252e8eb0bb1ba233,洪荒：开局无限实体分身,4,-19.831222171226745,0.1586277085507893
afcfb942737407f1,洪荒：开局昆仑山，化身亿亿万,1,30.88209612862738,-0.10021549783080627
db30f616841c9eac,洪荒：开局给女娲剧透,3,2.658317261404143,0.025621326022880087
9e1d7c37d5241faf,洪荒：我为冥河，砍翻诸天,4,-21.756189831338272,0.05350135468588127
ed72766bdf0c00bd,洪荒：我们巫族就是这么硬！,4,-13.596609599009643,-0.015712552691305337
6a487cc4657d3c23,洪荒：我女版通天，魅力无限,2,127.51758562486198,0.1722723135749386
b01a413b326c97a2,洪荒：我有亿个分身,4,-14.60877681430036,-0.16045669709275753
ebe829dff6260508,洪荒：我比别人强一点,4,-18.019523987513484,-0.04114478096214838
49843f0b51ee9067,洪荒：我烛龙，加入聊天群,3,3.559685931263182,-0.048776977496165136
447e1c3e5e48557c,洪荒：我盘古和系统势不两立,0,-7.68158846277715,-0.15360325815661766
cf2a011e937f3e54,洪荒：我，无敌强者，被系统骗了十万年,0,-7.695504869930687,0.04666164196488698
856b17f1c795c817,洪荒：求求你别再加防御了,3,3.998880461664754,0.05201309197141596
837c182e8eb51ace,洪荒：沉睡无数年，被弟子曝光了,0,-5.279266393808555,0.0033370754997373575
624c554b1968ae89,洪荒：祖龙遗嘱，我有个圣人弟弟,0,-8.691616202744747,-0.0404680861753319
01f4bb6e8008bbdb,洪荒：系统教唆我打鸿钧,4,-13.880401412902291,-0.07354877349842673
81493962b6f612d1,洪荒：西游四大霸王！,4,-24.198222057232236,0.05202615864627358
ceaf2cf5fea690bc,洪荒：证道大罗了金手指才来,0,-3.509188122696983,-0.10186037802091649
159f4e3dd740c425,洪荒：贫道申公豹，请诸道友留步,4,-18.22657992539749,0.02903211243240969
66309eb44ba4ffee,洪荒：重生时间魔神三个系统联动,4,-16.82896731740544,0.12604454564390674
1b8666997cfa2132,活人回避,7,17.917113943902365,-0.014451193629091003
1b3069d413a561bd,流放？逃荒？小医妃搬空敌人库房,4,-18.247644074943107,0.14232201371796932
4aab52014d2da132,流氓赘婿：女帝裙下臣,4,-19.97816683599758,0.27994874772643047
79040107138a67f7,流浪骑士开局：我有简易数据面板,1,47.85372856366358,-0.026983914530022746
e1889f6144e3179c,浠爷下魔都，众大佬抢不过江纨绔,4,-15.124471655982656,0.06198865519812724
b817d89c6529227f,浪子回头：我的手机能预知未来,0,-4.120731531612634,0.06702930598057355
01bc810d805735f7,浮柳夭夭,0,-6.161320156530799,-0.02815170341579895
0c839abe0f3333e3,海上求生：我的木筏通桃源,4,-15.576590189627979,0.005186993352368274
4bafc70425cf6db3,海王穿进男频文，我教龙傲天做人,0,-7.201809775933832,-0.071552168689439
77b2ff1d9f8e01a7,海王魂穿舔狗：开局拿下美艳女神,0,-7.148407663907605,-0.022620366722407803
ecf4802011bf5843,海贼，为解放世界逐步成长的剑士,0,-7.93177539531424,-0.004620346502916345
eea10c595411034d,海贼：从俘获海军女神开始无敌,7,21.650831328803122,-0.008806588155012729
9f77a8719d2c3988,海贼：从推进城开始,4,-16.464692731151185,0.09792384563330106
17c582b3645dfb66,海贼：开局吸血鬼果实，救出女帝,0,-3.417594017339212,-0.05306301789846321
00c4b558df4a98aa,海贼：我的模板是艾露莎,0,-5.63506115606922,-0.026680103243107656
d4f6f53fc0622ef2,海贼：最强正义_7030795190302411810,3,0.038573091500587964,-0.06057225119216672
39d86e3737037bb2,海贼：最强正义,3,0.03904332172715641,-0.06058020483966017
d098470473d1a1e1,海贼：海军史上最大败类,0,-7.662686909364325,-0.04203263917959052
043aa2e1bb1fc848,海贼：让天龙人再次伟大！,7,10.798344586916109,-0.07680209289890641
b09273ff235184d0,海贼：这个时代名为红鼻子！,0,-12.091230107191436,0.25005408765681625
05e1dfff45293054,海贼：这个海军有双轮回眼,0,-5.253524080956481,-0.054893782303419264
faf1f54ea6d6a08f,消失20年，我归来即最强天师,3,5.008607819461403,-0.01039883448270465
3793161663783114,消失三年，校花女友到处说我死了,3,2.863120455341786,-0.02480481518353428
d2f950d4dd92702a,消防员：烈火中逆行，感动全网,4,-14.688376795020446,-0.0478553560602398
fdefed3f522fbf03,深渊中的黑月光,0,-11.71228219629046,0.07165868481151896
a8f064c567e02883,深陷酥河,3,7.703966007996755,0.09664837387655956
13d6943638d5e617,混在后宫的假太监,3,5.562525419653106,0.17541221161521459
2a0bc154d46a0f41,混沌之梦幻无瑕,3,8.812939446339335,0.013515562334961484
e0d50d78ea48ba59,清军压境：穿越民国带回百万巨炮,0,-10.360689127124722,-0.05017461897783945
fddfd634a74a72c7,清冷师兄是我的契约灵兽,4,-14.710579681485033,0.012766567184111788
4bd1191738f486cd,清冷病弱系统又被疯批反派缠上了,7,15.031568973007268,-0.11663035620250758
2a50dbbe3bed251f,清冷美人入后宫，征服多情皇帝,1,30.727658680152302,0.028913356484301878
49a81d86daa9fc34,清冷美人分手后，疯批大佬红了眼,0,-7.021155498739603,-0.07135965221588261
0a19854d3c550092,清末，这大清不保也罢,3,5.222679703788778,0.042810294887661304
96a431c812de3f60,清甜有七分,0,-10.292375246070684,-0.06655860329826377
f9bc8b6a6d26ac15,清穿之四爷会读心,0,-5.379798907873997,-0.11636118509089502
f4231f247d5497b0,清穿太子妃：和废太子互换身体,0,-3.328011050115208,0.0009243402024944058
c070bb2731eae0e5,清穿：贵妃娘娘她灭了德妃成太后,7,10.100187731521089,0.038687038535051066
8014510ee40124ed,清纯小奶狗哭唧唧，姐姐你疼疼我,4,-13.681436704809833,-0.012417146232185317
1724b64c5375c5c1,渣了疯批A后，他黑化求负责,0,-9.221561017810707,-0.086374752182686
7fa4aa5f1c9e8edd,渣了顶流后，他上恋综来抓我了！,4,-13.14744510809652,-0.12939022560137234
639b0ed7247bdbf0,渣大佬的100种方法,0,-4.666290953541733,-0.14541002933951389
131bdab6dc01577f,渣男要洗白，男配快入怀,7,9.562669935957139,-0.13093982898574577
4a8de22102754a1a,渣过我的前任们上恋综后，我红了,0,-6.932206948457697,-0.13335839523264856
49a1cbd53318e786,温养小玫瑰,3,2.531423949633563,0.36893158953534433
216aa34d9080884d,温柔学姐好迷人,3,4.809415027832884,-0.03375360143184533
8269b5e306afb99e,温秘书别撩了，顾总跪求你上位,0,-11.612514980378148,0.03995351968621555
80dedebb498c85ee,温蒂小姐想要活下去,4,-25.02453432876325,0.4143457061204092
4478f7138f2f0f9f,温软玫瑰沦为他心尖偏宠【末世】,3,-1.031760821963843,-0.05695434900333993
141830d803a7eb40,温驯,1,45.44312878930678,-0.024239896752362378
6c224c476d61cedd,港片，让你卧底，没让你当老大！,7,9.824477537625441,0.13342366565628894
86ae7783753e67ec,港片：无限下载的我无敌了,0,-3.535321663652944,0.08390813075879505
abe02b3139af0b89,港片：苦窑三年！大佬靓坤被杀了,0,-5.3519399416357984,-0.009274955156343884
e080db28846cff24,港综：古惑仔大佬,3,3.100001099669676,0.05006138633878596
6945766662513ba3,渴肤症患者的贴贴指南,0,-10.686254908311234,0.08073668746291218
841c98eae5df78e1,游戏创世神：开局创造第四天灾,0,-5.186429946131838,-0.025980938959675015
04f08095403129cd,游戏制作：网恋对象竟是当红影后,4,-14.73401078193326,-0.09027042591073961
7fee3667453f5a90,游戏强国：我没想砸锅伪史啊,4,-15.666447222141038,0.19779714396951212
cf2162ebfa4a5778,游戏成真，我打造了万古第一仙族,0,-10.796587351047712,-0.06773970222478712
d585bba3318dac89,游戏设计：开局气哭百万玩家,0,-10.211895654641275,0.020535117833653027
c4aa174b2b2bef59,游戏降临变身小奶龙,7,16.807709109353972,-0.08605736278425988
3e2130d6caab3e23,游戏降临后，我变成女生了,0,-9.000645510773246,-0.08708992572520155
9068227caf52f407,游戏降临现实我开局变成猫耳萌娘,4,-17.697339465935784,-0.036630331689041534
a4f0cc58825eb4ae,渺渺仙路,0,-12.11854240359369,-0.02324422628598563
cdbbb113805b6143,溺亡【抑郁小男友的反差萌】,4,-13.168233373988603,-0.0947982236372136
69175b73debfff41,满分狗粮：我的白月光女同桌太可爱了,0,-5.4598575821052435,-0.11387160978544977
6fee10a0b91b071f,满朝奸臣：我竟昏成千古一帝,0,-5.453202354679128,0.07109851127254868
425e9e436f1f073e,满朝文武听我心声，我摆烂吃瓜！,0,-6.362453708374275,-0.1459424903957863
4703984a46ce5994,满级大佬穿书后完爆马甲文女主,0,-8.706606905026739,-0.030344188378935627
aa2250b1113aebc3,满级轰动：真千金一言不合就砸钱,4,-21.054955922536504,0.027566039793054636
b4ee554c3350cd8b,满门冤种炮灰，皆由师妹带飞,0,-3.336232876204143,0.019837391838751495
07b1992e8f4df745,满门反派疯批，唯有师妹逗比,0,-9.649771003693779,0.04566690078719435
fcafeff99b1f4f7a,满门炮灰读我心后，全家造反了,0,-9.41486714519663,-0.04345608751934124
3a911d7bc1dc219d,漂亮笨蛋她被偏执校草盯上了,7,15.868228507366766,-0.13767419687064067
180e5232a64e82d0,漂亮金丝雀分手后傍上金主他亲哥,0,-10.935559585101139,-0.10508335621445761
55b2b68908f0e220,漫威之超级毒液,1,36.677157304604734,0.03045810752963149
393449653068403f,漫威：开局签到冰冻果实,6,71.98764043069501,-0.0069069324832458645
0a23318055457a24,漫威：我就是钢铁之躯！,6,49.06374562201178,0.1483430811478115
e9383c9e99d43a5a,漫威：连接进行时,7,9.978517321101059,-0.09435136292707522
68f278574d3d98a9,漫步诸天,3,-1.5022856919099397,0.04771189478589849
92caea038bc073b7,漫步诸天：开局获得超能念力,0,-11.529815791098525,0.024551996495477985
ffddfbaa517a5bb8,漫游诸天,3,-0.32714321873724117,0.061181000899763194
d4fc2dc03a648b10,漫综：我的同居室友是花子,7,10.396477357774714,-0.12004493798023605
a9908cef202f4fb5,潇潇雨声迟,0,-4.9203025844983586,-0.04859517531859839
fa899a7739ecebf5,潜意识与第六感大全集,7,15.943410352556917,-0.20394526152708434
9f1d11383a721997,激活帝王系统，开局召唤典韦,4,-26.30561313432714,0.20733950796586167
31572558eeb67287,灌篮高手：成为篮球巨星！,4,-19.629924547000126,0.13633024167366103
1a34139221e4cf1e,火力不足恐惧症，我只会觉醒技,0,-7.959510138749387,-0.05681168808009354
33c065e531654aa0,火影之全靠九尾C,0,-7.710941525657589,0.07899807310853674
fa331e19ec46a702,火影之星见千羽,0,-7.797552482459707,-0.1112496745977026
f7da9b0753b93ec9,火影之最强势力,0,-2.6980534288589624,-0.07157910014060073
10c1464a0a4f107f,火影之笑对人生,4,-13.553074289024071,-0.07056277971698452
39ed6be7d6c4510e,火影之鸣人归来,4,-13.522805809592974,0.2001781086072475
d2bf6f454d614644,火影乐子人：黑绝大人忍界无敌！,7,12.557406968288184,-0.11361323921961633
9440823781070ddc,火影女装忽悠斑，柱间不放过我,2,111.13442410455586,0.19453494702054144
8a687231652effaf,火影忍者之博光之恋,4,-20.809234730617902,0.28247130367698525
c77d79c34fe8de8b,火影忍者：我叫波风面麻,0,-7.585409927971128,0.15609091430070987
e3c1889474eb00f8,火影手游：全世界变弱后我无敌了,3,7.310658370253691,-0.17712286278697373
f7c712679eedb37d,火影：九面苏婆诃，杀穿忍界！,0,-5.509438723542388,0.059665093700688426
06f8549f67dc3bcc,火影：从双神威开始,4,-13.712051849036747,0.1510897377385091
f2ecfde279433b8e,火影：从女装开始变强,1,27.132602976638154,0.06452571988170139
c1faa4e12a68e7de,火影：从追求纲手开始,4,-15.47427554148214,-0.09445297926693755
9888da711bff37e1,火影：十岁万花筒，开局叛木叶,4,-13.09892505590032,-0.13220714899524613
507483d528999229,火影：博人传向阳之光,7,20.65196010289796,-0.013468869429813679
fa02c7dea77f55c0,火影：回复忍者的重来人生,0,-9.682136554322383,0.1432546338310126
2e2ac1afcb2a37c8,火影：宇智波火芸是女孩子,4,-19.176415188935685,-0.0824143900245736
45ad59c68939cb75,火影：小鸣人的小青梅？,0,-12.214037145562422,0.0949538940787078
59668a05e3db083c,火影：我带着满级号穿越了,1,25.967252246599983,0.010141192832776175
633cd4a5aba06b3e,火影：我的写轮眼快撑爆了,2,138.78936898047886,0.30611485024078516
298cc0a8d5581f98,火影：我的系统越来越不对劲了,4,-14.518760244887197,-0.02951171384038251
e8924738afab3364,火影：我能一键满级,7,15.8893512741733,0.046676802330560846
ccab75214a8be922,火影：无敌水之国大名一统忍界,6,62.653847584598836,0.2921817813858383
08faa5126fdac93b,火影：木叶虫群，十万白绝当口粮,3,-0.937992200532662,-0.11895943564281661
412ed23067f1ca36,火影：献祭全忍界,6,56.66216080914835,0.05757964653168196
fd9713c9dc4a00d0,火影：神级签到从无限查克拉开始,4,-21.550621695093493,-0.04326758913631715
07fc6daa3f3de552,火影：重生鸣人，开局拯救自来也,4,-13.487924979598432,0.11920719094698366
0e2949969dbd565a,火影：除了我全部性别反转,0,-6.495665029033553,0.029888227577045623
a1d112cf0d039a59,火影：鸣人，我们黑化吧,0,-2.9759023976264345,-0.10437373437618566
17c322c780b2f489,火星遗迹曝光，忠烈十三子,4,-16.568640786972406,0.02825938737947306
ceba715d6bc57588,火海重生，一首漠河舞厅惊艳全场,3,8.568950477917895,0.33416858668670824
b9f30119d382a4ca,火葬渣男后，我上恋综爆火了,0,-7.403000183492658,-0.13635177255762868
734e11c915e66e97,灰雾之上,7,9.876547555991543,0.03277732519970261
2e15ae1e42cff9b1,灵墟，剑棺，瞎剑客,0,-2.8487122911883986,-0.08290780343914753
d8484adb2e029e3d,灵异小天师：内卷从娃开始,0,-6.182592332226982,0.020101073796988667
69bba18aff77a6b2,灵异：暴力驱鬼，我把校花吓懵了,0,-9.919006751433983,0.057573398525261055
495f68e0a57f050e,灵气复苏，我的系统它真的有毒,4,-12.925048254982105,-0.05031032151383555
8d0571776ba935cf,灵气复苏： 妹妹竟是女帝重生！,4,-21.13976292415558,0.014430949528953102
1ad842f1382abd0f,灵气复苏：从送外卖开始无敌,4,-18.01951851465687,-0.016361716463234727
37a673b4ccd9c11b,灵气复苏：国家邀请当诡异局局长,3,-2.2288946581192803,0.09745831037738295
4a55806138648750,灵气复苏：女网友竟是顶级战神？,0,-4.394742184662803,-0.03740139678938728
28853787a90c2988,灵气复苏：开局抢了轮回眼,0,-4.003863916385718,0.010542661389090574
da0df8737a4faae5,灵气复苏：开局获得魅魔,3,-0.8386794841512142,0.03753399354350084
c550e80fb7efab9d,灵气复苏：我和女帝妹妹都重生了_7257012140001725476,4,-20.428722923981102,-0.38519811564397066
057a74d878960ced,灵气复苏：我和女帝妹妹都重生了,4,-19.50209334447788,-0.3837358614313189
d430021672072c34,灵气复苏：我妹妹竟是黑暗女帝！,0,-12.120110156261827,-0.12240259634258657
e95aec19edb72acf,灵气复苏：我家萝莉飒又萌,0,-7.371652406909924,0.2046571977675166
b8a11c94fe099583,灵气复苏：我有万能合成台,7,20.097300557074817,0.02418210868162582
d3068917c8c99782,灵气复苏：我每天get一个新技能,3,0.4098540132769486,-0.018951671074717763
e0e487de7a38f75e,灵气复苏：我的武魂是村霸,1,33.71951250242992,-0.015816852525715436
40eddca69b12dc76,灵气复苏：我！开局用校花祭天,4,-15.846388812408001,-0.03424190797041657
80a4f76eb4b52ad6,灵气复苏：我，逢赌必赢,3,1.9722114241249358,-0.079756859051592
7e23dd9684494dfc,灵气复苏：这人的兽魂进化太快了,0,-7.687889505896308,-0.006626790758891055
b81fe97c8daf5990,灵笼废土：地面最强战力,4,-20.459653233331284,-0.1269544221026672
f830d194e0aa566b,灵笼废土：开局营救白月魁,7,11.91117353938094,-0.056042641433587864
694b9d672875123b,灾变时代：我能点亮科技树,4,-13.409427855516057,-0.05676951743137523
8007e8706b95ad5e,灾变猎人：我有一个经验值系统,4,-14.027617256141038,-0.06425719484916384
ed22918753098ce5,炮灰女一身反骨，沙雕捉鬼赢麻了,4,-18.591958760023502,0.07920651634243794
69da150cd64f3fab,炼气3000层之开局收女帝为徒,3,2.537261492987767,0.19143612371428687
b438cb3892b90757,炼气3000层，开局收女帝为徒,3,2.535204304720871,-0.048366949782644025
39227d5b9279472a,热吻玫瑰会上瘾,0,-9.788118884173606,-0.0630630678478227
8b571f2a8e858356,热吻盛夏,4,-14.255469624005126,0.0009972144760540536
c72fd802b0ea0444,焯！转生亿兆年，我被孽徒们挖出,7,17.30812398497242,0.04960066658577614
93564889411732d4,焱帝,0,-9.73219492711494,-0.05869822743687855
fbe0b568057be17c,熊出没之熊圣归来,0,-11.572279066784837,0.04060759656809018
58eaca0742a72cb7,熬通宵也要读完的三国史,1,37.05385986145464,-0.06819141814441246
7dfb79d18255c2f5,熬通宵也要读完的大宋史,1,38.624342747661856,-0.09145559366538
5bbfe0742bf4df17,熬通宵也要读完的大汉史,1,43.305088194740364,-0.07780627538027837
c77c1ea65fc173ee,燃烧,0,-3.859948568106482,-0.018891709312622212
b7857b47d4e09701,爆宠，绿茶丞相的心上人复活后,7,11.922925616656045,-0.10416007471176167
8a2d2eb67c6e1d7a,爆火出圈！反派亲妈在娃综杀疯了,0,-9.07425064986451,-0.08833894990439109
1d39e002a1197837,爆萌双宝：爹爹，快追娘亲！,4,-14.404922016543733,-0.04298544172436755
b50bb1360ec0542a,爱情公寓：从婚礼接车开始,4,-19.707244612207724,0.12445454538964587
ec8e0b1ed47b7e43,爱情公寓：开局被子乔忽悠到国外,6,52.497557185578415,0.1609026316253392
4486bd61a8ff7edc,爱情公寓：开局震惊诸葛大力,0,-8.579586871180666,0.038678142743405364
b26105e72ed1eca7,爱的刻意练习,3,-0.13355142639937867,0.03202130233387679
9b49ab82a765d047,爷爷，您真在地府造反了？,4,-18.818035738807566,0.17575463696518132
14d64e27af23062c,爽爆！杀疯！嫡女千金成皇室团宠,0,-9.953444639703534,0.058526442142884466
c1069076df830645,爽爆！真千金她平等的痛恨所有人,0,-10.58174056540647,0.0631973281396736
975c0804df70e4ec,爽！她复仇他递刀，佛子又欲又撩,3,2.938474450036459,-0.07008016773131956
9e6c8d2b7a9e2462,物理修仙法力无边,3,4.953263082808078,-0.024838092634565073
7627fddf4374b8a3,物语系列：伤物语,4,-20.711940109233662,0.10859941552167789
591494d161f12395,特别宠她的小青梅是个A,4,-25.74927210305094,0.08597096940958712
fad0335230629b19,特工易冷,6,51.97288598555593,-0.0014577333080638133
79d12d5472d6ccd2,特种兵：开局捏了一颗手雷,1,43.91092387727632,0.1718991786130321
3008aba125f9b046,犯罪游戏：我真没有绑架女明星,3,0.6608472032110342,0.034303833191361266
4b4ee47ff4af03e6,狂人日记,7,10.2689429065247,0.01953202684022226
bb21b5caf76b317c,狂婿,1,41.88650051149325,0.12400028581543591
8c0d943d34ad4dfa,狂徒张三：他把对方律师送进监狱,0,-9.397709555114247,0.0642411325035463
881dc5a7466ff67c,狂渣富家千金，女神提刀上门,0,-2.993011242465812,0.030708102779656438
1d45785199f29811,狂飙：从制霸京海开始策马奔腾！,0,-5.6007934180036685,-0.06957795446324114
5c6a07ef4ecb49f2,狂飙：高启强叫我京海教父,4,-13.084994462591606,0.019542997378625027
640078162eaaad21,狐妖之纵横天下,7,18.071321891177547,-0.08679011207837076
3ad0ad697fefd3b4,狐妖小红娘：我在涂山厨仙双修,7,19.462861017748033,0.23993595026885928
f51ba5793c67c9c5,狐妖：圈外入侵，无所谓我会出手,0,-11.863234039206542,-0.02613060162347272
5f82a5d5b44af1c4,狐妖：开局让红红和容容给我打工,7,9.300921034822572,0.003860440554033978
aea484d841329b3a,狐妖：负我琴声，伴我长生,0,-5.649854884681837,-0.07601633498729995
a46f0874755353ea,狐讨妻,1,41.612161958830654,-0.0038564129858738583
4cb402b53c385baf,狗粮心声：超可爱老婆又凶又甜,0,-5.939249215636991,-0.031019924565143325
0d73d1c1916cc467,狗粮文：我给老婆花钱就十倍返利,7,15.18138414648002,0.17305279303363474
07339fe9f264640e,狗粮超甜：开局青梅拉我领证,0,-10.943280151463178,-0.003095857912065625
c649933b9ab9924a,独家甜诱，禁欲王爷太宠妻,4,-18.475833740577087,0.08268788228224974
a3537aba4757bd27,独自对抗全世界，开个挂很合理吧,7,10.07215510284697,0.040786208341599545
875cd2f11ca79ef3,狼人杀：我猎人，滴滴代跳,3,7.2646727382502405,0.1687103685201519
09cde04462b3b35e,狼崽子他又欺师灭祖,4,-15.335941217529424,0.03963547995943248
bae7623ca2d22f6b,狼道,0,-4.856036356802576,-0.23198331653057944
b617a88ddacf206b,狼道大全集：强者的成功法则,7,13.293347640490929,-0.17073386217599482
1a5aa603cb0917fb,猎杀都市：我，传奇调查员！,4,-21.62444722871831,0.6494937036256062
1da32b2659e2bf68,猎罪神探,3,0.26798736492426656,0.07901729066893323
2d665310771ec25e,猜对金手指，就会死,3,5.130794739239995,-0.03901338473116869
57ee61b7a715bacb,猫系偏爱,0,-11.083743407849077,-0.1155051489478782
1d075dea22e5975d,玄学大佬冲喜后，在豪门斩鬼,3,7.32526177545671,-0.06898085701593629
27d74e9990a9bc1a,玄学大佬她拿错了剧本,3,-0.5724855014981642,-0.06928485773808316
af42ad48d3d7d2dc,玄学大佬穿书后被糙汉扛回了家,0,-5.720804477261787,0.05767021912463055
5bc2bd0ea10e807c,玄学大佬穿成真千金后身价亿万,0,-9.188547639935791,0.015900865843670953
f9568fc5df28d2be,玄学大佬路子野，虐哭阴阳两界,4,-14.266697056728695,0.012482411247923264
9f33160a48bf1ded,玄学老祖宗今天也在还债,0,-6.919326316335997,-0.06357216430286569
747a2de9ebd94951,玄学道姑水泥封心，哥哥们哭惨了,0,-11.599579447424013,0.07532418480357275
260596f1ff18e0e3,玄幻世界当炮灰的我，被女主给缠上了,7,16.160607487941952,0.14288524365630045
5fef16ada91b1d50,玄幻，我观测到了一切,0,-3.340043027987548,-0.10133889764994539
0c589d2cc03aa589,玄幻，我顿悟了混沌体,7,14.029811992851641,0.02029439699759128
393628d6a8fd8202,玄幻：一脉相承，主打仗势凌人,7,14.599617966224294,0.14887225424778222
9be64654e3bad4a6,玄幻：不死游医，带丫鬟悬壶济世,4,-22.891428533313736,-0.001507876247084039
fca8bcd1f3efe633,玄幻：与女帝师尊的日常,0,-7.90079603385135,-0.11864647446455581
a935239bcfc497be,玄幻：从埋下机缘开始修仙长生,7,10.786108076238072,-0.05444958654123386
b7ab0e598b833d55,玄幻：从神王体开始无敌,4,-15.757737945631519,0.05891888052603497
9fc8c5976ef6744a,玄幻：他们修炼，我玩命！,4,-20.63750667850062,-0.005238632449564906
8b8d9636c782a24c,玄幻：以武入道，斩仙屠神,7,9.435403521120477,-0.13651587217155783
795656144fa8ef5f,玄幻：化身太古狂魔，屠戮诸天！,0,-6.695131074000756,-0.08004649135872857
4f027c71c4803c43,玄幻：叫你去送死，没让你无敌,4,-15.026123929440033,0.0014133422485797242
be4ae16dc55fbc80,玄幻：夭寿了！我怎么就无敌了？,3,-1.1575532527064425,-0.10364434079105236
f1ca9665ee23afa0,玄幻：女帝和魔尊转生成了我女儿,0,-4.448265098841546,0.08060270416084397
f4d11c0a9a5a54d0,玄幻：娘胎签到，出世即是大反派,4,-23.72427468821297,-0.09715484718912834
ad41ff19c48a0251,玄幻：将萝莉养成病娇,3,1.7529734869458053,-0.06973182863653452
c57e5e60787ca6a4,玄幻：开局一身无敌大招,3,2.3006847646009945,0.13408804947206654
3d0060ea49dce6ac,玄幻：开局九个仙女师傅,4,-14.524065318730354,0.007186392018907611
e0956b5260d89ccb,玄幻：开局太强怎么办,4,-14.852274502097423,0.1279741802865153
4c363edb6221028a,玄幻：开局拜师女帝，签到混沌体,0,-3.701033159873333,-0.022436479544940408
c2b95d80d3c9ef8c,玄幻：开局瞎子，从拉二胡开始,0,-5.993193864800155,-0.0744496830602058
4c0dcf646aaab58e,玄幻：开局自带地图，杀鸡爆一切,3,5.622454044595685,-0.01632205513643592
8fa3a98a0549ae5a,玄幻：开局送机缘，获得百亿补贴,3,-2.1516500985239375,-0.05738970642202504
5e8de9ccab94cee7,玄幻：我只拜美女为师,0,-11.25792893060897,-0.0006138010110597891
21d6619840c72bbc,玄幻：我可以查看人生剧本,6,57.19223668940181,-0.032550269987587005
0ebfef63ea89c6ff,玄幻：我和女帝的九世孽缘,7,23.998298281789047,-0.12364848783799257
2da2133aecba1056,玄幻：我在御兽世界开盲盒！,4,-19.84965091191742,-0.07875134874011472
5f6fac328b0db9a4,玄幻：我成了位面大反派,6,64.26907468308322,-0.0875947370806818
941f099508a6562c,玄幻：我是超级大反派,3,-1.1734870423095174,-0.055015591815648274
074dc0d9cd72013e,玄幻：我的青梅竟是女频主角,6,53.552787464257406,0.012537300239236826
f2c33c8a4740a9c4,玄幻：我，无敌从败家开始！,4,-24.136958160255368,0.16606041351071285
e92d07346cfb6511,玄幻：拒当舔狗，摆烂后气疯女主,4,-12.951232064361811,-0.09770240050005904
b794bbc7cbdffa7f,玄幻：授徒返还，开局收魔族女帝,0,-9.000591679516099,-0.08164350914355897
eee1a7a0af7eff0c,玄幻：生前不愿，死后又冥婚嫁我,1,39.2130391737313,-0.03325074931830138
17ff96dd7e9a0311,玄幻：神女的秘密,0,-2.986005266838305,0.002872316554309279
e18bf79600d6a87b,玄幻：穿越成萝莉，被魔教盯上,0,-12.318020345989442,0.010132893975161622
b64609abb1c25675,玄幻：表白失败就变强,3,-1.3464572157007524,-0.06250218038641417
c6308503a6703858,玄幻：让你劫机缘没让你劫红颜！,0,-12.300057914695145,0.0364129636108356
40b438dd606f9bdd,玄幻：赠送机缘，奖励翻倍！,7,13.08004162863267,0.27691629740459345
6fad9f9f196daa3d,玄幻：震惊，我成了女帝守护灵！,0,-4.143642962934571,0.002903705874200163
c553eb8cdd647689,玄门神算卦太灵，火爆全京城！,7,14.368378945940002,0.10016541708565803
dd265f47d3994524,率土之开局满抽,4,-16.374547904697984,-0.3485033658585015
78a7967072ea6818,玉生烟之古代生存纪事,0,-10.225143080342527,-0.03280038961949586
6a2d533f304919f3,玉葫仙缘,3,5.071710928042393,-0.0073151541012783095
f82fce2e8cfcb42f,王小明修仙记,3,6.3898760571299675,-0.006883535959573417
4a381b300deed16f,王爷，王妃说此生不复相见,3,0.3675772550897918,-0.042247238457130104
02ef1dc477e95526,王者，真人moba开局创造李信,3,-0.9732701893357003,-0.096125548415631
d1e1248f1b72d061,王者：开局长城守卫军，吓坏李九,4,-20.000710955182164,0.16359729518050536
34721ebdae77831e,王者：设计超标英雄，我虐哭全网,4,-15.490762956605366,0.10142698825270176
13ce77dcccd5baf5,王者：靠着摆烂我成为了FMVP,3,-1.4918681504957831,-0.04348816804280212
bc7c2cbddb947cdc,玫瑰与烈枪【刑侦】,4,-15.708068081355549,0.26482399127459044
768f7fda6612ef7a,玫瑰利刃,3,2.270983284706162,-0.0036449654257421915
87014e570b2ce35e,玫瑰无原则，心动至上！,0,-11.247892626492806,0.031075930248485345
2d882c40a30245d5,玫瑰轻颤时,1,26.220478701804623,-0.025524772330564743
b4cae917ea57b04e,玻璃焰,0,-10.028367828642644,-0.1375719083420379
36b99d174179d479,瑞克和莫蒂：无限,7,9.468502114213294,0.03250707208445586
ba2dd9ed2b88f403,甘雨姐姐，请嫁给我吧,0,-9.630755063504687,0.10872133217556783
b1fe1fbbf606527f,甜哭！禁欲影帝怀里的娇宝在玩火,7,10.47057087474164,-0.09819716952642624
4016fcc0cdb24e0e,甜爆了！偏执顶流宠我上瘾！,0,-9.32704441726414,-0.05924963888310544
aa5c993fb6803cbc,甜疯！禁欲大佬把女王宠成娇娇崽,0,-10.008412767024701,0.5021574104719323
093f8a93acdd148b,甜美可爱：女神同桌太酥了,0,-7.094351959234196,0.10126368490834455
26826111c777cf4e,甜诱！傅爷的心尖宠她娇又撩,4,-15.209028307707488,-0.0064600197994803266
312f5b4a4762a1f7,甜软囡囡六岁啦：全民沉迷养女儿,0,-10.45409123456281,-0.06879020920153298
ae508b706caf5c9b,甜软！奶唧唧的小狐狸被装麻袋了,0,-4.380573219622747,-0.13998870031949792
421863a0c62a3624,生化危机：从融合杰诺瓦开始,3,7.1370092867551875,0.004921644228493838
904fd13337219ebf,生化危机：开局召唤十万铁兽军团,3,2.7918747172324743,0.002619608150827235
38b519767e74ab24,生命倒计时，我成为了女神的幻想,0,-11.017338926937576,-0.04773564929176147
f14a482b1e88b7dd,生崽热搜后，帝国总裁夜夜来哄娃,3,-0.4849294699837401,-0.007650926885024473
2535e4516a564fe6,生崽痛哭：豪门老男人低声轻哄,7,19.711102499415013,0.01950516085074197
584bd22379011c25,生死狙击之死神游戏,7,17.47311506783472,-0.09016758565456037
e0e847660cf2574e,生活枯燥无味，发疯拯救人类！,3,7.485973706194152,0.4722048009087063
794df6511a496e3e,生活职业有亿点强也很合理吧,0,-6.494197292098569,-0.1268816610338119
c25767989ac3799b,电梯求生，我能预知楼层信息！,3,-0.7396701648768911,-0.12195488462171353
63c8a64e5028d6f8,电竞团宠，荣耀女神A炸了,7,18.859838431286363,-0.10101901837275987
aa9f512dc9c50e3a,电竞：喷子女主播打职业很合理吧,7,10.234161918757287,-0.12628763838789694
7680885b7a41ca21,男主的绿茶妹妹一心想撮合兄嫂,3,2.3215671773155577,-0.05052611012669653
f50626e2cc169b15,男人太多也烦恼，不知该宠哪个好,4,-19.629555952913805,0.13048966087116257
d58aed06c91f74ff,男人，挣钱才是真本事,0,-3.2899528358327927,-0.26195086886942376
9e8c8e8a091b2cb5,男团选秀综艺，女配C位出道,3,7.198315664226591,-0.015145034076277264
ed72e553ee89cf3f,男多女少的未来世界,0,-7.878127655884292,-0.09981469039025201
4f8df93d9f2a3406,疯了!穿越当天，病娇世子爷他要以身相许!,0,-5.99520162997797,0.16708914959803223
cde03b6a9e3357c3,疯了吧！互换体感，校花成我舔狗_7094975772154137641,0,-5.12836162065112,0.04667261610611162
1ec3e9555a441e68,疯了吧！互换体感，校花成我舔狗,0,-5.128073843108453,0.04667054463097095
8a630a82572ee4fb,疯了吧！救赎失足校花后被找上门,1,35.71661464874413,0.03575284113420796
e61de650c3313128,疯了吧！高冷校花竟是网恋对象？,4,-13.37548924886007,0.0034425336137938745
4aba70fd1589ce24,疯了吧，网恋对象是校花？,4,-17.588166111553587,0.11869454102768177
fa89c46825949ca0,疯了吧？女帝徒儿要跟我同居？,7,12.032967170217205,0.02495402504410335
f501cc10063e337d,疯了吧？绝世女帝竟是我老婆,4,-18.174817007380724,-0.0016697049138113262
6d1881b9b8629d7d,疯了！校花妈妈给我当秘书！,4,-16.014088382478317,-0.0675377951155767
f2f666fa2e39a9cf,疯了！火灾救下的少女说非我不嫁,4,-23.027976434425803,-0.2081220566199001
60bef234fd2f8d39,疯批妖姬洗白后，诸神皆为裙下臣,3,-0.5705392120982822,0.006487508526850955
09b06c07f037a683,疯批师姐一身反骨，拔剑创死原著,7,12.301954814856636,-0.08702150046517607
4afebd9d28c476be,疯批帝尊洗白后，天下皆为裙下臣,3,-1.1356177707998043,-0.047697096299035485
ebd2e7baae1dbd7f,疯批王爷，您的影子孕吐啦,0,-11.363671631184374,-0.07657784962671724
797e0b4d7334185d,疯批男主别害怕，我只是单纯变态,0,-9.65693069279785,-0.11303750799906984
07ccd2e7e8487004,疯批皇子被读心，皇室全家都傻了,0,-8.544772424393202,-0.01898762719830749
26a2b12104a037ad,疯批皇帝读我心，丞相她马甲掉啦,4,-14.016270269690924,-0.042756114115853755
d9c30ea13894a73f,疯狂作死的我却被女帝宠上天,4,-19.45124889630103,0.03001177228387278
efcf0cc7c12b9217,病娇人设崩塌了,4,-16.11736808743931,-0.03155399423111935
8eab2f233185778b,病娇们和我一起重生了,3,1.1972474210346036,-0.063066041530043
b4b1bc65caf5127c,病娇你们都牛,3,3.688530430026887,0.0359829840394747
22f6e13a762d53bc,病娇厉爷在我怀里恃宠而骄,4,-17.128152400020593,-0.014645864437534406
e4d324385239245a,病娇反派夜夜入梦：姐姐你是我的,0,-11.727778670819813,0.13174867227468356
81b87dad364ffbe6,病娇反派疯又野：无限穿书求自由,3,4.658427140278739,-0.11186217228525788
b46e6393ea8fffe4,病娇大佬，疯狂囚爱！,3,3.1347503173807425,-0.023776563922512123
80b18d71a899387a,病娇大小姐天天读我心,3,-0.2526400906683719,-0.10978743362938978
e0914bfe247ba58e,病娇大小姐对我穷追不舍,7,14.970968065909716,-0.09702075847057459
eb3de5fb1eb0cde3,病娇女帝竟是冲徒逆师,1,32.21764381665007,-0.021089775226666385
f4604c714ca45b36,病娇女帝：仙尊？冲师逆徒罢了,3,-0.9815183049615754,-0.018372314325750733
0379fff5b76553c9,病娇宿主甜爆！撩的大佬嗷嗷直叫,7,22.714781062809635,-0.07519076418247869
8b61021095fe80c2,病娇师姐刀割我爪子,0,-11.463130841962464,-0.11565082048057887
8a15e3af9a13daa5,病娇师姐别追了，求求你放过我吧,7,11.41985791194412,0.09796284837309642
7258d7e347a901b4,病娇弟弟欲诱撩，又用狐尾缠她腰,0,-11.01448606692589,-0.05845250708370023
f3bb9f5cf0eaaed4,病娇摄政王盛宠，娇娇公主重生了,3,6.490031340629322,-0.07024663512206089
205c1f4488139a15,病娇暴君他白天冷冰冰晚上要亲亲,4,-13.275095822115645,-0.0033021964398248227
7f3241e38e545f6e,病娇校花几个菜，谁是你的小可爱,0,-9.967654706753294,-0.04288295968601322
d4eb787726f507a6,病娇池爷是朵白莲花,0,-11.199108323422259,-0.07955246135232433
541f7b1d1522f6e4,病娇狐仙缠上我,0,-9.878950471997712,-0.10835387984442721
0f8b69263fba5311,病娇王爷会读心,0,-10.297627862910865,0.010949546190093001
2674cdff44a2b3d3,病娇老婆抑郁症死后，我重生了！,0,-5.798493492921736,0.017175776728898362
fbd5ec421ea0b82c,病娇逆徒太撩火，禁欲师尊动了情,4,-17.534890838988176,0.091442694706547
4dccfe22437cf858,病娇：前女友再多也要搞纯爱,4,-13.261499284864154,-0.10373800784726436
92364e2023f8c675,病娇：女帝师尊，我真不是渣男啊,7,11.85516571317305,-0.016665005515323628
eabd7782d5927b85,病娇：女帝毁我一切，只为独占我,0,-4.451947161556021,-0.09069300890142942
643bf00ff12e9974,病娇：年幼的我身边全是疯批,0,-9.539498745587224,-0.04815732029022976
e0829b43bb8b36cd,病娇：我被黑道女友囚禁！,4,-19.51529852468031,0.08863321022586118
be4cf66883025c13,病弱反派撒个娇，疯批大佬掌心宠,3,5.594163113370968,-0.09091792625956405
fea7d2263ea8e1d1,病弱反派撩不得,7,9.906369600656909,0.012182289938652696
c2781e6fc516b743,病弱少女在璃月港的日常,3,5.720180784125802,-0.004921476669382779
e81ec63f41b04aea,病态占有：年下弟弟对我蓄谋已久,7,12.879503998288605,-0.039857690032662235
8f5d734cc9027cb8,病态吻！错撩反派后被亲懵强制宠,0,-11.1466655260055,-0.0758216693759646
230ecb77cb5b92c8,病态溺爱，小娇贵被迟爷抱怀里哄,3,6.074194253807391,-0.11590448905080095
dae63bc4bc3c7a71,病态热吻,4,-19.565121716512632,0.019237442375516084
7328d89d8cd132aa,病态绮丽,4,-14.425872723400346,-0.22689693058462515
3043c6e4854ff1eb,病态诱捕,4,-19.865324927044977,-0.04685762644627531
91b9a251d88390a8,病美人竟是无限游戏大BOSS！,7,24.50422020896137,-0.11420753764323291
ed4132758aeebd2e,病隙碎笔,0,-3.5656075994947685,-0.30001477801978715
4ca61b92e9880f0c,痴缠诱捕！落魄少爷野又欲，真撩,3,2.581412029678816,-0.10413063683885412
bbf771d9d55fb3d5,白天偷偷打赏，晚上疯狂返利,4,-12.97844391824551,-0.15930767909784607
a4bef1d18edf3f50,白天冷冰冰的指挥官晚上在我怀里哭唧唧,3,0.38990825595314504,-0.11620837575013818
cc3dfe68c4433544,白日祈愿,3,5.987379043719365,-0.13996138229290442
e908647b39d31f9f,白日缠欢,0,-9.253950367971214,-0.049845556260076834
eb8930d54a5d1b9b,白昼情事,3,-1.678112870953214,0.06885268761494606
d37e8f9b37f838d0,白昼流星,3,-0.942124021841046,0.12484272724543646
e2a4f5450aae6d34,白月光与宝藏，你好我的人间理想,0,-10.219672309233282,-0.054149370558372406
f7bdf6723c23a4fd,白月光学姐又娇又欲，我们恋爱了,0,-8.851099146464364,-0.011560899694604776
42c51fc77cea215c,白月光死遁后，病娇大佬穷追不舍,6,65.87820600001162,0.014950604034547038
0e9522bb233d7128,白粥其实是甜的,0,-9.159333439617711,-0.03652649771526337
44c69c66fb2df1cf,白纸与喜欢,4,-18.494000426880845,-0.17249216830420874
a2a91872913e7e11,百万返还：我家师兄超大方！,0,-10.18940243182292,-0.07592000681239844
642624e21806db19,百世轮回：前女友找上门了,3,-1.5967829657677015,0.06472869530151451
34fe588c585657c4,百世轮回：我，女帝们的白月光,4,-18.827716273935962,-0.10330076196945201
05b0d837e6e4f765,百倍修炼系统瞬间升级999,3,0.6217501719249583,-0.057673008522845154
0feee377a9456c06,百头蜈蚣：吞噬诸天万界,6,59.67569844027848,-0.04844269077203048
6c73056375739c8e,百妖谱,4,-14.73363553992008,0.22997868924610065
6c73056375739c8e,百妖谱,4,-14.128708903712454,0.1709692743313749
6c73056375739c8e,百妖谱,0,-8.381362584521419,0.15103057240155404
3009a687e83a8d43,百鬼末世：我成了最强御鬼师,4,-18.243197895625244,-0.031441949974152034
393553266819ebb0,皇上家的小娇娇，哭崩你江山,1,27.984230963048986,0.12349892373996449
edb202ab1b6bd3a4,皇后纵身一跃，疯批暴君哭红了眼,4,-13.594820030350817,0.1679173032066893
389141b17d61da4f,皇后绝世倾城,3,-1.9634509326895895,-0.11617753404461026
890d83fb32d760bd,皇妃殿下今天也想做掉魔王,4,-20.57378417707476,0.023980143119467223
27638360d27c4a8d,皇家金牌县令,4,-17.557746576647606,0.195379917967214
dc47c64d5bec5f71,皇帝旅行团：开局带嬴政看兵马俑,3,1.7294639093378166,0.09137838238470594
3708d352bcda2f2d,皇帝游戏：sss难度我推演一切,3,4.247697182339039,-0.0336885978603019
359abff896fa3576,皇族祖地开挂二十年：我举世无敌,3,4.363506872084976,-0.0031219481524613624
c61b684df886debd,皇贵妃今天出栖容宫了吗？,1,25.151561715791573,-0.05311025561639374
1477a55208c62ed1,监控人：誓要把gman冲下水,1,37.92661817998989,-0.11673984928979744
2ce3ec13818e0e05,盖世战神,7,24.17805641300673,0.12007338904096322
2b8ebfcaf597da0b,盖世武神,7,10.055831345016301,-0.09265427197260481
2b8ebfcaf597da0b,盖世武神,1,30.38693253298196,0.012635448021147577
bba9eb310f069647,盗墓哑巴张的小姑姑好有钱,7,10.91348431126594,-0.023193378274288134
c28b57724f478467,盗墓：一睁眼我成了白乔圣女？,3,-2.391626214424768,0.11396080823289918
18700f40b455b75a,盗墓：为保研，墓里把校花卷麻了,7,24.172605095216753,0.0072503222919555466
6063165342a2494a,盗墓：从老九门开始长生不老,0,-6.006907329583846,-0.12445057180321514
cb2da4d3a409bfb7,盗墓：听说吴家有个疯批小姑娘？,4,-17.48172903150536,-0.19068536631103802
911002548d6f6c10,盗墓：在盗墓找对象,0,-10.368274893910261,0.09826407765078354
c0a663b1777531e8,盗墓：她带着执念走来了！,3,3.3060275336564615,-0.09115350548481563
419159eb61d8f844,盗墓：寂静之主,0,-9.246590925731205,-0.1041998940970866
8facd70e3d6a6103,盗墓：开局只有两年,4,-13.847311775571661,-0.18770064691951446
4555876acd150bb3,盗墓：开局获得万古邪体,7,12.47832045986695,0.051808387068396716
ccfd99ab729eaf2f,盗墓：当普通人被迫入局,0,-9.77707729860937,0.1859193040900428
5efe605d04675c4b,盗墓：来自神的救赎,0,-6.917862536122243,-0.04153891247085231
1041e4580fc80677,盗墓：疯了吧！你管这叫下墓？,1,35.44401689455272,-0.00558789627381559
e1ef71aec5b431ba,盗墓：睁眼在格尔木疗养院,4,-14.680781919878502,0.052726705020024384
dcce2533b3f48fe8,盗墓：被迫营业后就疯了,4,-16.41362950842162,0.02014702712528363
773c39401c91af24,相亲当天，豪门继承人拉着我领证,0,-6.23384691850206,0.17371308651321737
10cf54c2506b1f44,相亲走错桌：相亲对象绑我结婚！,0,-6.669142352734518,0.07713251282734002
4ad8f4525551c927,相公靠我砸钱上位，又嫌我铜臭,7,16.63988656614807,-0.07332096820290004
f0d2c45412499e7d,相声：开局怼哭德云太子爷,3,-0.6478384277805773,0.0007574432397825792
a457b0a37dfb76df,相柳这一世我只要你,4,-17.6413385014445,0.06802720254817457
df3733ec8dbcb30a,相柳重生之今生今世我守护你,3,5.69835910324511,0.05126103275970692
a97b9220f7106b70,相柳重生之只做防风邶,1,43.07419165198955,-0.04911260654321445
e36d76820c492a6c,相柳重生之追夫火葬场,3,6.679560110941196,0.17846867242423808
cad2c04d35ac0fc6,秀翻整个学渣班，你管这叫班主任,0,-7.488465553101989,0.022870623976647603
d86fe5c7d144b12d,系统之逆天狂魔帝,3,-0.5044792092322581,0.31635199030362066
2dc1825b3182f011,系统天生反骨，创的魔功过于鬼畜,0,-12.157882826254518,-0.04497578263667065
f895b215b145c7be,系统太宠了，变着花样给奖励,7,12.83520209648718,0.056040855837161035
96a242922a08f90a,系统掉线后，整个人都神精了,3,1.1968824827438311,-0.037456862597382484
6a466736e1e7591f,系统提前一年，你管这叫末日？,4,-25.294241240987088,-0.018935271228233158
c8b10c3762713fb4,系统炸了，我成了系统,0,-7.766180053225767,-0.058816233239954524
baaf2e93aeb76a77,系统让我攻略神明？反手攻略系统,4,-13.607396442195718,-0.12414845120631404
e9b971c058588515,系统赋我长生，先结婚生子再说,7,20.80468829419283,-0.11147753923594791
58dd8edd2a835656,系统赋我长生，我熬死了所有人,4,-21.564779385958023,0.3059990232476028
9665a36c209a1aa0,系统赐我长生，可我却只想寻死,4,-18.03549461344062,-0.10730920504662897
16be8a20dde5a0f4,系统走后，面临柴刀的我人麻了,3,-0.46858047215845033,-0.08608379049861539
1090e2c2244ca589,系统：异能觉醒水变成镜流什鬼,0,-4.538625236922755,-0.011477177885804907
4734c63daa43b778,系统：我的目标是培养绝世美人,3,6.3700196640031805,-0.031243568540704286
3c8c8d0914763687,系统：蛮荒太子妃只想放羊,6,57.12565637648562,-0.028425505196740197
f78c0825dcfc1119,细胞人在原神,4,-17.000388828880414,0.008373572745244695
835517923b820c66,细腰藏娇,7,13.289752475060482,-0.09538240162098963
1f3537e6ff07dd96,老婆就要从小养,7,13.444847738830099,-0.12171874085794551
8e8cc2806700dfce,老师别误会，我没叫你老婆,0,-4.726247521016759,0.13585081727962228
94740558d52922a7,老板，你家动物园不太正经啊,0,-7.08924839046098,-0.00983797683421267
2d77b35d7e4f6d39,老爸嫁人后，总裁姐姐倒追我,3,-1.3881552499963945,0.20555625704696254
dc0f2d1662dbe36c,老舍文集,4,-20.57071161077011,-0.11746254796484437
c52edb82c97de23f,考场睡觉？不好意思，我保送！,0,-9.841681254021125,0.17342482314218016
b6b3082dc94fd82c,聊天群：开局成为天道！,3,8.478959841147457,-0.1282503031745719
758ac9ae0d95a195,聊天群：我们嘴嗨而已你来真的？,4,-13.284949146434485,0.004916286814193066
9f24e43f075faa2a,聊天群：目标是债王之王,3,2.9593999492933065,0.11086472581560525
b0692f5a6cbfa79b,聊天群：被骗魔门，我模拟逃生,0,-4.284805484524178,-0.22288871951060604
8c03d79310bdf020,职业挑战：开局卧底记者火爆全网,4,-19.806459904611366,0.2832011239402032
8b62c2ea6ac4e1da,联姻后，苏小姐想当金丝雀了,3,-2.3916946667689913,-0.013674665905142797
2f3e5cd68ac780a8,联邦特区,3,0.3299915796499633,0.029506611517278514
c1d6e92d94a337be,肆宠甜婚：柏总的玫瑰成精了,0,-8.246598427360567,-0.05833003953386803
7afe185e5f36d21f,肆意娇惯,4,-14.888574141859124,0.05663510421376283
5c53270bf281f6fe,肆意温柔，周总他又撩又茶,3,5.952939159250455,-0.13326428168190182
49e88932888f4ec2,肌肉健美训练图解：适合中国人体质的肌肉训练书,1,44.280057565964526,-0.1715515186800273
e1e62e5f72e9fe13,肖申克的救赎,3,3.1259939486871104,-0.07310536448063745
60cd0781e256e3ef,股神：只有我能看到隐藏信息,4,-19.518797554004756,0.044002271860342446
4d74de260f8fe056,胎穿小娇娇在竹马掌心野翻了,0,-9.005954913652815,0.12892651115408865
f79007ad3a09f894,胡图图别怕，牛爷爷我是龙王战神,0,-12.145663069965291,0.05588023455909624
9374a0b272dbc563,能修改剧本的我，破案破疯了！,1,30.757278425250504,0.11869498659143712
94ba1470688ba618,能力很多，但是我不敢明着用啊！,0,-4.664110378963258,-0.03660998072022395
d1bae2582cc016bf,能读心的我不想当大师兄,0,-10.127003429089982,-0.02523314230048926
9d5c5cd4231d2631,腹黑县令：开局拉女帝下水，刑啊,0,-10.078033521894326,0.02729016330315509
485f9677f033ea16,腹黑阿弟要黑化，每天都要哄,3,5.280898698152491,-0.026081475092445267
c5ee53e31b8dde6f,腹黑龙傲天夫君，总是对我真香,7,17.467752136519323,-0.05498461234171356
853f53b5f5915c1d,臣服上瘾,4,-15.718624556558606,-0.023491800748453945
0a665e88f782cba3,自研科技，我的神体震撼了凯莎,2,110.21146481942769,0.006332630984813903
1f930369349a199d,自称穿越者，震惊十亿谎言节目！,4,-17.12590209711391,0.019368401780248068
b75e1359a82b1b4a,自首,0,-9.372962602421289,0.39977903967090533
50f270e48741714d,至冬执行官，开局绑定冤种系统,3,6.051918857884132,-0.11193382444898234
17f0e0aae6641407,至尊神主,3,-1.4277985109068325,-0.08522016752320602
b5de31c60614488c,至暗凌晨,4,-13.130475588827846,0.027353133443436733
18d229361e00df26,致命心动！,3,7.2401848376652325,0.0036171724878357736
31659123e97f4ffc,舔了四个大佬后疯批反派会读心了,4,-21.846353867660003,0.0031580537492314764
040222f7ec962615,舔狗反派只想苟，女主不按套路走！,4,-25.702111579128495,0.25916705267263646
3264247ddfa41637,舔狗系统：美男都是ATM,4,-14.600192992422471,-0.11021401147900342
c9ebe91bb05d0ab0,舰娘：我的提督有亿点点强,3,5.731985250128702,-0.009868658418418164
aefcfea8151b44cd,舰长，你是不是强的过分了,4,-15.120204929213767,0.03931592913761192
15db3822f4d31a98,良辰美璟，宜赏月,0,-9.76625469984004,0.047333428529756055
68304baac0a792f2,芙宁娜大人，我只是个护卫,3,-1.0641615992394193,-0.07652970686147167
b7f2234498e8871f,花与梦旅人,0,-9.660342535524933,0.015099772984292742
31672a763ad219ed,花会重开,4,-25.382401214551592,0.14338581717259044
b0553ecb3950a734,花钱不减反增，双系统的我无敌了,0,-10.226854475846501,0.030509630255130676
42ad903dba6b06b4,苏维埃之拳：二战苏军单兵武器装备,3,2.705695593348935,-0.3130240690562617
067142a0946ac303,苟到天帝的我被女帝老婆曝光了,0,-5.097028986694333,-0.07338151314061678
5d06a142a459f795,苟在东宫，太子竟是女儿身！,4,-18.709213995265372,0.12999801171887423
b8dd95a2e35050f9,苟在仙界的我，能在下界薅羊毛,4,-14.635278570973892,0.03823444329512607
d8f05379a4b8580b,苟在仙路,6,50.91297909706519,-0.012279535171509814
8e920091740c8d65,苟道长生：我在妖诡世界刷熟练度,0,-9.091367466690329,0.06387651925190224
58fba74085118da0,若幻想成真，我的老婆是另一个我,3,-2.349763690379959,-0.006810637549604787
fba5a617c0f3de77,苦难给我的21个人生哲理,3,6.375747481416084,-0.13258305749122698
f4a3fce561d33c0a,英桀重现,4,-21.661370659972242,0.07061497700370933
97760e8f8643e02a,茶系皇少又菜又野又爱玩,3,3.038680078623841,0.07673937018061103
f31b27ac740af812,荒岛求生之开局幸运值9999,0,-10.100962315106472,-0.0043683375984040484
69c1eb31ec706923,荒岛求生本无忌，校花当成暖脚婢,3,-1.6509512797555104,0.11886351429591298
029ef5a199dc27e4,荒年锦鲤：多子多福，美女找上门,0,-10.13063287152032,-0.021440588446499514
0dc1face2b0cf53d,荒野大镖客：西部财团,3,2.4204023614811945,0.15468358285426204
a49366da5e3fdaa1,荒野求生爆红后，我退圈养老了,4,-16.95535900694263,0.03669527427482766
7a00bd2153ea2052,荒野求生：我和五个前任火光四射,4,-22.822919969892887,-0.03775901311718918
3a3274f6e6f6804d,荣耀王者,3,-1.684310545945813,0.05769213080655272
0fddff65ea12afff,药罐小美人是被护食郁爷宠大的,0,-6.246005234282656,0.009069985938117558
fa9815038cd2b91a,莉莉安无处不在,3,2.3754178533345183,-0.09074680060144932
4b9fbfa4ce5e37d7,莫若凌霄,3,4.968471247867576,0.03377165482394398
dbf2913a6f51426f,莫道娇娇不销魂，世子扶腰倒插门,4,-12.96948542887284,0.08516431068085123
ff2e88026060d93b,莲花楼外花隐莲,4,-15.804298717506434,0.08139242706535313
191560aade3acb1a,莲花楼：COS段誉后我穿越了,1,47.75377908382271,-0.017075471438620038
6ffe1336bc6e9ede,菲梦少女之追梦的征途,4,-21.52768799655019,0.15648378242568006
a28696da0e64fa84,萌侦探纪事,0,-8.167111353831217,0.06936628695220468
76d076e4f8e7fb7b,萌妃天降：腹黑邪王惹不得,3,6.973760826604561,0.04972249131739129
1c2e06b0e2001749,萌学园之双生花,1,39.86862347990082,0.07999630254447518
0ceabec64479bb0a,萌学园：我好像不是路人,4,-16.542056134531286,0.22312874297327714
814b58e8a20028de,萌淑女驾到之天使候补生,4,-19.8722817135744,0.10662939505708437
55e4c68153bda4bc,萌系猫娘：和姐姐们的日常,0,-11.766124968341213,0.15828900643823693
6ec94e6a1d158881,萌萝除妖记,0,-10.963591588816058,-0.08966299204884157
9e4efb9c524c374e,蓄意囚宠,0,-5.459573459813285,0.11403337071310166
3ea1f56a33a75245,蔚蓝回响,0,-11.64706490388738,0.01583507805814499
14c928ef68ae8d7d,蔷薇少女馆,4,-15.203633259184969,0.09738459686411323
773f812eed6025fb,薄少，夫人马甲被爆了,0,-12.111815107484883,-0.04334373012205092
780c523b807655f2,藏于盛夏,3,5.325134416848869,0.0501307283261932
6afd7e0083b37a5f,蘑菇屋：十封遗书曝光，泪崩全网,0,-4.318692868225149,0.14693092497676377
73860ffcf4724654,虎出山,0,-4.012458487350884,0.08746463725011466
80b6058de0a87382,虐狗啦！高冷校花又双叒壁咚我了,0,-8.425454453042363,0.003363398120878741
6cac87bb589de9a2,虽然圣主今天什么也没干,4,-19.185554786047334,0.01727402880884732
c5e489739fdb9d8e,蛇仙：开局吞噬仙帝,3,6.021245979595605,-0.11751620988959757
f238240be4c27188,蛇瞳,0,-5.092155924863221,0.1500637664728393
d9b6b47a93adc49b,蛤蟆先生去看心理医生,0,-8.120694779172055,0.04694580533127049
80f2f33fe2ab044f,蝴蝶瘾,0,-10.786443471236396,0.012295923755588162
df38e1811ab69700,融合电脑：我的技能不正经,3,0.45762346924009734,-0.03785898187808198
2c444c7ff9b2a298,蠢萌舰娘：提督，她又偷吃啦,1,36.82560191005241,-0.0685230356446209
a28046d478d45102,血祖的我重生成了银龙公主殿下,7,11.508918570883445,-0.010375238382691498
9be307537ce79a55,血色海报：从咒怨开始签到,0,-3.7226995063661406,-0.006232897481426136
267a1d7a5ae8873e,行尸走肉，无畏战士,4,-17.36163209782805,0.14783119839101194
bda6d86a97f4476b,行止晚,4,-16.82941889525011,-0.16144675047373178
09409fb3f83c679a,街头左转，捡到民国女大学生,3,6.311765319389636,-0.1127123446640508
e333dc39ae3486fc,表白不接受，青梅忽悠校花勾引我,4,-17.428290981749374,-0.012935563623512836
a4ca5e292ad7f2d9,表白你不同意，变心你哭什么,4,-22.971286736172946,0.18923982751427315
10df55584353ead0,表白你不接受，我走你哭啥？,0,-11.076626722882636,-0.020784150139338126
d401418e6a47f3a2,表白校花被拒，我被校花闺蜜求婚,7,18.710378210972372,0.06345249955079552
ad128a5c35160440,被人夺走命格怎么办？我直接嘎她,4,-16.642217472108292,0.07171550446673394
0797015475fbb385,被偏执男主缠上后我怂了,1,47.77949829765514,-0.044552075247228456
1302e49c0f706fb6,被刘备抛弃后，曹操跪求我当军师,4,-21.074667421060695,0.177407134133441
9250cdf5772aaf5f,被剧透后，冤种女配和反派联手了,0,-12.030732492382345,0.026199097217809886
a68653835b283385,被大厂拒绝后，我成了白无常秘书,0,-8.838147501955646,-0.020144558323073825
64af97bebe267bb7,被大小姐盯上以后,7,10.3435742453916,-0.14451857780800473
c46bf9abd5fb2edc,被女友抛弃后，捡回家一个萝莉,1,36.192216372496375,0.0482524974656173
1a70b996d07b8b75,被女友赶出门后，和美女校花合租,4,-15.783012050246636,-0.04451720314330912
102edfd63a30d4b7,被女娲养了一万年，我终于化形了,4,-13.045409931945574,0.16183850843061776
e9b45de1e95a9722,被女帝倒追，求我开枝散叶！,0,-4.356004685959938,-0.0547444004075269
ec262298193cf945,被女帝听心声，这弟子过于妖孽,4,-19.014598553012647,-0.24100903361534157
217cae2df94945bd,被娇养的仙人掌，躺平爱吃瓜,0,-8.067229442254572,0.0623106915682968
92d9fc055ea39dd7,被屑姐姐变成萝莉,0,-2.5807766676152895,0.03829690412651898
bb7e4ece112bf2ad,被扔狼山，她靠驭兽风生水起,7,22.61677634819773,0.012169493311543683
8eda115880ebd762,被替婚后我捡到了帝国元帅,0,-7.291815294706737,-0.019670192366185585
6ed1e6135cc75c23,被朱砂痣扔了后，我捡到了白月光,4,-12.929304894480328,-0.03976836570694345
05f5b2f464eef215,被甩后绑定神豪系统，我签到变美,4,-15.523117613592053,0.1229946545863873
171d318ee6dbf05e,被甩后，成为反派魔法少女,3,4.854054274187902,-0.08275255815548818
f2cf563945a8baae,被糙汉买回家，娇软媳妇超旺夫,3,1.7764160527827855,-0.04603552055729451
8bab88fd09ae80f7,被血族校花看上后，我人麻了,7,11.784015722484746,0.0076714355862591566
2926790c94fdaeaf,被诬陷性骚扰，我国士身份曝光,7,16.884517909865195,0.15773898264386044
e1476651a4c65142,被读心声后，小公主成皇宫团宠啦,4,-16.902680267727796,-0.04631849327682094
a61f537ced5d2ceb,被读心，奶团带反派舅舅们杀疯了,0,-5.359271781519524,0.10988850360660433
2a254eae000037cf,被赶出豪门后，哥哥们都团宠我,6,51.77726281651012,0.07592136949231723
662aa867a2ca7cb1,被迫女装，从迎新会唱囍开始,1,41.76663555753149,0.07883417832334139
d32c068af057d572,被迫营业后团宠大神爆红娱乐圈,4,-14.554644026646923,-0.061757492990704294
bae077346733bffd,被逐出师门的我，只想逍遥天下,3,-1.1798702783489787,-0.0532399497803365
ef3189aaf3929059,被逐出队伍的我，被魔族招揽了？,6,85.19370345310499,0.0822957851933408
4d3fa08227667af5,被逼婚后，成了偏执右相的心尖尖,0,-8.412962885086245,-0.1311732549655942
59620095365a891f,被遗忘的樱之吻,3,4.057298181480419,0.07001241209856154
ee962387d0e62a13,装乖，疯批总裁日日缠哄,4,-21.079422159225803,0.13899107479465234
51d66e8684d37769,装了两年舔狗后大佬突然能读心了,0,-12.200290215835128,-0.0851712482949604
04a572d4b30b7c97,装了十年舔狗后，我上恋综爆火了,0,-9.788581158463607,-0.14653349034061028
fec98d8c64df4491,裴教授，你行不行啊,3,2.7201752851397387,-0.02973513980540768
57bc15a87918c790,西方博弈往事,1,39.617822665397696,-0.22441154490729573
a5131c4bad01f2bd,西江月：公主万安,1,41.01414094291205,-0.10795629165858159
20fb7d193a00d76a,西游从满级唐僧开始,3,5.078367516988621,-0.03523415998424409
c4b8bad3f66df5a1,西游模拟器：成圣从花果山开始,4,-22.777273848774623,0.10781687687816043
a3d849448bb05330,西游，我六耳，全知全能,3,0.40827128559355685,-0.06484771363338118
268df3acb73d4b81,西游：人在天庭，朝九晚五,0,-11.494277225787066,-0.04402784674724583
5a85e37f822a078f,西游：反套路气哭如来,0,-11.557330432978933,0.07306492979275261
4f635127f9582c51,西游：地府改革，开局发展互联网,0,-9.335790327228047,0.014916409584376289
d8b6203b28e91bbb,西游：我是如来，卧底灵山！,4,-26.03945497111403,-0.015509220486961212
cb555fa61dc6a828,西游：我炸天帮称霸万界,4,-13.93836210742327,-0.06738987665775728
49fa2b43a3ccc387,西游：道友，求求你别再爆料了,0,-11.23455722798871,0.00021376209069198793
35441a9e344a7b6a,要不要一起修仙我的小竹马,4,-13.823769500665637,-0.1845834821404619
05f701c548feb514,要姐姐哄,4,-12.675827443622854,0.025975376223496577
492af8294a32eaf9,要知道他是天君，我就不调戏了,4,-17.118762519375817,0.05430467401521402
8dd45e5ef147f23f,见野,4,-13.585785202895675,-0.03973775529820675
20b4fd75eccf1ea0,规则怪谈，欢迎来到甜蜜的家,3,8.065756947045244,0.023942236295008162
062de495f424641c,规则怪谈：从动物园怪谈开始,3,4.91632002300387,-0.0726603748306883
4b42d26174496e51,规则怪谈：从妈妈的纸条开始,4,-13.344952321444762,0.045973616410403984
c9451bce242a68e7,规则怪谈：从爸爸妈妈的纸条开始,0,-3.2939787817030393,-0.09452699858766808
89431ff18ad02ac5,规则怪谈：他们说我有多重人格,0,-8.734616579581264,-0.01887427110901188
f3717d6be11b6c73,规则怪谈：你们都给我变鸟,0,-5.473440541468555,0.10581303818341017
e86eaa3621721c0d,规则怪谈：偷听心声，诡异她馋我,0,-6.8281909087776285,-0.19231914509830347
eb8ecfe1ed678fa2,规则怪谈：可莉也想在怪谈里炸鱼,4,-13.978118579906251,0.071838450268601
6216184f24f25802,规则怪谈：妹妹不是亲生的,0,-8.025009957502185,-0.03478680044962537
7c7cb60e1d9d4567,规则怪谈：开局嘴硬说自己没死,0,-8.624857374174518,-0.04767479381674081
e4573de59b3053bf,规则怪谈：开局将小萝莉卖给邻居,4,-22.375862826949046,-0.03645129382565973
f19dc8081f5acd6f,规则怪谈：开局替室友照顾女友,7,11.46271112919333,-0.09094358626357776
79e2269cf886c5ba,规则怪谈：开局靠演技拿捏女怪谈,2,112.21574670688939,0.1031286515534241
5650741372c3ae19,规则怪谈：我一疯子你说我开挂？,4,-17.47610231168415,0.027560886961816966
ef5293a91b407a4a,规则怪谈：我即怪谈,3,6.841560255931348,-0.07656696353219775
b26a1eb4901a3762,规则怪谈：我听到了成神之路！,7,12.256865805345633,-0.03868943591037596
86f9bd176bfc7973,规则怪谈：我的家人不正常,7,19.119354219758293,-0.08054297789147
e5e90fe9e95a70ae,规则怪谈：我的第二人格是芙宁娜,4,-16.955139238210695,0.043038974425828075
6cb59197c20bd002,规则怪谈：我能回档不死,7,24.613900717580776,0.027830027961350617
a0cfeb55550d53aa,规则怪谈：我能看到隐藏提示,3,4.362610694026451,-0.03333015690395422
593fa534c4f05fee,规则怪谈：我能看见隐藏提示,1,43.54611803196596,-0.004599928342024939
49f2495920799131,规则怪谈：我，恐怖里的最终反派,3,3.909796060360854,-0.13732604756571512
43ec2d836227a82a,规则怪谈：摆烂人扭转国运,7,17.937310979256097,-0.13289442440561774
a8adb97cbb6e0815,规则怪谈：撒娇男人最好命,0,-11.705085987272724,-0.0647505749619969
dc150aca1edb7260,规则怪谈：看广告能得到格外奖励,0,-7.308800609342285,0.05121412840360959
404e0e8108a29af6,规则怪谈：芙宁娜把诡异玩坏了,4,-18.49011416796436,0.0928893832223614
3aca9aeb694088d0,规则怪谈：草神今天也想萌混过关,7,15.888519026904866,-0.06398447068236088
17242b45b0199a1d,规则怪谈：说我残暴又爱我如命,0,-6.989457278932861,-0.0011813794730734517
791585f2fe410a30,规则怪谈：这个寝室有亿点点恐怖,0,-3.7985853628971356,-0.049228449638721944
cd541140ebc6c9c8,规则怪谈：银狼可以随意篡改规则,7,10.482700048958925,-0.07351758958079666
2c3415a8e04f91f6,规则怪谈？别慌，诡异会保护我！,1,26.097312384659304,-0.17182187937530793
ae254d8b04e74012,视频通历史，我打造十大帝王金榜,0,-10.224331049237648,-0.08660479367922588
4b248807f3f933de,视频通历史：开局盘点唐宋八大家,0,-11.835897932998147,-0.2481124891860745
738ea5cdfd0916d8,觉醒白死神，捡到双人格魔裔少女,4,-13.123167503833226,0.10132232165873892
108fb2dd590ca425,解锁兽语：冲喜小可怜成百兽团宠,3,1.5883169681088276,0.006104622717170494
541ad080d0b5376c,警告！禁止黑化男主强制前男友,3,5.158937312839946,-0.15263531955302437
fad2db38f82fe137,警命之光,6,52.29128515973423,-0.05863856032963813
6affbd4279e5009c,警察叔叔快查他！他不像是演的！,4,-13.479266195491846,0.07752189716267066
a0c569ef09032bd0,让你上恋综，你带天后三蹦子狂飙,4,-18.02184430830078,-0.04722762404844591
864cdb74dbd5ac2f,让你做交易，你引领了时代,0,-8.252936023848676,-0.04956114062072772
2edb41ea8dc3f505,让你做卧底，没让你娶女帝当魔君,4,-15.384830033328267,0.06688156447004934
7826a013a60b92c5,让你写家园，你现场写流浪地球？,4,-15.30805413881275,0.3577859303415203
7abf5f042d4a0094,让你卧底，没让你勾搭大嫂！,4,-16.868106685150014,0.09110931683023438
0fcf0f2ba47896d3,让你去历练，你却去开枝散叶？,3,4.3615385914787765,0.03712538054839626
5e9c9b73a3adde96,让你去反扒，你顺手抓个通缉犯？,0,-10.810097819448018,0.024031862445765773
00d944dc27823de0,让你去心动6，你恋综只打高端局,7,10.156692987477705,-0.19449118948613134
f4527ed3505270fa,让你建设星球，没让你养异种族娘,4,-12.677417052379106,-0.041312112867642053
b3e45c5047a711c1,让你开维修店，你掀起机战风暴？,0,-2.9747264905169715,0.19450389410750554
87b8ce206fb393ee,让你当军师，你和女方军师好上了,4,-15.413491138669759,0.06799124979410248
88600c20b6f4aade,让你当昏君，你一统六大国了？,0,-7.490226150877575,-0.02166292849321666
d68f813f36dedc48,让你当面壁者：你反手投靠三体？,7,22.259332573182917,0.09294424071478255
f6ae93bf6b150a80,让你打造装备，这黑丝是什么鬼？,4,-15.4776235052292,0.053818981825316387
b0fa5bd7b191a1d5,让你捉妖，你跑去攻略兽耳娘？,0,-10.651368265607253,-0.134478766102382
2e0c36505e420454,让你捡破烂，你捡出来核弹？,4,-25.92724678757239,-0.06021372635620123
41245eac43711e63,让你模拟犯罪，你却制造完美现场,3,0.2939969542358938,0.21345989469884172
ed6be66995c4fe1c,让你照顾家人，你怎么还无敌了,0,-12.327747690674798,0.019478161217889978
57400b451a32f870,让你看一眼，没让你顿悟鸿蒙三千,4,-20.33894345228565,0.09687669196590397
44ff7cfad75c41c4,让你装鬼吓人，你把地狱搬来了？,3,-2.297565792411447,-0.0588743798095642
f71664a4c2996e38,让你讨伐深渊，你成了深渊之王？,0,-11.875469401172893,0.09267456915006125
72d0c1a7b41ce199,让你赐福你赐祸，美艳神明她来了,0,-12.290494962532097,-0.04260009945357132
d12cdcc841b70541,让你进去娱乐圈，你怎么炫富了？,3,-1.308888504329083,-0.03630748353692578
24fc45ebc95beecf,让哥哥抱抱,4,-18.41697472030228,-0.11223111901077373
e99787795640f023,记忆审判：妹妹举报我震惊世界,4,-16.687048663089,0.009037673130678353
36e6f29f5277281a,记忆审判：那一刻，全国为他痛哭,4,-16.49468582842723,0.013979972038303923
c5dbd079244da4b5,论文被曝光？我的科研震惊全世界！,6,61.3118870457329,0.05825190753583753
3e1ec498efd0fcb0,诗词曲赋常识十五讲,4,-14.96885575269847,-0.14538880669215212
fd75490a415f595b,诛神殿⠀,7,9.99144263270815,-0.11608285422965067
1ce9f06855c45fe8,诡异世界：穿越被病娇少女收养,0,-9.333344325156496,-0.10331243623310568
ddc5558ea2bc3597,诡异复苏：我老婆是女王大人,3,4.717537936105046,0.030015081428346357
08baf5e106273847,诡异复苏：我能化身大妖,3,1.1088716506635876,0.0017299887770261813
d9fe9a572f14a89c,诡异收容所，你收容我一个人类？,4,-16.21881397386146,0.016541940968370944
be58fdd28932b1ba,诡异游戏入侵，氪金十亿当鬼王,1,32.230003233306434,0.17477589023104206
d224854880c8aa1c,诡异直播：我的追随者全都重生了,6,79.71511800303959,0.07305942500236712
ef068e48054f3089,诡异直播：我能无限推演,4,-23.704355343064876,-0.007600107040260429
bf9a233c6684818e,诡异降临前，捡到一个怕鬼的阎王,0,-7.743567149545619,-0.0944140366358899
7ca29e53c9de76e3,诡异降临：开局拥有万亿冥币,3,2.5325964646440013,-0.07036601191359151
6351bd7dff805dda,诡异降临：我不死不灭,0,-6.066021496900653,-0.06776886493029657
baa68f67747690ad,诡异降神师：我的娃娃真能显灵,4,-17.621836757009188,0.039867538124065405
6ad9fba1197d25cb,诡异难杀？抱歉，我才是真正不死,3,8.991943227150799,-0.012206894083874514
3a74026e1527ebdd,诡异，开局锤爆八尺夫人,7,10.550630834762664,-0.154761111172753
65031f03006a31f4,诡异：半吊子侦探成了怪谈魔女,7,11.214459877853784,0.15806598140173142
1803e3886af095bb,诡异：卖萌？我是技术玩家！,7,17.24852463542873,-0.07908264290199493
e0dc4138f5b2cad4,诡秘：我一刀斩神,0,-9.112187789535326,-0.049792623695192634
38be1c03f9cdcb60,诡舍,4,-13.294338315125916,0.0646733015618714
25e677e31d53319d,诡谈之主,3,4.482247587239854,-0.15699342645526596
0e37c97a50244070,诡谈：邪神再就业,7,14.747872588339561,-0.05232621819808905
9275e2c17a179b26,诡道修仙：我能无限回档,0,-6.757199110539354,-0.035256530217495224
3bca9f6218407d37,诡道长生：我在诡异世界封神,3,-2.472739384299885,-0.010955483044944425
405a8de9c93d520c,语文知识大全集,3,-1.1471808139574833,-0.21408104674424114
02d04dea2113e787,误入恋综现场，竟被国民女神倒追,3,5.688819596680403,0.026090045207586676
1f633c96355e38f8,误入星神群，被阿哈拐走当令使,0,-6.085980741147893,0.25671187115482763
c22a205066289afd,误把女总裁拉进家人群，我人麻,4,-26.470887057224505,0.018914625684553737
ced271875a4dd8d7,误拉女总裁进家庭群，她演我！,4,-12.643572179203534,-0.18772975849202336
44fe34c3f445bac0,误标记了女主的反派小姑,4,-20.255143935664954,0.11984766616365916
40a1e00201056bbb,诱他入怀苏教授的小狼崽,4,-19.962510087936504,0.07376674719240225
b9ae6e620ebdc59d,诱吻小月亮,0,-8.8415033164598,-0.06807709988972613
b1cc9c125832c793,诱吻成瘾,4,-15.954250951191476,-0.11331293598848366
df2c587c93220ca9,诱吻野玫瑰，病娇大佬黏我上瘾,0,-9.888116452680329,-0.004202004740151033
69bc12fdcbfaf17e,诱她！吻她！把她揉在怀里宠哭了,7,11.832843571204151,-0.04798449080054598
a6961bc942b17c95,诱摘小青梅,3,3.624830754268494,-0.07023890064611407
7410ef3639f4abc2,说了多少次，别管我叫大哥！,3,0.5176316282477487,0.018397434992144357
1930fa6c5503ffb5,说好一起上大专，你跑去屠龙？,0,-10.85724073008965,0.05164873974311637
1ae5cb992be74865,说好考古，你九龙拉棺纹身曝光了,6,62.48538588621216,0.00033501787572104424
16ee67309629564c,说好诡异古神，怎么是个白毛萝莉,3,6.275279806466948,0.05549465513584137
d4814bba75d183ff,请叫我鬼差大人,0,-6.912385925654711,-0.10555799166499183
87685d9c0706ded6,诸天万界之不死阎王系统,0,-3.6782384437891196,0.0679079107815952
d008485786355b56,诸天万界之我不会修炼只会抢,7,22.96152666511948,-0.10534548766963034
eaa4252b134b7ae8,诸天万界从鬼灭之刃开始,1,27.304053625432857,-0.0702755503851781
c820acbfd388ba37,诸天万界无限融合系统,4,-18.484816207725544,0.002922113210560684
21e1c5848d91972e,诸天万界的祖国人,4,-15.101778697572382,0.20493977888978632
2b052ebaa6cbff07,诸天万界：一切从卡塞尔开始,7,17.02429443926256,0.08550188007432052
36d6c0924e34b664,诸天万界：从超神学院开始,0,-12.512796294374656,0.03002792797732612
5cb1c9879eb0793e,诸天修仙实录,0,-5.639007650971706,0.060253837034401875
76c9bfd968ccc7ef,诸天影视从四合院开始,4,-15.074766217573053,0.053978783653009704
6d37e40fa64f228f,诸天影视维度大穿越,3,2.9622406629427047,0.020696498654611067
6c7c4c74156e9da1,诸天打手公司，那年我双手插兜,4,-15.788403288570311,-0.025515052206213612
b52b28a22ffc5383,诸天无限之卡牌系统,4,-16.807152533702816,0.01528014538828898
1498163435b3c436,诸天末日游戏,3,0.830748536806361,-0.07342008894631111
f9206f8e1f78cc42,诸天礼包：从一拳超人开始,4,-24.524309591213722,-0.15959619883035078
6239dd308c034a55,诸天纪,1,25.36946866044582,-0.1338029194168843
df9e25293ab45f5a,诸天起源：寒芒灭世，众生劫,6,55.00165328232923,0.08893894657095044
4612a81d79131c8a,诸天雇佣兵，从四合院开始,0,-6.692771848958969,0.10229139893114259
415692edd2d57362,诸天：从成龙历险记开始,2,116.78234066619727,0.06039340139355556
6633be4eefdac0a8,诸天：从笑傲开始表白,1,37.93883530986473,0.07091603311071396
b499b6f2641bd526,诸天：从综武世界开始,0,-3.3396132651625763,0.12413730515889335
4c4c3b5174b202b8,诸天：我成了系统，还得高考？,4,-21.194028789755176,-0.02701571331615396
7bab20fb64d64cf4,诸天：我活着就能叠甲,7,12.911182394010979,0.0063262786261143455
28daa13e2d898d1e,诸天：我的学生，有亿点牛逼！,4,-25.355920088098284,0.0029427991969097067
f73fce80712c6f19,诸病缠身，我不治，你们哭什么,4,-13.47808678699855,-0.024199032004506488
37cc7b5b61f828e5,诸神游戏：碧蓝的守望者,3,4.3351054011034265,-0.0687516154427458
bd7fb4d851dd574d,读心纯欲娇妻，禁欲军官面红耳赤,4,-16.538366299726043,-0.13786032035004872
e6671c26ff0dd2b5,读心！这个王妃有点良心，但不多,0,-10.813842551511819,0.14915627066789205
b6a1324f5bb8c696,谁会喜欢态度恶劣的毒舌青梅啊,3,-0.7671987641150366,0.028402128704258317
a37eecd6c74aef6a,谁家好人怪谈里用桃木剑啊？,0,-8.392439189062216,0.09705796946966161
e27ccacb0851b1ee,谁懂啊！美国太适合魔修啦,1,40.33975076595165,0.18236800324847138
5aa4c25c5b6d1190,谁懂啊，美人老婆天天撩我,4,-19.189695546124323,-0.02110480803069026
c09969ecb3be37a0,谁懂啊，身为大师兄真的很难低调,0,-7.52496049652833,0.0578288907828087
94532f96de14a052,谁看到我的剑了,7,19.072410337037795,-0.09365149428695455
eb6ddec52b9db933,谁让他做游戏的！,4,-14.305788318802293,-0.06913611044895998
bc9f3768000e9130,谁让他当警察的？,3,0.19341111342218653,0.014876782423434876
4f334a98cbca4aeb,谁让他当鬼差的？,0,-3.4937198626862482,0.007321033341072897
44e1524fe229e78e,谁让你过分可爱,6,48.78639354356157,-0.030173768003561502
73ca9f0e03ff9408,调教末世：没有道德，我为所欲为,7,20.457323640283214,-0.12523808830618974
320a5b885f639983,谋士纵横,3,8.3508817908317,0.021355249008866706
15cef4af14597225,谍战小特务的逆袭,7,18.757109115926184,0.08237351629692144
0e66937a98d9f870,谢家的短命鬼长命百岁了,4,-19.67492795381253,0.11395866168558247
1c9d1ba859e88d46,谢邀，人在星穹铁道，刚下群星,4,-12.952875724763786,-0.07759428250163466
5dbc182548df769c,豪门后妈在娃综反向带娃爆红全网,4,-14.364013693875904,0.1293020924578146
891e5c1b2b6b76ae,豪门夫人马甲多,4,-17.684297965599974,-0.08515829388022159
5d981362bfccd651,豪门小后妈又又又搞事了！,4,-14.575004824996906,-0.07457092258882922
2347e3adb95bf495,豪门赘婿，仙王？我早就不当了,0,-12.060913401211444,-0.03433325461270606
3e02a10fac98fe9d,贩剑红衣身上穿，掌声送给整活人,4,-15.263724010071506,0.1259373836420397
c2645700c8be92e7,贴贴！病态美强A忠犬又乖，得哄,0,-7.450686030533582,-0.0034222197742926064
a6a453f5a5a7f46a,贴贴：养成的反派变成病娇了！,0,-9.759884122852938,-0.050285216324381626
06fe1aad1e644823,贵女重生：在摄政王怀里作威作福,0,-12.00539156235008,0.3385742806612896
7ec97606e9cc6e1f,贵妃清冷，圣上夜夜相思,1,30.15772689779753,0.20679306336061168
aad097dacfd9e580,资本论,1,29.351750301274933,-0.2897863928519544
9ecdc64dca5c58a6,赌气嫁给心上人的堂哥，我一胎生三宝,3,3.0636691831198775,0.02420432488787083
cedec6bcb94d69fd,赐福降祸，神明她有亿点灵,3,1.0856765536452713,-0.019252416893776214
63f2667e249f822f,赘入谭家名动天下,4,-18.331534716576815,0.09153801900348393
36f387c09d05a4e9,赛亚人的我在日常番净化七龙珠,0,-5.726057469382972,-0.0011769768893923338
a95bbd5990fab97a,赛博朋克之重生成为失业创伤小组,0,-10.470406793781876,0.18683451893118413
912a581bb2b6c6c7,赛尔号：圆梦从收服女神缪斯开始,4,-12.632742517490868,0.05496823626575356
39a6732dd102d10d,赛马娘之黑色刺客,3,7.9049760069035955,-0.028383996607188072
149d094269beac0d,赛马娘：漆黑战将,0,-9.383752990591908,0.07126081888714442
13903aa0bdfe7385,赶海：开局一把沙铲承包整个沙滩,0,-7.2478706423397625,0.08061886464648316
045e2d2d8ca34546,起底观心术,4,-22.973310506311154,0.32206928640366167
6215fc7363d5e10f,趁女帝还没觉醒，让她给我生孩子,3,-1.061396876945146,-0.13558303447685868
9ab85b4ebf25d126,趁女帝还没黑化，收养她当反派,0,-6.671440866293054,-0.015263804068902653
0bb8b9632665682c,趁李寒衣青涩，忽悠她做老婆,4,-12.997347143292277,0.08698393277399402
2e2958d0c12d4a78,趁校花青涩，哄回家做老婆,4,-14.03791279130212,0.043927242937730315
6142eb6d1a0fa386,趁青梅懵懂，忽悠她做老婆 作者：奋斗老九,4,-15.427381808427956,0.11699842220765141
d7a21f0a958fa047,超乖软,1,30.433437294982227,0.0315371930477682
3734a98366eb1829,超时空交易：我一瓶水换核聚变,6,71.9747242866204,0.13876896763626656
8e45047c08a654bb,超火！真千金靠败家爆红娱乐圈,4,-14.813211164710637,-0.21332636349656312
1aeaa3efc6159ff5,超甜宠爱！影帝主动撩上门要结婚,4,-15.924467828563362,0.020419440154070406
c8b69f440be03fc8,超甜狗粮：影后姐姐在我怀里撒娇,0,-9.517329089799432,-0.04487141046711271
09bd04398307c23b,超甜狗粮：绝美校花是我网恋女友,3,5.794500121494806,-0.011413271802853953
e0ce40edc5bba498,超甜：开局被绝美校花强撩！,3,1.6208920917820322,-0.08949717244694996
30925ade3dc795bd,超甜：绝美总裁姐姐对我图谋不轨,0,-5.3376479319228665,-0.010818506125635036
9fccac30aed46b77,超甜：青梅大小姐缠上我了！,0,-10.645081165746653,0.0784686575590419
c4461b76ff250c88,超神学院之天命所钟,3,4.443159035304866,-0.027708507170929375
3e74c483c01bfc2e,超神学院：开局虚空引擎参加高考,0,-11.091827700607816,-0.09154111033993281
685cb7cfae891bab,超神学院：我能召唤童年动画,7,18.51081458367242,-0.08006941702019413
4141eb3a697f1011,超神瞳术师！我靠双眼开天辟地,4,-20.256332666787742,0.13070394727085632
d29201e87db799c6,超神：奥瑞利安，铸星圣子！,4,-25.418971978322126,0.07054516265593577
8b80eab25812fa5f,超神：我妈说我是意外,3,-2.2620885971625526,-0.10835057871341078
801ff3c332dc0359,超神：赛亚人吃软饭不是很正常吗,4,-16.286216766861603,-0.015826858180959025
f66ab19523c58cce,超神：那家伙，又带回来一个女神,4,-13.441873228383717,0.03434890054347639
958ece6223603593,超级上门女婿,4,-20.158798218303115,0.17647197890410324
719ea9ea06fbc75a,超级兵王,3,0.6840335135119204,0.07960361809432942
59c6be7de19c2960,超级学霸：从低调控分开始！,0,-8.926485852746566,-0.023956721719367052
fe53cc54a91f7e64,超级黑客,1,26.279639305941274,-0.05242721047139279
46ae918bd8d99d84,超能：我有一面复刻镜,3,2.240907760617084,-0.0026101780708670808
248cc129958bce1b,超能：我的影子爱看喜灰！,0,-8.598803572365213,-0.13830232631321196
78a271c7e3aa49f5,越狱后，佣兵大小姐炸翻豪门,3,0.8304595946775137,-0.048535785902669465
8f5b6df4e474ea70,跟反派在一起后，我恃宠而娇,7,17.65611135607019,0.03075547625591768
287b39ce7342c39f,跟校花互换身体后，她缠上我了,0,-7.453678769384531,-0.020957162143255742
cc2d3276cd26bed7,跨越时间线：我财神缺钱很合理吧,4,-16.43307877769477,0.0080189735694072
4073541958172a68,路人甲拥有万人迷光环后,7,23.433920073240444,-0.0033901747487228295
cf4ab233aad37bf9,踏神墟,3,2.5382233274775317,0.021359164879813652
6663aec746e312ca,身为兵王的我，遇上了国民女神,0,-8.850045539279478,-0.04235706458740593
01447c380625a04d,身为天才，我居然是家里最弱的？,3,-1.4571997810482529,-0.003937325097522343
32b71265e217b014,身为女王蜂的我如何拒绝雄蜂,3,-1.3783145731701296,0.06469818092814561
cb4f7d48721501ae,身为最强魔法师，竟转生成萝莉？,3,7.060452070887656,-0.02847751123402048
d605da80777be519,身为精灵使的我拍卖下了小星云,0,-5.361831276226283,-0.0781156858358554
3bd0a7fd72fab189,身为龙族的我才不要拯救世界！,0,-6.436423020850114,0.04193243702800925
7120bf7543364fb6,身体互换：战神王爷替我宅斗,3,0.5382874870350562,0.09084611412542401
3b5aa678b268d98c,身患绝症，我成为魔法少女,4,-16.26992429723191,0.003738941875960633
d7cab153b1ee8156,身患胃癌惨死后，七个姐姐后悔了,3,0.19692702279041896,0.030174307333933614
855ccbeebfbb1766,身穿反派，只好将妹妹养成风傲天,3,-1.109069491282483,-0.1690844785320539
073cd7ed78a8bfdd,躲在幕后，给世界带去恐惧与信仰,3,-1.0307565051434011,-0.08212702596473401
5a7685b21d512ec7,躺平！在恐怖游戏里嘎嘎摆烂,0,-12.188603014416756,-0.046315576324277935
703dce2458ed43c7,转学到东京，然后遇见单翼的她,0,-3.475279488915966,0.12185603838884138
80f34ee4caeffe27,转学第一天就和同桌撞人设了怎么,7,16.960685951293847,-0.1106203487088063
c3938e69f8b2da1b,转生到二次元的意外人生,0,-3.3565491038044044,0.017210170725617008
babef95985c1ea0c,转生哥布林：开局扛走精灵牧师,4,-15.156474980930223,0.01695284151778559
117417a8e1573d7e,转生女帝：我家大师兄有仙帝之资,7,12.539349080400044,-0.09414000923318191
51c5393aa00b8be8,转生成为血族公主,4,-13.689977550050283,0.05567100942692729
32f0a63a6b211608,转生成僵尸的我只想被主角做掉,4,-14.905276554948792,0.13608207218207968
73e6525eba4e7a9c,转生成玛丽苏文完结后的替死公主,3,5.406476068771191,0.006108124275962135
fc90304487253bd8,转生成红龙的我戴上了火焰冠冕,7,15.62134892670769,-0.19378509538615915
3d6b86cb95da50d6,转生成金丝燕的我开始种田,3,3.656496564209064,0.04524242980654741
5c044c1b4cea7144,转生月球超算，堕落竟是我自己,0,-10.438227532251446,-0.01714282622815308
833a67068a236367,转生精灵孩子，但是哥布林巢穴,0,-11.505601910046689,0.15063755285597236
8ab2aea15bd6e82f,转生蜘蛛：化形诡秘女王,3,0.5151925527129819,-0.0004491067170342977
db1b05ddfda780e7,转生血姬在魔法世界也不会屈服,4,-15.08821900431682,0.09352773129355813
3e7a5733b4a406bf,转生血族小萝莉，但在哥布林巢穴,4,-19.52011090658427,-0.05430624127348496
fc9b225f58528792,转生面瘫萝莉法爷的异界旅行,7,19.606862995727603,-0.1520808371206129
0e6c60bff4fd13c7,转生骷髅与蜘蛛子一同进化升级,3,8.521052374412257,0.08217712951627781
ce5f75a90b3e1de7,转生：我的妹妹是血族,0,-6.321629221538977,-0.07495849388180728
caabc928a829efde,转职成概念神的我，一刀震惊全球,4,-17.304741144929412,0.059921915537504866
6286e4ff16af19f9,转职生活职业？我开局种下世界树,0,-5.577593785434608,-0.017932221266187626
a8f5d14a6b6a8c69,软糯小哭包，太子殿下拿命宠,3,3.924784113107279,0.12631794455738293
64d0a8a48d556b95,软萌小可爱和她的暴龙,1,30.333458826915304,-0.17373830642494312
e1edf5d998886349,软诱,0,-6.6901643640969155,-0.15046477878980966
b562a2e2f31cfa09,软酥腰，娇妾媚骨生香,3,0.5688873933401197,0.02073752912131399
fcd2bdd40291a73c,轻吻小月亮,0,-4.644309811687705,-0.022846058486947318
7af37537921e675c,轻吻花语,1,30.380006320142215,-0.28877654207234504
960cc6cd45ada416,辐射纪原,1,42.261372237855866,-0.025488394601092368
aca508f1131a62bd,迎娶小娇妻后，我奋发图强考科举,1,31.129770329366565,0.024244914736882922
90672273d3d8c727,迎娶植物人女主后，我被病娇盯上,7,16.33559089175081,0.019401748079747344
6a2eb1ecabe2d943,迎娶皇后，竟让我这假太监帮忙？,1,26.52223208172454,0.03564566806937139
1f607778249a8c80,还剩三个月命，请让我从容赴死,3,-0.40554061914715334,-0.002947029124269085
f9e88186bee4b2ec,还珠之知画重生,0,-11.237760681621502,0.1330771963943801
9d5e5b88a4f50cdd,还珠格格之十全十美家族,7,23.471803801832607,0.6074240259618235
98e47e4298291246,还珠格格之永燕同在,7,20.16586680326312,0.1827711801473636
2b5a5a3b13735e20,还珠格格之老佛爷重生,3,-2.1655123591652057,0.1799562203767726
b8e6332273697a98,还珠格格之萧国公主,4,-21.480466042236863,0.4437121328252648
0659fbc966eb21d6,还珠格格，天上人间之永燕情绵绵,4,-12.8203210144376,0.25418724712882523
7d86ea48919e081a,还珠永燕之天长地久,0,-11.962567792270487,0.24097339298744938
0e768fca1925cd97,还珠：这个格格有点良心，但不多,0,-6.290797260284705,-0.06112274125047931
9c5bcb7764dabd3d,还钱系统：学姐，你也不想成为老赖吧,3,5.715835125831809,0.0473040947879719
5060d4e2182b6620,这个世界绝对哪里有问题,7,16.583418248551602,-0.1014831665283881
f85e7c6937c34218,这个乐修有点狂，门派第一敷衍王,7,13.385534362468064,-0.14023445746215915
b8051082a77ecd1f,这个反派他摆烂了,4,-14.841836366619951,0.14260154053759672
a1403956469fd96c,这个国运有点诡,0,-11.929047494057993,0.10406201794439655
74fa4a52cee7d9c9,这个摇滚少女怎么有点可爱,4,-23.305974072688443,-0.07485768853275074
7ef786740b982d89,这个棋圣有点抽象,3,0.49507814637511416,-0.06735505272268724
eb43f59412fe14d7,这个江湖因我而变得奇怪,3,7.050457590527671,0.004024103660579453
82a732a4c7ff80ad,这个竹马有点甜,4,-13.486913537162266,0.12478216445246543
abc8dcc5ae7da214,这个系统好坏，跟我好搭配,0,-5.296680007663333,-0.03189190948075207
e8407033a9257252,这个辅助很正经,6,69.2646411430215,0.05941982414113059
0eb5ed59cdb1a0ae,这个首富，只想追他亲儿子的妈妈,4,-14.514117759466298,0.044896660707068936
177cbd9700f87e87,这个魔王明明超强却想过退休生活,4,-19.16610944159187,0.0004902020518351979
d6458cf4dd2aef25,这届主角不服管，老子不干了,4,-15.212351465331867,-0.08242814040762639
b6b56ddcf54cacb7,这年头，老婆都是自己送上门的,4,-16.341222823445495,0.21688199954803114
7a1dac9b0aa58e9f,这座山头的狼，被我承包了,3,6.030459964877892,0.11721482883718878
862a66136b0c026c,这本轻小说太厉害了,0,-6.630224509842719,-0.06771276978737026
5756a92087641b9c,这朵花妖有点萌,3,-2.357250649187911,-0.0018977751324849024
07d9e37715c4ff45,这海军能处，白胡子他真敢杀！,0,-8.702726685184622,-0.05835586731378692
6b3e03ada380459f,这绿茶女配我不当了,4,-18.04144002743607,0.05662596375576939
5940427f2f3f6d82,进击的巨人：雷电支配者,3,3.6133964934755696,0.14579225279745728
925a6cd9579618da,进击的羊妖,0,-7.682765631521711,-0.12570817335433157
a5516489dd97dfa5,进化，从开局变成骷髅开始,3,7.91086677809939,-0.1036191444025242
d5d03d2789cfe506,远古种田记,6,54.052669103861305,0.10628646053428258
2fac10a043cf2bab,远离团宠小师妹，炮灰只想救师姐,7,14.320645551131513,-0.05197182264937181
a48e5f0251d3eaaf,连子弹都扛不住的我只好吃软饭了,4,-15.586604269331666,0.2623816278295823
e9182ed8e5eec7a4,迪迦奥特曼：我是怪兽之王,7,17.33577694332285,-0.07616746292480561
4bffba6981280621,迷藏,0,-9.896664634600882,-0.15361711570692363
4359c2050c719e28,迷雾世界：开局成为仙级炼器师,0,-7.219545641080117,-0.014198290507051181
51e0942740fe7ce0,迷雾求生：我能看到提示,7,16.5456271856225,0.09188034697346328
d90b869c094c87bf,追什么女主？软饭不香吗,3,4.425988051175139,0.05765173898430315
d7a24d6a317053c9,追你时你高冷，我嫁人了你哭什么,0,-10.953560658121269,0.007081696028872292
0a2e35275cab96e8,追夫火葬场不成，她们变成了病娇,3,4.02016500277302,-0.07221654669537872
7a766dbb8ffb6542,退休后，被刀剑付丧神们日日娇宠,0,-9.415912870668592,0.032709417995091916
022d38485305b324,退婚后，司少追妻火葬场！,4,-13.113443849174903,0.15819709489739195
ed88b124a297a2cb,退婚成功后我抢了龙傲天的后宫,7,13.224552270757862,0.07387549273405714
eb76f993b64a35af,退役骑士：萝莉大小姐的私人管家,0,-3.6163905015063307,-0.06082249697607875
a84be6d4ad6367f9,送葬者：陆上最强雇佣军,1,27.42860978047264,0.0029188919442824646
c13185306ec8510b,逃不掉！欲撩相柳后他求我私奔,4,-12.845634654877301,0.018802406509902947
3e2bc615f8300bcc,逃荒种田，农门长姐养家忙,7,9.814829655110003,-0.038682184097885236
efc6f78cac5fc4af,逃荒路上：捡个狼夫君种田生崽,4,-18.914450597308512,0.1626262406515418
49296f144fd61df8,逆向二向箔将二次元老婆带到现实,0,-9.338663032408192,0.048302457032211005
0ce4158e0ac3bfeb,逆天神医_6770899345983147020,7,18.491828643972077,0.12432820059280868
00848323398ca157,逆天神医,7,18.491828643972077,0.12432820059280868
43b3e7c70c83763a,逆天萌兽：绝世妖女倾天下,0,-11.803365925045071,0.00904360014680547
49749bf66946652a,逆天邪神,0,-3.3674791496904675,0.5666333578733455
262ceb671665389a,逆天！凭什么你全都是神级机甲啊,0,-7.327574200160974,-0.0208088618395936
5531ac9cb249e73b,逆徒下山：祸害全世界,4,-14.611536101545862,0.06927899824058531
f223f6fc56f9e22c,逆徒女帝，天天暗示我师徒恋,4,-18.192737594630568,0.11873839876093642
7f00b324c416bd2c,逆徒如我，天天暗示女帝师徒恋,0,-9.452141839610356,0.0551955797510065
633f48a91d6d0473,逆徒红颜多：竟让高冷师尊黑化了,0,-5.013245024016811,0.038270792103371115
ea9eb3c848b8b4b1,逆袭！男团选秀小透明翻身变顶流,3,6.739149321376573,-0.1688770762650473
234f5a8c3578b3ef,逆转人生：这个村民太强了,4,-14.06405663683838,0.06630592970794211
7c753d531e34e612,选我当御史，李世民你哭什么,4,-20.024609682048503,0.18995578438788224
62efaf0e49e24b3e,透视不赌石，你又在乱看,3,1.4099205589901231,-0.011820278262351519
a762095823e55c2e,通幽小儒仙,0,-4.847113204083911,-0.05698685504261361
8e2ad277644cd411,逞娇,7,22.751527464946918,-0.10568309365361708
64959b86aee83d7f,造物主之我培植了怪兽文明,0,-7.894687671363691,-0.1817114116713214
e8fd9f30807072ce,逻辑学入门：清晰思考、理性生活的88个逻辑学常识,7,15.736110736615949,-0.07003990488495263
baef1552faac5acd,逼我退队后，她们追悔莫及,3,-0.752171736081948,-0.13580805259638926
16462c9d652b086b,道似无情,3,-1.4435062467451658,0.04871917096978756
6a0d5644291c63ed,道士和狗,7,9.354259850282595,-0.08058334831311606
869b58ae4c772a36,道德绑架？笑死，我根本没有好吗,4,-15.824599707582376,0.056940516998512436
5d71422476ac5389,道门太上：万鬼伏藏,3,9.232046709029163,-0.011712205605995618
beb4e3af65b6b06e,道门太上：血光之灾,3,6.285384128272192,-0.02713183050836518
6c3e7c5247a91fd0,道门驱邪人,3,8.978842148673984,-0.009662864585270298
a47ca42d82808e74,遮天里的多元聊天群,7,17.30970135249354,-0.14259995230000774
fc053fcf176aa93a,那些年，我们一起砍过的修仙者,0,-6.839779584522496,0.047054118247586846
6793c02480c2d68c,邪帝重生,3,-1.3023894458253196,0.0055156620210917995
2ac437be103956f3,邪恶进化：从蜘蛛开始毒杀万物,4,-12.630610336957886,-0.07370898046337884
938552b390bf3219,邪神大佬带我闯诸天,0,-7.380467389407258,-0.00299209121740307
cfbcd35d6bfeb57b,邪神驱逐计划,3,6.236053135987824,0.07388382017983597
060a5550b7c26896,郡主是个小娇矜，首辅日日哄,0,-7.545320733151797,-0.07617079555726705
c952b156966b9ff2,部落冲突之末世家园,6,50.638488142371216,-0.052279152651696886
acf73633000de153,部落冲突：我的兵种能无限进化,3,0.6679531923424094,-0.12857394213048054
f8801d61a1050631,都市之逆天修仙,7,14.362739300834278,0.11709435516808114
a94d0174154b4535,都市之逍遥仙帝,4,-14.87530124774316,0.10406242315901165
41c07b726347775c,都市反派：天命？我即是世界的天,4,-13.903241009370163,-0.06437558376163618
9ec2a365695b6508,都市精灵之外挂是幸运值爆表,3,-1.5619368828399232,-0.08909029264210136
2a7bb4b97ca8ddd8,都市精灵：开局海克斯天赋系统,7,10.514932909043715,-0.18639325291150152
76bc5ca2cf58f957,都市超级纨绔,4,-16.371092835108264,0.2579358320106574
9cfb24f93a231a87,都市：从入住爱情公寓开始,0,-4.654896397961842,0.004946786942239156
dfd6c491e45b6816,都市：从每日大礼包开始当首富,4,-15.732774995480032,-0.010564737586777367
1731873a6451cb92,都市：再不死我真就无敌了,4,-15.989244505807001,0.10260994017365209
dc2bc669dd54af87,都市：开局看到校花黑历史,4,-19.4313750403482,0.049695540084056994
780e4438998d401d,都市：开局穿越成反派神豪,0,-10.03708143778129,-0.0939242417155268
34986f33f6eb89cc,都市：开局签到SSSSS级天赋,0,-7.771573829875898,0.009081792946708328
9dde42034e839d2f,都市：开局解锁一个霸总姐姐,0,-5.725131049704153,-0.0374073185652182
9a7fa0d6c0d2d058,都市：我全家都是主角,0,-4.344492452790114,-0.06902066380018204
56f8904e5d86214f,都市：我每周一个新身份,0,-5.530445223315581,0.005628997694831023
fdddaa9069496369,都市：我竟成了反派富二代,3,-0.5532499270452149,-0.1637232939328568
e6c6733f824626ae,都市：我能一键修改人物关系,0,-6.341132669599361,0.05084842241234733
8159d00ba163899c,都市：重生的我成了顶级富二代！,3,5.140669362722079,-0.0013818695405450054
ff5eb9b38fffaf2d,都市：高冷校花喊我少爷,0,-9.352930717933944,-0.05370084647465076
f9f2a67eaba775d8,都快登神了，你告诉我大号解封？,0,-11.475089933288277,-0.02166798295425762
e04d8823bd2a6482,都成反派了我欺负一下樱花怎么了,0,-8.509248592683676,0.09392850173083556
2fd66b737b03cf9a,都成魔尊了，你才说我爹是仙帝？,4,-20.98630345807032,0.026840290767044722
9bca859bf65bc058,都要白月光？那我要宝藏小可怜,4,-14.413492167467947,0.12737933826882808
4f6d2789923766a9,鄙人独善作死,3,0.567939578240491,-0.10284823806052137
9112d1445478e57d,鄱阳湖君传,3,0.6426779580902888,0.11496183738382616
5610dcca2bafad30,酥酒盎然,3,0.5853229961694453,-0.1422922504379653
0632d5f5d73f3a80,酸枳,6,54.39298652298801,-0.025841016407732342
e6c8e8ebda7f8ff5,里格巴斯的种田狂人,0,-9.416816587153733,-0.08101971870410293
1213c2cb5f628fc8,重启1978,0,-7.624600803163403,0.14567457264672332
b6532c78061b38ee,重启九零人生路,6,68.5484910876458,0.35030381618233497
3619711f966141fe,重回上错花轿那天，我当场改嫁前夫他爹,3,4.6834716193011445,0.047311345003441446
f4ce7f96fc7f4cf5,重回末世前，嫁大佬后我躺平了,3,-0.1032191688074704,0.09542581990117047
77dbe498d831df88,重新来过：青梅同桌真是太可爱了,0,-9.576434361063363,-7.073019123823854e-05
f5e32bd91d002af8,重来一世，我被国外上流家庭收养,6,65.7479325557364,0.08136235163554714
dd3b7816ab977950,重生09：从大学开始的完美人生,1,36.693638800381294,0.09626979026154137
87e922124de8a625,重生1963，从逃离洞房开始,0,-5.148455942131996,0.047753451796038016
802fa7da62519851,重生1980，开局入赘顶级家族,0,-4.056341965206386,0.1576549622128836
3036cea2b1081320,重生1990：姐，我回来了,4,-13.551101087641474,0.0017788952222092258
e66a0d6799df9ce8,重生1991：开局迎娶绝美班长,4,-21.21383166360302,0.17709876799852078
01ed79d568cda792,重生1999：开局被清冷校花揍,4,-18.64816408573883,0.1151283037438347
9d6ebc8607f5053c,重生2000，青梅校花18岁,4,-16.735621558886123,0.14810052299030274
d19c9cd41b1268e8,重生2004年重新开始,4,-15.18790291684536,0.14906938823582225
7f4da6492025e26b,重生93：开局退婚迎娶白富美,3,-1.6694014866876117,0.11017110742184075
16926be5571a0f48,重生七零之小村长,0,-12.447900333833168,-0.05743674131430823
3d65811bb2a431f6,重生七零：哥哥带我们去海岛生活,1,38.8368135024337,-0.015448664553535052
c499104735759488,重生七零：我竟然对自己强取豪夺,3,4.315912649709659,-0.10481895483044304
4d5bd43e5f90cc85,重生为幽灵船船长：我能掠夺万物,0,-6.55276897097125,-0.09936311474233392
5445fb3fec542ceb,重生为蛇：开枝散叶，彻底疯狂,4,-12.736890838548248,0.11147129357062266
a069a41a52ccd558,重生之偏执太子来亲亲,3,3.2132219794338965,-0.055038982876455006
2477f4b832a7ab51,重生之富可敌国,4,-16.492506118568027,0.16038685742213346
871ca8ab547eda2f,重生之心动再临,0,-6.388621442943766,-0.007202140585227584
6f0c9f65c216a0c4,重生之我是世界天道,6,71.32606957142197,-0.05330888447842999
594d7d03a3e8fa2e,重生之我竟是霸总初恋的白月光,1,45.13179324236056,-0.06516314396053516
b6c8183328620023,重生之无双国医,0,-10.667862053756615,0.004023313941855372
dbef543e2d7cfb29,重生之病娇妹妹乖一点,0,-9.002558485967889,0.07671115308126505
eaa389d98fae8a38,重生之连击法师,3,5.472123343625562,-0.12066825582985821
3ae6cc6837b531b0,重生之都市仙尊,0,-4.363184525163071,-0.08618084925619099
685c57a6e2dfbe7e,重生之都市狂仙,7,23.95211487319078,-0.03056938448236815
ec8600a586549575,重生之霸道娇妻赖上我,0,-8.663493471002049,-0.14707790484179314
249a0067f1edfff6,重生了变身了还被兄弟看上了,0,-2.8951863848612547,-0.1186065037476344
fc0982e4a6c3ff71,重生五年后，影帝老公他又撩又甜,0,-10.266145574486671,-0.1291782073061721
a88188d9315a7b23,重生京圈太子爷，问鼎权财巅峰,0,-4.475937839780308,0.020502165686641594
a33df8a1aba86119,重生京都我被纯爱战神套路了,4,-13.828085879529667,0.07030994755877754
f2ea606e7680269a,重生六零：林晚晚养娃日常,3,5.962700127265165,0.1228491195976277
c4340d4091abe4f1,重生兽人部落：我是福瑞控,0,-4.247475640531263,-0.09420181188142715
b0d7e89dc5bf5b7f,重生到提瓦特，成为剑之魔神,4,-16.103228273170608,0.13901198744569676
fc809d56061978a5,重生反派恶少，岳父竟下山归来,0,-12.259585956682898,-0.038065190277814936
bd347cb29bb3430d,重生变女，我外号阎萝王,1,38.91596319408468,0.21892921117208958
b2ab6ae0b19caeee,重生后一把抱住那气红了眼的男孩,7,12.29273879301406,-0.11855711260998322
85caca0d76df3253,重生后偏执少爷总对我恋恋不忘,3,0.37651307411152146,-0.039623017029325275
090407740e584446,重生后偏执王爷他变乖了,0,-12.448190808184673,-0.04326993611184024
81ac1327455da1e6,重生后发现老婆是病娇,0,-4.3219230339711245,-0.07473800188600868
6f7130b4c1d22910,重生后娇养王爷，让前夫火葬场,0,-7.659187454925409,0.03802446296739312
6c4e9af59f20d7e3,重生后影帝的白月光黑化了,4,-14.850744690966781,0.03096031876956845
b5744dbe3db4b01d,重生后我在男团选秀综艺爆火了,0,-9.374609544634893,-0.16920593386104768
647dbd7fdc790727,重生后我成了妻管严,3,-1.5547361934840964,-0.08677498157799404
4e3cf731650b4e03,重生后抱紧恋爱脑男友,6,48.387347919642195,0.14600880558572182
68a52e4b80de1266,重生后抱紧病娇老公,4,-14.105120533902909,0.2017133818011312
a7ad14843da5225e,重生后，冷冰冰的大佬要把命给我,0,-8.590778851872543,0.028574811093267483
a14fab319baa351c,重生后，大师姐她凭亿近人,0,-7.731244935124209,-0.04441968917505848
4786b07f8f92f14c,重生后，女神辅导员要给我生孩子,3,4.637803135068296,0.11634161397632373
72beb1eef84cd933,重生后，娇妻甜如蜜,4,-18.89565081030878,0.1603281713999024
4a415c62773a9edb,重生后，总裁前夫跪穿键盘,4,-18.815389458857688,0.10577251241376905
3eaa933a9bab28e4,重生后，我在幼儿园忽悠青梅竹马,0,-9.374036481500688,0.030161778956003304
b534e909820cb6fb,重生后，我把病娇杀手宠哭了,7,14.902061281325956,-0.10220285022102762
c1a243611b66c769,重生后，我的女友是双胞胎！,4,-14.961945820455636,-0.04422353596890802
8b36c5497c79e5eb,重生后，我紧抱亲爹死对头大腿,4,-20.585892578555832,0.07212956019112546
c49aca625da8bbb3,重生后，我身许华夏，国士无双！,3,-0.5751277776112502,0.08671924466484884
690e41492183821c,重生后，禁欲总裁的小撩精甜疯了,0,-4.151592559582163,-0.023653308323755173
f8adb2b155fc1597,重生后，首辅的貌美前妻逃不掉了,0,-7.360902234722474,0.05362885916294016
e0471871bac80713,重生团宠：影帝夫人又穷又凶,4,-16.79769285400465,0.03852322409205314
c4cacec231f1e15f,重生在你的心上印个章,0,-10.15921421786306,0.014495343281624246
df04e8c854df1572,重生大佬，她又撩又甜,0,-4.031900769137003,-0.07047927192814182
ab5aa18d18f57558,重生大小姐，不想当灵歌少女,0,-3.5831427940131917,-0.026371222229629954
ba14cdecb49d89e6,重生天灾：囤货求活不好惹,1,31.827190906593856,-0.07392280290623623
2337325b0514f72f,重生娇软哭包！偏执大佬宠妻成瘾,3,1.2100496942450647,0.09855036828408574
09db1f0802fb18df,重生嫁给前夫他兄长，让他火葬场,3,-1.626651615392852,0.052507608632858443
3daab412a09945da,重生嫡女在将军怀里恃宠而骄,0,-4.5661310034434734,0.05486538858109469
2c6b351d4b3f202f,重生小祖宗她又帅又撩,4,-15.288285136179741,-0.12518459369086546
d137416f11c393a5,重生巨蟒：我从游戏杀到现实来了,0,-9.466875032633602,-0.15205896222316137
3b712154fe4ae0a7,重生开挂的末世生活,4,-17.259553743624295,0.19295301353912442
3744879aa81201e6,重生开无双,4,-17.89487334072834,0.3419773913225286
32321ff2e43d0611,重生成为卫星,3,8.081726178762743,0.007532643544098161
395af3a208b0d24c,重生成偏执墨少的乖软小仙女,4,-13.226728166814635,0.06669543942759296
9ad03ccbaec541b9,重生成猫，捕猎就会变强！,6,64.62469903603642,0.0025472827966801226
373739bcd4881df3,重生成矿奴，从模拟器开始变强,3,-2.1858032573077395,-0.209974471199649
4da789253487aee0,重生成粉毛少女，我要狠狠贴贴,0,-11.941540938333969,-0.0035227158587659846
90d0f280576f770d,重生成黄大仙，开局向校花讨封,0,-10.377305580616849,-0.0694682791314419
dc8cd3a7db4accc7,重生成龟，硬不死你,7,20.553444947982513,-0.046667927652321056
48226d4717c3d01d,重生成龟：开局被孙大圣捡到,0,-9.447394519709839,-0.011396565653969959
21b3128374dbac21,重生拒绝扶弟魔，被前妻妹妹倒追,0,-3.733141569049053,0.08903761420989201
f108babc64bf327d,重生拒绝舔青梅，捡到社恐小富婆,4,-20.399640036560776,0.01198124224461633
5c87f0ef998f98e8,重生挽救白月光后，狂赚三万亿！,4,-16.92095662067723,-0.04004094865200428
dcf721adcf290389,重生撩宠：霸总竟然是个恋爱脑！,3,7.01291000353099,-0.07878560278484589
bb180f1d7930b750,重生新婚夜，被偏执大佬亲疯了,7,10.178558956168835,0.015466732543319484
c554270783a16a65,重生港岛财阀，开局做空鹰酱,3,2.355629778921113,0.0518464869968015
da37d129f3fb9d67,重生溺宠！顾总又旷班回家粘乖宝,0,-11.114445443518846,-0.09046757698209615
145360fc0500ee5e,重生灵气复苏前，投资未来女帝！,7,15.119379266438756,0.03794224443539959
4e81ded42b2a2f7f,重生狼王，开局去马路整点蛋黄派,4,-23.01068539225942,-0.008668998807911749
720d3a50f987a4f2,重生癌细胞，带领宿主血肉飞升,0,-2.653166262627238,-0.08363462211211417
4be4bcb5136eb857,重生的青梅，总想忽悠我做她老公,0,-10.530913071993687,0.1091064091873715
735be243b266b7c4,重生相柳：说好了，你是我的人,4,-15.720185148600269,0.06612842157516055
03d6cd1937a86431,重生破案：我的眼睛能锁定凶手,7,10.87386459662411,0.16332300731841454
895dd10b28ac2582,重生窃取天道传承，道法杀穿末世,0,-7.846104685549015,-0.05642205605002534
4685d7d37495f046,重生网吧老板，躺平享受生活！,1,38.540700861120854,-0.02338232706650492
405fd3bf3b1e1c3c,重生蜜恋：病娇大佬怀里的心尖宠,3,5.135415889565088,-0.022386675927641403
f4e93ad3b8ed7ed0,重生赘婿：给病弱美人总裁冲喜后,4,-17.52808738772943,0.14966700592287585
3e80752907cf2463,重生超神，开局和基兰做邻居,0,-9.902204764408374,0.22350666077417633
0ea03a03986731d3,重生逆袭：大小姐画风不对,4,-15.209316722812158,0.010838917779501661
14ad75dbb2895744,重生青雀！我就要和太卜贴贴！,3,-1.457334460065617,0.19182405370791777
6a694b4f9bf27977,重生青雀，想和太卜贴贴很正常吧,0,-5.007857865116414,-0.09474775843569402
508a27128a00e13a,重生魔修，开局捡到一颗丧尸星球,0,-6.698845278624333,-0.02239633116007017
1b29aac77ba3056a,重生，国民妹妹是我妹！！！,4,-14.081435692041513,0.031076833819618704
4bffe006fac3c42d,重生，她带着九个哥哥霸服末世,0,-9.749242930689896,0.01157476958112158
a64317a1f8d1556c,重生，娇养小玫瑰,3,1.0839931032872556,-0.06807454389453718
be6b7be7577f09a7,重生，我的女友是病娇,0,-2.6469285945736587,-0.08179455945370392
7db5c759ef9c40a4,重生，病娇总裁哭求乖宝疼疼他,4,-20.955550721368194,0.1350690411553373
5283dd62cc24a887,重生，穿越万界寻美记,1,25.217806855648547,-0.1015183311140728
c09fc8951f8b65ab,重生，被宿敌女帝堵复活点包养,3,1.9377290777389788,-0.06812328365935141
d47d10bcf3f5e684,重生：偏执师尊被我撩黑化了,3,1.6212509817308032,0.049727931798018044
233997f2cf135296,重生：变为少女后老婆竟然哭了？,4,-23.321410798781187,0.1467440716530533
8cd7b11351f72d60,重生：学霸和软萌校花的完美人生,4,-19.273175177939315,-0.027069522461892787
88d5b37fd7741c87,重生：官运亨通,3,0.25387665304884877,0.2500568777157026
3c9f0c414d227025,重生：异界便利店开局真空营业？,4,-22.590568214342152,0.10693081794590349
ca4104938a37a013,重生：影后姐姐是无良女生贼凶了,3,3.709540773145619,-0.10481188240856829
42c15907b4e34660,重生：我和超甜美校花当同桌,3,0.44015745161460984,-0.054153951677082174
cfd7423da1aca1dc,重生：我成为了光明女神,0,-7.00997947677903,0.03099157898577215
27a870a5b954cdea,重生：我的女友是个偏执狂,7,17.313374928350846,-0.14929968339777097
5a946d6e3d0f3b4b,重生：我的绝美校花同桌太甜了！,4,-17.659372809911083,-0.022493754883141398
4c826b0c52a68c9f,重生：我的青梅女友萌萌哒,3,4.181034006019097,0.02218248292802233
7baaa1653d9dbe0f,重生：我的青梅竹马太甜了！,4,-15.216876567122139,0.004194513513233772
60e3333734e83bf1,重生：我的高冷校花女友太甜了,4,-18.416630168632206,0.036111337425862616
ec3bc98fef917a5d,重生：拒绝当舔狗，女神校花急了,3,1.6670408899392157,-0.0709220512285316
95df96f6e494b191,重生：拯救那个偏执的自闭小疯子,7,9.724219213551379,-0.09471152516661727
f8b91326000ff459,重生：是你先惹我，事后干嘛还要,0,-8.872439178451756,-0.03139449071697589
ea7bce45418f3983,重生：校花倒追，我才华瞒不住了,4,-14.236499243595901,0.06867007974423747
bdf40cb4a2b39abe,重生：校花对我好，你哭什么,7,11.59043141671097,-0.023009207989329233
afe2a7abdd26db2c,重生：病娇姐姐与我合租,7,9.915610018804323,0.07132881699453683
8fe3f4ac4c3f777d,重生：绝美校花竟是我的同桌！,4,-16.59759221906574,-0.07617207800310419
b4311483affb281f,重返13岁，渣爹干妈颤抖吧,0,-9.035382438956248,-0.02550003724794364
1232d5444d5a275a,重返1985：从卖喇叭裤开始致富,0,-10.589698206791681,0.20023158400701535
fc6e73fcd5188c29,重返十九岁，女神你怎么不骄傲了,0,-2.51914834705412,-0.012589540360752383
5cdcba0586185585,重逢灿烂的你,7,11.910945524124223,-0.035073501360753295
365496dece9e733b,野性攻略！直播撩狼崽超酷的好吗,0,-7.332007104628829,-0.16245772831233382
d644d0482e2ec060,野玫瑰与纯百合,0,-4.71618484576404,-0.007706067241883524
968c56be94166028,金丝雀骨柔人娇，偏执总裁沦陷了,3,8.332991537249313,-0.04175550820408616
d68d0cae57f6ae0c,金牌县令,4,-16.350299983497344,0.007157493146244948
a5666f50ab588776,金牌县令爷,0,-12.496127336900479,0.08716170091842879
dd291688f706313d,金瓶梅,4,-17.384533806076586,0.25623691484191247
dd17ec43294cbd40,金鳞凶猛,0,-10.707829759375599,0.13222059674196568
74e77c7fb82f875d,銹剑,0,-4.363039827624156,0.10388506205892958
dfc2eded663974df,针灸推拿学,1,36.42305161136096,-0.10509718153788347
21f0041b44d161a2,钓系反派不高兴，宿主哄哄又亲亲,0,-11.454224070001214,0.02617847254193731
f8f5013f4c465bc7,钓系宿主摆烂后疯批对我撩宠诱哄,3,0.37708826099646586,-0.09210214014485194
f20904f84eb9b492,钓系总裁他被男大学生妻管严了,3,5.136203962575358,-0.09493447548390563
5bde6bf853713247,钓系美人穿成女配，他们抢着宠我,0,-5.212625072250539,-0.08826810023672368
c4ea54bcd780587d,铠甲勇士：我为黑犀,0,-10.98180537119525,-0.06671443763151783
30c535e5f6a7b5af,铠甲：从鳄鱼兽开始化龙！,0,-4.33210799877773,-0.08949852270672862
594a97727a91c675,铠甲：开局系统内卷，我渔翁得利,0,-8.995507586455943,0.09304326860039636
1dcaae9671409b14,铠甲：我暗黑帝皇！未婚妻是敏慈,4,-14.045877714400195,-0.07431410314719841
14cae2ffd0d3162d,铠降临卡塞尔,7,23.4290624581959,-0.008170840854932027
af275f0d1db1b3b8,锁春宵：禁欲权臣破戒后宠妻无度,4,-12.945006241078726,0.07464909860246244
247712f37653ce14,错虐白月光后，傅总炸翻火葬场,4,-18.332174600348942,0.10588681166628533
bf2ac18257bdc1bc,锦绣盛唐：我的父亲是李世民,3,2.1310468456379326,-0.036531738842945055
4f4e69859f327a6a,锦衣卫当差，开局签到风神腿,0,-5.4265285582444776,0.03755215210124338
31132395011d9a6d,锦鲤小福宝：九个哥哥宠上天,3,0.5366355332435333,-0.03775347468375581
0af77abbf031d79e,镇国驸马爷,4,-20.29097124755219,0.2733370700611039
13d3184bd8cc284e,镇守藏经阁百年，投资天命反派,1,37.852442064290585,-0.10534481579940161
5785d1d7ff72ce54,镇守边疆二十年，女帝奉子逼婚,4,-16.101976507084924,-0.01842968943011694
97261559950e728b,镇宗白虎：我的子嗣遍布诸天！,0,-9.34490835161845,-0.07318827161846117
72c4e5c54e84538f,长公主家的哭包小驸马！,3,2.5758615338959316,-0.1545911858468401
a39d8a418d0a4b7f,长公主重生后，首辅大人坐不住了,4,-16.45004458314137,0.020092588744590162
12c04fd308503764,长夜终临，上课睡觉被女神选中,0,-3.4989131488236396,0.0742794545280808
129813a5e94de7dd,长安的荔枝,4,-15.660471020449993,-0.06946992525724169
a3136ea91e2664b6,长得太美，被宿管阿姨误当成女生,4,-19.932148465230267,0.007690014134991652
608b06495a51b84c,长生万古，我的修为无上限,0,-10.75582515216005,-0.08543938032428641
93ffc617cc49e093,长生万古：苟在天牢做狱卒,0,-3.513389821172609,-0.029129898731093173
72d7dca3d9b14b27,长生万年，我的凡妻成仙尊了？,4,-18.496975949813326,0.0051698324771908
5c4a1f1386e479ec,长生万年，被曾孙女直播曝光了,0,-11.302714143957967,-0.01062102025391401
351d64cac4a7eb87,长生剑，红尘仙,0,-11.150229097923997,0.10908446935257934
9467f7e5f55df022,长生大秦：我乃始皇仲父,3,3.346130517107575,-0.08046492850941958
95b65abe6eabadd9,长生小老头，开局挖人坟,0,-11.109512196104951,0.08681662459746933
7f6887ba6501d0d9,长生苟道：开局吹唢呐，送葬修仙,0,-10.490797808238433,-0.05546755097237263
2d748db3d41b0e64,长生送葬：敲木鱼能继承亡者遗物,7,20.27853858737759,-0.05331754932249175
b5459a068cee43d3,长生，锈剑，览千秋,4,-19.427957501033063,0.023024267012989597
2b4c39a53de81113,长生：不苟到无敌，绝不出山,7,21.55774228441149,-0.08356719453156439
d1e65f4f1d2a1aad,长生：从下山娶妻开始,0,-11.036627650702037,0.054546632124498284
1570bd4988ba3547,长生：从红尘独行，到万古长青,0,-10.09047080009416,0.05785512713772631
a1c100f113027306,长生：以武入道熬死修仙者,1,24.93642189580777,-0.06065346585649414
28d2056577093292,长生：千秋万载从对牛弹琴开始,3,-2.4043640532047945,0.016833991922091146
94baca7ef260c34f,长生：开局与嫂嫂相依为命,7,13.113504864003147,-0.03165558224625045
c5be17df1a0a41c4,长生：开局师父托付师母,7,20.900691840924807,0.02804394017705497
3a9c704c926ef842,长生：我在掖幽庭风华日月,0,-10.235837127065267,0.08171418053588039
285da39a637be217,长相守之夭柳,0,-8.056518029042742,0.010979460825842752
ecd741439fcdaf8f,长相思【夭柳】相思入骨不负深情,7,9.679275471897121,-0.10851103165362894
b629ab1b082b5e39,长相思之再续相柳情,0,-3.433389743985046,-0.08545080046713396
a01a9c62a486221f,长相思之夭柳不离不弃,4,-16.009945605756176,0.13992050891290822
41a1f82900f9a3aa,长相思之夭柳续缘篇,3,0.31824367303347145,0.08228700802360037
d9886a8670afc6d0,长相思之时光溯洄终得君心,7,10.006110159438485,-0.11032060735220409
c8bb05e7d8052265,长相思之独爱相柳,0,-11.904104766695959,0.11408332859475538
0a6cc96bdeb4bc2a,长相思之玖瑶女帝,4,-13.7401959400454,0.24303071930322123
da0dfed3cbe010d5,长相思之相柳续,4,-14.190899602686475,0.17259241273840303
c94337aa622f0b46,长相思之重生回到清水镇,3,7.5850903277604615,-0.04328877387786481
c280164298f55210,长相思九头妖独宠纹小六,0,-12.518566993526907,0.18068704751488956
f74d229fc03e491c,长相思二：长相守,0,-4.695538700865548,0.028223680690335318
38a05ca079299966,长相思夭柳续写之欢情浓,7,10.215614054706812,-0.003132093730384866
93707a813559fa1d,长相思夭柳：缘何世间有悲欢,3,8.495157079503798,-0.0627255639944517
41ff6cdd0849de03,长相思相柳，重生一世只为你而来,0,-10.855612496157448,0.08042529761224937
c00b0f107f83f1c4,长矛老师,4,-17.047400024152356,-0.11264757087666924
46fda47597f8bb9b,闪婚后，乖软甜妻被傅总掐腰宠,0,-5.70296403528458,-0.07134562161527588
c8df6679e725625a,闪婚禁欲老公竟是疯批又宠又撩,7,23.231654390323243,-0.021200965464058447
1c58783a69fd9283,闭关十年，开局逼婚妖族女帝,4,-15.794477183849136,-0.1412398987957614
8aea0ba20359a139,闭棺百年：我被过气男星挖出来了,7,13.44871990967669,0.047790805378891243
dc7f3e2855e6d371,闺蜜系统：校花闺蜜也是我的闺蜜,4,-22.196498581273346,-0.3697948706444696
04ece7d59d227f3c,闻神每天都想公开恋情,0,-11.653433269906387,-0.06248370850997051
a3ff9fed744ec520,队长，你行不行啊,0,-4.104832364616968,-0.006549979846732612
fb3accaa7e3d4451,阳间借命人,4,-18.25757697100148,0.20790953788257335
e7cd37af4c30f345,阴沉万人嫌被读心后,3,6.181412906449388,-0.09602022521351997
ee8023a06b923537,阴间神探,3,7.712270355092862,0.1306646525044437
3d899774136a685a,阴阳典当铺,1,29.389505181304372,0.1264385671055042
d3764f3cdd31f9a1,阴鸷反派少年在我面前装乖卖惨求亲亲,0,-6.3822429939258,-0.1082899472292824
8f98d619eeb6b4ff,陆医生，你老婆是电竞大佬！,0,-8.652780182296695,-0.07675232350619768
cf70e3a370656c1b,陆总，你老婆是狐狸精,4,-18.20828572118064,0.05172126892175938
edfc264d90c22897,陈的王,3,4.76569689900721,-0.10393934718002792
d2c9ad7ed4c9ad3f,降临地球：开局我就有几亿个满级帐号,7,11.054624052073272,0.08973367946579416
ef29ffcc4cc52333,陛下要造反？快去请国师大人！,3,5.592171438174212,-0.15111633772972852
39d6baf6491f8b16,陛下，皇后娘娘又要黑化啦！,7,19.0973237114329,0.08555924737556322
0a18de4d0bcfb871,隋唐：开局大雪龙骑，诛杀高丽王,4,-13.759221355567217,-0.06512917508837593
b91e9dba50e90a31,隋唐：我老婆是长孙无垢,3,7.16901622825506,-0.01518164517339754
69ad2386fdda6c31,隐世魔尊，女帝带娃上门求负责,4,-16.240005692223992,-0.12633872667996002
cf427abe8bdf1616,隐藏在霍格沃茨当教授,3,-0.5945636222086321,0.05094809294896757
9772706120930aa8,隐藏职业造物师？举国助我造神装,3,7.332982494053397,-0.12144768142123366
1bb0a74b108a141d,难哄！病娇老公一听离婚又哭又闹,3,-0.20634482708116053,-0.007998969858684729
0aafb19f364faee0,难藏夏日,4,-14.382491978611302,-0.09065935118884641
5f66394b63966f76,雪之下家的吐槽少爷,7,16.900659134168194,-0.010738247892190106
a5511eb078ba335e,雪之下雪乃是我的青梅竹马,4,-16.75655911949118,0.05204454430208574
9f30512f95d9ed5f,零度暧昧,3,3.136232685182648,0.0979226193737938
7dd95b5104c4cd93,雾缠云绕,4,-19.09991920341177,0.09072857526275793
9a0b551dc405fb6a,震惊！宿主是只偷粮鼠,4,-14.94363057468297,-0.022778976217512792
7f6e278d3af66a33,震惊！开局一片地，暴击出奇迹,4,-15.61774819207196,0.01109748341334546
0e541b70bdb41f48,震惊！我的发明都有万倍增幅！,3,-0.01720731233970696,-0.10874497339161973
3cdac4fe8783ba3d,震惊！我的网恋对象竟然是校花！,4,-19.107128343747558,0.09151111869284748
923842b9afb9f8a7,震惊！我的老婆是条龙,4,-17.09208128210752,0.0402650180908915
45b581d093b6359d,震惊！洞房夜丑妻变绝美女帝,6,54.31094392233625,0.14828501582497844
50a9455a47bc4e00,震惊！这个学生太妖孽！,3,-1.6649719908790388,0.012386901468238093
343b7fd8d36571ba,震惊！这名玩家胆敢亲吻女帝,3,2.986078178570253,-0.10948239366179477
5ad4932b2bb15d80,震惊！高冷学姐怎么那么可爱！,0,-8.79287761848478,0.07886067122832657
c6dea4debdff237c,震惊，女帝套路我师徒恋,4,-15.413433541750575,0.09895909441387049
90eb8602e81bc61f,震惊，我的徒弟竟是女帝重生？,3,-2.3220362258114164,-0.06373716906878638
ca3794ca7157b8d3,震惊，我的邻居是王者男团,0,-8.493339414190487,0.009280540516748814
d5296840267c9ac4,震惊，死对头居然喜欢我,3,1.6380815455319748,-0.02987370485697169
e5e6d5f7cb2e4a84,震惊，网恋对象竟然是女总裁！,4,-16.353970203995917,-0.12344747175631424
7c129a05e08dbc5d,震惊：开局情书错送给了女帝,3,-1.369836828211767,-0.05331437112300216
d7975e3c9f55fe6f,震惊：我哥是死神,0,-6.29015871367838,-0.07820633383238021
0df64e80c9573a32,震惊：美女师尊竟然是冲徒逆师,4,-15.539170875874781,0.161838686460306
08ec3958f5dc6413,震惊：美女徒弟们竟是冲师逆徒,4,-16.641160829091113,0.26013326607394593
7c3f45955e8486d1,霍格沃兹：居然只有我是修仙者,7,18.397405618025346,0.18342348339070957
0fb5a509669d69a0,霍格沃茨的库洛魔法使,0,-9.506446261808684,0.0486312631221269
26d5d6677766f86b,霍格沃茨，开局就被啃大瓜,3,2.8322562556132596,0.034870511694969825
f619b4efb61a625c,霍格沃茨：我只是来畅玩魔法的耶,3,7.079202655111416,-0.07571220364606215
e96264eda32115f6,霍格沃茨：我才不会成为黑魔王,4,-13.463953114005747,0.0801387135553136
33ea7c39ca1c4ef2,霸道姐姐的社恐弟弟,7,17.908014634819267,-0.1463196531872967
84ac70c680b03fc3,青丘狐妻,7,18.434479571517514,0.0390047742063154
faefecfa6fd09407,青山似玉,0,-12.03073303537192,-0.025147912836367525
9c4477faa1ff05a5,青梅失忆后成了少年将军掌中娇,1,28.717953307902235,-0.1225970652268927
af61107a9121e9f4,青梅校花你别哭，哥的深情你不配,7,17.63430550736355,0.025790747175964773
3702baef1479008c,青梅重生！但好像是病娇？,0,-8.191912780663692,-0.028319622367201425
520fb0d8596ddbe2,青楼女子要从良，侯爷首辅请靠边,1,31.325966663998855,-0.10766306094882314
86174741d1305fe7,非主流门将,4,-19.41377180238239,0.026116805686888317
60caa6c2918c53d0,非主角系幻想攻略,0,-12.239234018586632,0.015124777453946692
2c1ab1194d797ad6,非理性热恋,3,-0.19697120590385708,-0.06526550723166571
251f45aeb7c6bb2a,韩信：越强大的人，越懂得忍耐,7,10.455785338250429,0.11646442187575362
8a2e00e7f0cd1040,顶不住！美强惨恋爱脑跪求我亲亲,0,-8.14764183159604,0.16317956157205155
a2893110a052c783,顶不住！黑化反派他持美撩人,6,73.99747118315477,0.015203629059449969
bcc5a28e1aaef4c4,顶流女王强势宠：反派影帝受不住,7,23.442388048725576,-0.08111992666345472
48a0168f1743ec2e,顶流女王怀里的病娇莫少脸又红了,4,-18.558243608493992,0.0938832917265448
a347c79829d648db,顶流巨星,4,-18.323241280659133,0.09145972689102086
460b9a64814eda11,顶流影帝的小奶猫甜坏了,7,11.605024273181492,-0.06751906471779598
a1a79a3f87512f97,顶流男神当红不让,3,5.263057214252747,0.6460290487709988
71c01761e79b8603,顶流：从一首歌开始创立娱乐皇朝,4,-13.719124659106608,0.14310185576963885
602e892e7e10be01,顶级Alpha的替嫁O甜欲撩人,1,34.4218312940864,-0.1290744363323407
566b5d7e022e3d0a,顶级A和他的专属Enigma,0,-9.818235311051957,-0.03814595494052045
7712d92121a701ca,顶级E的Alpha又娇又野,0,-8.38869245219913,-0.08187879565123132
fcd68c5a5b13284d,顶级渣男魂穿舔狗，女神被杀疯了,4,-19.49924659495113,-0.013156549639995546
242aced7170764e5,顶级神豪,3,-0.6602892679889152,0.0969943941929487
0246a9d1f5d2fa37,顶级神豪：变成女孩子帅炸天,4,-12.941851074509081,-0.007116239981808048
9a95c3285cec68ad,顾先生的宠妻日常,3,0.33581260100560684,-0.08007451075092478
28623e39145b1a26,领主时代：我，最强深渊领主！,0,-3.8519657976497896,-0.002260023125763816
61b264f2a3c7852c,领主求生：开局木板建设海岛帝国,6,74.78864205439478,0.013104290225565196
69337448659ee0f3,领主：从开拓骑士开始,3,4.30718626223905,0.053819828305835565
cc85df9551c89278,领主：氪金百亿，签到神级兵种！,0,-10.205521203189853,-0.1680462592280824
c2cb9a7e5d4a08e7,颜值太高，被女神姐姐倒追,4,-23.096871294227004,0.18838388364405834
83717739ef0bf6ab,颜家福宝一进山，发家致富有本钱,0,-6.58851987894294,0.20165130147191568
c5e34e5986b50fb9,颠覆全球：开局扮演反派大佬,3,4.404007721403175,-0.07953479196768196
1158ce87126ff338,风水与巫术,1,30.805978359271307,-0.14221615800798235
bc341320dece2c91,饲养全人类：我推演了完美未来,3,8.68835926745983,-0.050058855256081974
689aeb29045db333,首冲六元出个万花筒很正常吧？,1,26.758320504352824,0.01538427453224625
7ab43acd3ba7ab81,首富亲妈认亲：我是超级富二代,1,30.43372895863787,0.15588041678426476
756cd39508a936b7,驯养关系,7,12.43610576998249,0.09286847417885899
fdd398c771b737dd,骄纵小少爷被疯批画家强制爱,4,-14.900809911894516,0.026253220287204282
057776874f0ae5bc,骆驼祥子,0,-11.097831267663814,-0.17280906557186118
5614aa49460795b7,骑士还是血族，总不能再变圣女吧,0,-7.891179037271357,0.21825938677888315
39475e723177c2c2,骑砍大领主：从奴隶开始崛起,1,29.649926250973934,-0.08933579575319286
57c3cbd9bdf1a35f,骑马砍杀之自律为王,0,-6.264823191193095,-0.12051821966241297
38334b6911a8512e,高冷学姐让我叫姐姐,4,-13.707990099636987,0.03264237145871038
8a65538f8a4cfcac,高冷校花：你变成女孩子吧！,4,-16.531034846654638,-0.0554335477063522
763f8755013b0276,高武神豪：开局拍下七胞胎猫耳娘,0,-9.111015552150384,-0.014407118371329242
3702c40df13114c0,高武：从杀鸡开始横推星空,0,-7.569480071923913,0.03641277355365985
0119739a8f7b623b,高武：我化身地府阎罗，审判生死,0,-6.877505867770438,-0.03955418406333819
bf7469f3ce771ff3,高武：我成为了全系武者,3,9.14395076577491,0.010598735453381802
ff79c78a75eb45b9,高武：所有武学我都会亿点点,0,-12.478154696690844,-0.04400015258500481
faaf82bf5cac832d,高武：无限分身，开局撑死S异兽,4,-16.761135457794897,-0.025765213526598857
b9c246990b7d8c4b,高武：让你拍照，你批发异能？,4,-14.254791508335295,0.04685322984659737
170305df6e742746,高糖倒追：重生女友又凶又萌,7,10.4682115964862,-0.009817886794907443
205ef55956380603,高考名额被顶替，反手上交电磁炮,4,-27.09046470020459,0.06091660828123835
adc11fa82c5236c6,高考首富身份曝光，攻略高冷学姐,4,-15.025505079043814,-0.03311017838603078
86c1276e0bdfc459,鬼敲门，我的灭鬼笔记被妹妹曝光,3,3.8220758389412737,0.045718577200004246
952c8c0faf3525d4,鬼灭之刃：生命如歌,3,2.041945825177244,0.12939963337664878
ad78fc85afd3774e,鬼灭之刃：饭柱的养成手册,0,-10.370710291385954,-0.02034822690793961
115a8c127a094c6a,鬼灭：开局向玉壶发动换位血战,7,16.658262997389095,-0.07609794176482218
9555f820299ca27b,鬼灭：穿成反派Boss无惨,4,-14.153706073999583,-0.14872395151667908
3cc95ba14d6fec64,鬼王的自我修养,3,-0.23752217069298354,-0.053436528826778656
2a7295e96971a4d6,魂兽世界：开局签到金龙王血脉,0,-8.712541737209513,-0.002218243600466574
48cdf1f367ad8a47,魂武之灵,7,13.277100777183612,-0.045849079989071645
7abd577631bd08c5,魂牵梦撩,4,-18.351014196387123,-0.01363757560165696
f5985ce1fbd060ac,魂穿十八线，女特工娱乐圈杀疯了,0,-8.49667916048881,0.004248015675258426
1f3169f259ecadf9,魅魔小正太，影后姐姐哄着要亲亲,3,-0.7919971502640166,-0.16663931650231575
2f354548a3b740a1,魅魔系统：开局攻略半精灵女王,4,-20.840131217841815,-0.10742595154164389
6a53afc34b7b5c57,魅魔综漫：人在原神，开局被撞倒,4,-23.21337547671743,-0.0739627037649663
dfbfadf920d91212,魔女的恋爱演习,3,-1.5633164352790132,-0.1286454003090299
b67e3732d85f7bff,魔女竟然是我自己,0,-10.578125526838328,-0.051836758357188456
29c4aa061d98acdf,魔宗杀手被光明神女拐走了,4,-22.688319964524236,0.04886310867732549
ffef5bd432edb96d,魔帝你也退婚？九龙拉棺拉到你家,0,-6.950690406823831,-0.10614738879778227
0cb89b46546f483c,魔法之工业革命,7,9.510708151041008,0.042391667178637404
ea8fdbf40eb7d788,魔法机甲战争？不，钢铁洪流！,1,34.46114566883453,0.11166969040900258
0632f1468a35e05c,魔法：狼爷我，才不当宠物呢！,0,-10.49086882047471,-0.06164374761916716
37186d78427b19b6,魔王死党想要和成为女神的我结婚,7,24.58801717922384,0.05648320625822276
d35545bbf052992f,魔界妖女？本仙帝娶的就是妖女！,3,4.61409388494797,0.022809984624061003
b0275476d0ecec8d,魔道太子爷,0,-6.745227195775428,-0.11853070897525639
45a9e4ed1cd964e2,魔道祖师：穿越后偷偷现场磕cp,3,-1.366426362731005,0.13593611772243586
f3396793738beefb,魔门签到：病娇女魔头疯狂迷恋我,4,-16.58503230067134,0.05531585726312241
71db7d5efde95d39,魔鬼约会学,7,22.228398031321873,-0.057121778688912744
913f03db59d2ba2e,魔鬼逻辑学,7,21.117396355881993,-0.04336762867067792
cb5e4b126833e07e,魔龙娘今天也想当一只咸鱼,3,4.590416612535613,0.01940944976290862
6cc9aaf381fa2686,鲸落物语,3,4.597450052314947,-0.00200940732982427
1f8631fbde9cbb4d,鸣人，叔叔我啊，要当火影了,4,-18.616942996816913,0.042233195061618906
16e6d8345361ba01,鸣佐重生：双双成为大筒木,3,3.050927625010239,0.08452898721924562
cacc8d541603c2b8,鹰酱：我就吹个牛，你全实现了？,0,-9.524920986701353,-0.10798486025036799
09a3896158271242,鹿目圆是卡面来达继,7,15.544119347297539,-0.029553469636568158
d75cdfd70c26dca9,麒麟神相,7,15.227729058131764,-0.04626278100813894
5b1e7efe77a99022,黄泉杂货铺,3,1.4463892357214903,0.12760749067987284
7d315bb853417097,黎明之悼,7,16.130502359617978,-0.026493386472964453
4c1e9b46a4bfa5c3,黎明塔,0,-9.474897833554373,0.09320810885363603
4c1e9b46a4bfa5c3,黎明塔,0,-9.474716288406405,0.09320485274143328
ee4beab3b1ecd7b1,黑化战神：病娇反派入我怀,0,-3.578165699110251,-0.1415057487375049
40cf25097fedfe44,黑化：病娇少女都想吃了我,0,-5.436822781923965,-0.0335755060867918
1951dd155db938b9,黑希儿：崩坏之行,1,30.687307582901994,-0.11082336792925937
6e67ebc5eea82c4a,黑暗之源,0,-5.3315221755780655,-0.08923994030995239
aaa12e0512269844,黑暗生存游戏,3,4.85060644740355,-0.011042405900484026
5ff1e03bae5adb92,黑暗精灵全集,0,-6.604301961386064,-0.08720127257636848
38072195c53929e1,黑莲花重生后，把全宗门祭天了,0,-2.573574693592242,0.05836686147107664
e5d7447c126999cc,黑莲花重生，和病弱小公爷杀疯了,3,1.4513704810145072,0.15241459400775415
3d2b917a6035bfff,黑衣组织的团宠小公主,3,3.0916179422958194,0.043185522441898994
910d74fd61ee7e09,龙临世界·祖龙软又萌,0,-4.674425473718713,-0.15112592502903718
2c0eaa1d2d811964,龙傲天的狗腿子,0,-8.677190882873326,-0.07100474454069641
b9836fc8ae3f13a1,龙吟九霄：大夏第一战尊！,4,-16.64415204571792,0.02525822832011107
a86fd367700fb317,龙族,0,-4.747563093414172,-0.008820757913284905
2094e2eaa70b332c,龙族之重临旧日,4,-16.35912483621825,0.17492848749402579
c7b4ee1f1b59148e,龙族：再来一次的暴君路明非,1,33.10445508213496,0.029796736188043765
d0a07bb74e1fe84b,龙族：夏至流火雷鸣,3,5.373014726054755,-0.044591277451793115
3026dd2e73284e5f,龙族：我的哥哥是奥丁,1,27.956217587750857,-0.007845570997509294
11450224e94a2fda,龙族：无限重生！只为破灭遗憾,3,-0.3754628443329935,-0.06065927444349181
6d87dc72fa04f4f2,龙族：道士下山,0,-10.201388480312161,0.09890786358642731
49f73ff5262f2029,龙族：重生宠爱绘梨衣,3,6.166717146618943,0.015868831955207496
6989032b4ff7b8b4,龙王令,4,-12.612256903103297,0.026769617868173806
9630127d938eae48,龙王聘,3,-1.6846525714177432,0.010349825391713807
ae6ce04162e505fe,龙王请饶命,3,3.931116523297163,-0.05338639363662592
e89392a41cb71c3f,龙珠超：曝光！我是超级赛亚人,4,-19.08484259271303,-0.002928015755894048
8df64b6f26272128,龙珠：悟性逆天，开局修炼成神,4,-21.120274169774156,0.03498332088699305
fe78429a50230be9,龙珠：我，卡卡罗特不留遗憾,0,-3.8007877195654842,-0.06809994638026487
728904d963de1133,龙珠：破坏神的聊天群,0,-10.172898273630281,0.10790573547090992
