book_id,book_name,cluster_label,pca_x,pca_y
bea07359e25cadde,00后已退休，开局拒绝清冷校花,6,-0.04285892542890418,0.0378422262873696
086f0c6806b3e0c2,13路末班车,3,0.06011040493137265,0.0035205871001933358
5f65a0116ec8dace,1910大帝国：开局就造反,0,0.06312334245774553,0.04560363724330996
5e83ce66df8af47c,1937，穿越东京做天皇,1,0.12305445580352659,-0.06391229651724148
717095cd89b4a05b,1987：今夜不眠,1,0.15946968371254788,-0.015261220754371585
00d3da5d6f6a14cd,2052，沉眠三十载,3,-0.0067626450410134265,-0.01811552040815725
4d131d167a054112,3秒破案，你说我芙宁娜是傻子？,3,0.05960826575487932,-0.029182026756913563
eee33d6da6ef8f2d,50个超真实罪案故事,3,-0.010494626866842216,-0.015772016041212106
afbd6514deba1909,60分钟高效阅读：超实用的快速读书法,3,0.04841397431046601,-0.04473881955143183
c29df8c3d32d9231,6岁的我制造机甲被曝光了,0,-0.01209068346550174,0.034546067285177284
50488b3c4f22256c,999种神级身份，花式吊打主角,0,0.02200867191220457,0.05027405699622839
e8e893dba537f612,ag替补摆烂的我，首发后无敌了,0,0.023760347281391647,0.024207731502959975
a40475fce8a53c9f,AKM：和队长恋爱后，我一打三,0,-0.016431627778656588,0.027739816691826843
7b05eb3999481afc,Alpha死对头影帝他总想上位,3,0.05669890649856746,-0.04901391312648237
4fd3cc38ce876501,CF降临：全球哭穷，我神器爆仓,5,-0.3607337881071906,-0.13788867542129193
6e669b82c0ed39c8,FBI教你测谎术、阅人术、情报术大全集,3,0.05742109259093919,-0.10395156746355025
ea6293f81d04cb7e,FORTEST,1,0.1559797102299133,-0.10450966891392881
e12534a7b5abfb33,Furry：拜托！请你不要放手,6,-0.03437707616862934,0.007216497797277181
2a09afb18311ff1c,GB：清冷师尊手撕修罗场,3,0.016980584473003324,-0.012636882065773541
81584d2a0d378573,GB：白莲花娘子一心想种田！,6,-0.1347566073155554,0.031435149552425184
535b28ddf4bded25,GB：穿成人质，我拐走阴郁反派,6,-0.08705788651844143,-0.03613976633016074
8524ac0eed608357,HP之听姐姐的话,7,-0.08711907228574284,-0.09648081630312312
bf07ec492831d9a3,HP之命运偏差,6,-0.07819555563770719,0.008557820939124215
38cd70537a510e36,HP之怪力萝莉的团宠生活,5,-0.22112691924189914,0.05716958737313974
3b6f4e1e65d4023d,HP命运转盘,3,0.01619657741040037,-0.04486424126720324
99d8f2808a00bc38,HP和德拉科在霍格沃茨谈恋爱,5,-0.2427934308632121,-0.14388075523365187
c600382ca638d95e,HP教授的狐狸女儿,6,-0.06598652897750185,0.05503206578617823
dceff34ebd55a103,hp梅雨,3,0.05802837426201668,-0.05329116883696414
7f95cc09d54454b9,HP：东方留学生她只想种田,3,0.021718310521483652,-0.03665486783343249
41ddf22ab4d90020,HP：那个马尔福家的大小姐,1,0.11244218664377059,-0.054401320647685485
78d13cc5fbf13e19,HP：马尔福家二小姐,3,-0.02471060766400862,-0.039644215704291406
dd34cf4d90765ff1,JOJO们的不妙冒险,7,-0.10679341167608086,-0.06656576618411766
b3fb671f509e3882,JOJO：转变·复制,6,-0.04344167412210598,-0.012546932205653389
ed6954fd0e3e5459,overlord圣黑龙王,7,-0.04152658745230842,-0.055439891917830136
c8e3d6e33fe94834,SSS级御兽天赋，兽娘都抢疯了,0,-0.005617230489961655,0.08348470335789304
d5f12cca5aeec029,S级alpha的专属猫薄荷,0,0.05655337544345129,0.029933694509950485
92278ee0b8bad2f4,《假千金是满级绿茶]》,3,0.023600237317258355,-0.09249992730042825
660ab93d2c8ec21a,宝鉴,7,-0.11614512785020614,-0.09985137607827653
040129f7f872c629,武动乾坤,3,-0.006846375393228854,-0.06727048286234485
ffb8dfb3b0ed37ec,百炼成仙,3,0.03547408099803662,-0.057894342634849515
5709a4b87e2e0311,神藏,7,-0.07458660180079935,-0.0770123147526505
daaa91841d49085f,穷人修仙传,3,-0.0017368905235126686,-0.02980066859037857
42640e4b479eec21,《穿成渣A美神老婆总想钓我》,0,0.022254843962139614,0.04971772987623948
ca702ddf1cdf6cab,《肆意沦陷 》,1,0.08165655741627054,-0.0028278843043596778
d8cd7f3e07a46dfc,魔道祖师,0,-0.00981409483232959,0.0770264419590262
609ad99e1dfc62f2,用魔法打球不过分吧？_7271532407377890365,7,-0.1488932555809928,-0.07422090514032073
72f24d08f3356a3e,我和琴酒那些事儿_7243710147430714371,6,-0.030321503885262502,0.028675166202535404
6ce9a9245b829096,故人缓缓归_7321740439189474366,3,0.04366664444782842,-0.020380226579745215
478873d589b42d10,主神他不对劲_7096081305619663885,6,-0.039679054349382514,-0.0386508659281795
cfbfe7680d165e5f,心机美人下蛊日常_7227479829275216899,3,-0.022198428371970558,-0.05628857317737704
d4fbabf983719f8a,我只想安静地当个魔法师_7131202157096733731,1,0.06897456419663262,-0.05712432748726202
c683601ba84fdc34,都是阴间滤镜惹的祸_7269369771622140964,6,-0.04569348818665725,0.07148715430572532
ae8c72cde9fb4714,团宠？我只想当个普通人_7333450319726119998,6,-0.039872191723032524,0.030839560282105424
7b7c611e09fd6750,奈落的伴侣_7205222645887929377,6,-0.03268248410759739,0.05666144526114984
40c9c5b84efe9450,漫漫长路_7063854455711599624,3,0.06177368733212629,-0.01791913025904416
4601c6684806c252,心机炮灰上位手册_7152298015212964903,3,0.039064701995491835,-0.10597952581825171
ce8a832ea3c1fc5b,系统带我遨游世界_7116112119547825186,6,-0.016630546280270164,0.018057860105031135
b92817174c94da00,预知可以拯救世界吗？_7143968127712234526,7,-0.027988407558064754,-0.10394337149795162
9f4fa9461c727a79,身为凤凰的美强惨幼驯染_7196631160787569722,3,0.05042757677833387,-0.0712149440932528
2447081602c3c43d,一不小心和电竞大神网恋了,0,-0.008132131739025383,0.009454324729782006
e731e04f66634698,一不小心成了终极大反派！,7,-0.13737572319442282,-0.06349490321732473
1745826c2b0edf49,一个精神病人的自述,4,-0.03381822784966959,0.11965211904497704
3f4377e3db998876,一人一狗一丧尸,6,-0.06009402408277009,0.026389990687022663
78b4d850319e4f2b,一人之下：开局怒收夏禾一血,6,-0.07133230153330594,0.020157693400553886
8ee7831ce396baf4,一人之下：开局获得北冥神功,1,0.08916239100213008,-0.00697824759075958
7b6daa17d17aba2d,一人之下：我加钱居士，朝九晚五,5,-0.17873960597810967,0.023627894715509367
9ef26f6bac2e5b8f,一人之下：我血族始祖初拥宝儿姐,3,0.00386786424401131,-0.0018940919312499748
9958520071d2b1fa,一人：我两面宿傩，夏禾亲弟弟,3,0.044333206368846745,-0.002749966951629618
fad69f4c7773ec3e,一人：简化金光咒，晒太阳就变强,3,0.025858856929527163,-0.012008462674075585
31e5425a8f2dbcbf,一出生，我被偏执欧少偷回家,6,-0.02427857002954298,-0.00027820646228263147
4e745b7aefd013f9,一刀999，是兄弟就来砍我！,4,-0.12441257099890712,0.19117580432153994
c7274021b79cd781,一剑一酒一乾坤,1,0.09086789879375545,-0.006833658480813652
315e5b0ee0d6d34c,一品布衣,0,0.050617582074751644,0.04720097710655988
ecfdb10b26650185,一寸河山一寸血,7,-0.05697816206665479,-0.09592695123517943
6b7999a2ead2071e,一座青云寨，抢万国公主证道武神,4,-0.1784979296306946,0.11777136313789348
5d4faffd43f497d4,一心一煜初恋计划,1,0.08987442518177213,-0.01119945894022894
eeebec643cb9ef8c,一念关山：同声相盈,7,-0.08669413128080783,-0.1549008592134319
6d27b5669db939b4,一梦百年，我成为了道家天师,0,0.06622498379421282,0.04336174802317973
3061dceaf6a795e3,一睁眼，成了七个儿子的极品老娘,3,0.020487731011170074,-0.03689914774845007
5612bbe982e2e7ca,一穷二白谋机甲,4,-0.1693721549752139,0.21411641059951575
ea9f42e860fb2e92,一笙有喜,1,0.1294281605619544,-0.02894389296726878
0c8355aee79095ab,一花一酒一仙人，亦眠亦醉亦长生,3,-0.023355879434414972,-0.01573920657880417
ecbb29e71ede7896,一觉睡醒，我怎么变成美少女了,6,-0.05410376543907558,0.021793960594097488
4bcf5afa69a17ce9,一觉醒来后居然变成了银毛萝莉？,6,-0.047782330884151125,0.08334679840179633
d8ee2fc38cabd227,一觉醒来我成了摄政王的猫,3,-0.016637316057933393,-0.02160708772661999
174f0db753f3efcf,一觉醒来，世界只剩下我一个男人_7163247846827756578,4,-0.12040953223587092,0.11675075357865379
bb1f7e824c6733ba,一觉醒来，世界只剩下我一个男人,4,-0.12040953223587092,0.11675075357865379
e5100c04ffed5c73,一觉醒来，竟然变成了女孩子,5,-0.17563389698547766,-0.06382308170006754
f3e09562d9d61e00,一觉醒来：我背上了40起命案,0,0.021014857591542313,0.06215104637708279
f64b650d79d4d9a1,一首素颜，我成了一代人的青春！,6,-0.03403895379289723,0.05766202564358537
9692241a7f2cca1a,一魂双体：宅男与校花,1,0.10468395105922301,0.004144300786597861
d432bda3252f0ced,七岁的我，被选中参加规则怪谈,1,0.08089127610321145,-0.035938631071259775
a932cf921c134ce0,七岁的我，请假回村主持红白事,1,0.12133672396872841,-0.015525302257746943
572ac5dc10a2011f,七零军婚：随军后她风靡家属院,1,0.13752607878273737,-0.039944363972369515
05cec5e47a9f41ac,七零有糙汉：知青女配的完美人生,1,0.09846213579114083,0.006930939478906224
6d8a634b00ffe4a8,七零，恶毒男配被知青大佬心尖宠,6,-0.16072826924374806,0.03737584910985196
029b64cfc7edd76c,万世轮回：气哭恢复记忆的前女友,0,-0.03359301493749545,0.07951283419481323
53df02eec71755d1,万人嫌重生摆烂，她们都不乐意了,3,-0.017714675448246064,-0.051764242578908805
933362a40706da0e,万人迷NPC总在撩我,1,0.16342882777194112,-0.09547786141489664
7c30a73bd0f9e971,万人迷主播她随机直播，大哥狂追,7,-0.1133249635335023,-0.08625030072543172
23c7117d884bf8be,万人迷二哈在恋综靠沙雕爆红,6,-0.06014696099327682,0.044042766394929524
0aee424e94771bfe,万人迷她甩过的男人多得数不清,1,0.07714193423821802,-0.03707499759553798
45bec23794f5fa94,万人迷每回都拿渣女剧本【快穿】,0,-0.016090514313150284,0.06250568116810493
fa20331b9d9f47b4,万人迷被迫进行修罗场游戏,0,-0.01391492322970922,0.013550607246990495
274ed1d5bada5d83,万倍返还：我的弟子都是绝世女帝,0,0.01485095639741607,0.003357637394017634
ebdab144ceee2350,万倍返还：族人筑基我1秒成仙！,4,-0.1123448605398839,0.14815735334694222
fc8acb60d0efcd01,万古最强家族,4,-0.061210028091872204,0.08714698574370255
be3e4d5c5ec399d8,万夜之主,3,0.016594341937761437,-0.009011225056759997
937eee8b2d6b608a,万族入侵，我直接加入豪华午餐,3,-0.018817174416093874,-0.012719733164901648
35f7956d8d758825,万族图鉴：你管这叫F级天赋？,1,0.1120253482389626,0.0029370712406756767
063c34366928773f,万朝穿越：开局李二穿刘禅,1,0.06899255361683632,-0.02897042529267688
023ae8a927fb1c46,万界征服系统：我是大魔王,0,0.015293450498576222,0.031006865265894048
e757fe7b0430c5ae,万界灵主：开局被只猴子占了肉身,7,-0.10011539857242285,-0.09336608428684949
ac419d225a2649fd,万界神王：从召唤天使开始,1,0.05849953065175295,-0.02126357525365868
69b5b6f8ddd28257,万界聊天群,3,-0.012139556417164132,-0.07077950730491288
dfcf16a96a75d3c1,三体全集,0,-0.022443492255933284,0.06594620740613007
bcfd4de673b0c7d4,三体前传：球状闪电,3,0.04312160195243442,-0.02929824961180962
b16e40f38f9dcb3c,三体对比：救世第一步，先杀程心,0,-0.020849852902045607,0.060933180117215095
f5d06ccaa1c128bb,三十如狼，四十如虎,4,-0.05853479256938321,0.14652769220131281
93ce06e3a1021784,三国再现：诸葛亮不是后勤部长,1,0.12513911545637524,-0.025457673184915076
ed749086464e89cd,三国谋，盛宠尚书郎,1,0.06751121994747489,0.0065787098063344734
adde06ac47d4c5a8,三国：人在西域，开局杀回洛阳！,4,-0.04114626596975718,0.10767981231056907
c9c7aec4d53e9bc0,三国：从抢二乔开始,1,0.08290674834365497,0.0313718250747318
52dfd13188701c0d,三国：全体起立，给大佬敬礼,0,0.008605280016666161,0.024058686248485756
6c03cf8aa311746f,三国：刘备惊了，我的谋主太妖孽,3,0.04756284692749291,-0.015104871269784527
a8a30e61fcc6a1e7,三国：和小乔拼床，你喊大乔干嘛,1,0.06653970379609653,0.01751022777843104
8e733334ea812a36,三国：因长得帅被小乔捡回了家,1,0.0666285033733568,0.008941727114268974
2f6b24ae12fd4087,三国：多子多福，开局截胡蔡琰,1,0.1039771087366711,-0.04516512963769527
08c32d1c11180886,三国：天子刘协，添加好友就变强,1,0.08849008839369565,0.024973705565330438
b23e094aff9fdaf3,三国：家兄典韦，开局硬刚吕布,1,0.11493923765566316,-0.0170073932082382
783b469c0c150691,三国：开局告诉刘备我是穿越者！,0,0.03597537493446479,0.05656256826209058
bf89773ade113344,三国：开局大雪龙骑，请父皇退位,0,0.061068252521564226,0.05159554184824059
fbc8e28bef61a53a,三国：开局曹操送貂蝉和吕玲绮,1,0.08200632373621952,0.004721134382430435
a2e5dd3cadaf498e,三国：开局献计曹操，成立摸金校尉,1,0.1002079430864572,0.017044992325619315
f9cbba05d5ed4ce4,三国：开局被刘大耳逼出山,1,0.10142973179344339,0.0037405989529222363
0d96f88f21439105,三国：我拿剑逼着水镜为我打广告,6,-0.04624581981839815,0.019651095011529545
837c8e256a83a3aa,三国：我给刘备当秘书,1,0.14539210689136595,-0.015754536682934243
9e17f65c5ba3014c,三国：我，董公之子，开局天胡,1,0.17223927024667662,-0.052079114920934616
bd8bd04bd217806b,三国：炮灰刘封逆袭之路,0,-0.010994313822820956,0.029799459443371368
9301e830cb5c2188,三国：百岁老将，吕布拜我为义父,1,0.16606129650848167,-0.048124301311172145
d85eaf143b84e654,三国：蜀汉谋主，我成了卧龙养父,0,0.007779722658620258,0.042485212030383725
676e55e6ab6cd811,三流小说家被横滨势力包围,3,0.05941506002639507,0.00021974180556902454
ca773457fc030987,上城之下,0,0.014301072325530906,0.059873092201023874
61c66c084346991b,上岸提离婚，反手和市长女儿领证,1,0.09649015719087428,-0.047224178461604364
1998638aedf13610,上班摸鱼被抓，反手拉女总裁下水,0,-0.009567756558917118,0.024551583299372574
7df40c698b4670d0,上门龙婿,3,0.0456226181392434,-0.012133945928951046
6dd1aa83505ab4eb,下凡后，锦鲤奶包被整个皇族团宠,0,0.04810054844413447,0.024659759391760756
9432e16604f95be6,下班回家，捡到一个宝藏女孩,4,-0.07287437778406636,0.12032867654715407
ebd495c5069d0aa6,下班，然后被女大学生尾随,6,-0.05896092689831617,0.013311146754198979
84f926d3fd4a11ab,不从圣,1,0.18287718789730656,-0.06288408533355992
116a298bffa9dcdd,不会恋爱的我被网恋校花骗亲亲！,6,-0.04499191404524944,0.042150192560770114
74065e94c1c690d9,不做权臣外室，我只想种田,3,0.023858897929048273,0.0008594361420964727
27b29cd0cf369e73,不做舔狗后，我和亲成了人生赢家,3,0.058858381416528216,-0.039300130025071406
3a45a9b0693f07aa,不双修就要死,1,0.08334358879417247,-0.05621882023517161
266cdcdada7ab4ee,不可能！我家老婆绝不可能是魔帝,6,-0.09759959630748305,0.02702093424452137
63fb6f05bf48a9c8,不好意思，高中被白月光校花追过,6,-0.030755452012107276,-0.011768565252298524
5fdbcc6357968601,不对付青梅今天也很可爱！,0,-0.03730941138312488,0.07007922295516902
e0016d5e43bc9f3d,不带教案带兵法，老六老师杀疯啦,6,-0.0623420189439175,-0.0024711376760998068
9b1749877cea8253,不当舔狗后，校花哭问为什么！,0,0.01037337443011288,0.06997232686828599
cc4dc2ecb6205a42,不怕校花玩暧昧，就怕阿姨三十岁,4,-0.05589547245184545,0.12401519422023978
f763de3df0ae4c88,不想练剑的音修不是好修士,5,-0.2508141769912792,-0.2135337306044369
b7b2dd5a01bb3ff9,不是世界不好，是你懂的太少：20几岁要懂的人生道理,1,0.08521392803580607,-0.0176566799230971
bbfa2d9c658af3b6,不是肉身增幅吗，你怎么成盘古了,0,0.05080030987355655,0.023320802932672614
f9433f0a502dfcba,不是高冷指挥官吗？怎么一亲就哭,3,0.012168759482123703,-0.06184313975458877
2d62724c1190d752,不是，没人说假千金是泪失禁啊！,7,-0.11909497520423573,-0.08215463691840444
d7415a2aaa666976,不朽古帝,1,0.09786285178384391,0.029386224689166917
65cc07744e904249,不正经提示，从遇见病娇开始,6,-0.10416298606245472,0.048823605976079806
d36dd3e83879a6c1,不死战神,1,0.09170151699719475,-0.027529985115905566
513b2a3f18f33faa,不白吃漫画这就是世界美食,2,-0.41514540673803857,-0.36344821658144427
24a4cfd8062c04ae,不装了，沈导宠妻如命,3,0.007787532321077428,0.001400214014095667
f5204986a7838290,不败剑神,0,-0.014599813737407763,0.11770921096616523
aadd25a6d98fea3e,不败战尊,0,0.04089853120684095,0.03219835015442956
9c25977015a56fac,与你共赴山与海,0,0.005757611918378314,0.01642972534518516
a47e693df5b90f02,与凤行,0,-0.0260577239736976,0.06304455362103466
c30e17bd185a3c8b,与君欢,4,-0.08944616874160088,0.10609747024679377
e0eef9db0aa5fed8,与女神姐姐的同居日常,5,-0.20418287216553122,-0.11772482334385695
2afa29c675dd6887,与妹合租,6,-0.07740990215198396,0.0436114419581583
283f079402ee6658,与情敌结为兄弟后竟变成女孩子,4,-0.1322872304790606,0.14636718116618186
e5d956dd6101a0e5,与魔王同居是为了拯救世界,7,-0.08466585485510653,-0.0939302997233328
3f66b4b51fb9f2fe,世上最强的人，居然是个萝莉？！,7,-0.07639498295044211,-0.14803404007091497
eac5d9dc0754de21,世界上最神奇的60个经典定律,3,0.007662030845857037,-0.09844797092550867
d7a82393681a071b,世界是个游戏，人生怎样才有意义,7,-0.08355572688563095,-0.13640874767745603
c4efde8359df5f85,世界核平，从创建保护伞公司开始,1,0.0858590024715219,0.0003058213555395045
0da411e00786a1e3,"丛林法则：“物竞天择,适者生存”的底层逻辑",1,0.08306580777905337,-0.10768438227737707
f8ce27b366a5bfff,东京除灵日记,6,-0.0872882994094406,-0.03190355146820406
2a8af77fe1ec27b5,东北出马笔记,1,0.13055576333943053,-0.08637992348234418
b3becffd388de352,东北虎的男媳妇,4,-0.03809921885093864,0.11592269159398026
41fed2e6f0a47a06,东瀛绅士不好当,3,0.03512012598326664,0.004485325205750568
19461e9692f123b5,丞相北伐，何故南归？,0,0.06304380416731936,0.04205297369737957
8be01285d7373283,两宋之变,1,0.080410942689629,-0.020280987543884604
490f0f75434b503f,两汉风云,7,-0.15558646374295565,-0.14660520677223232
3094c09db6e72e0d,两界供应商，我一手打造超凡帝国,5,-0.16807278962560634,-0.02550929660584658
22be8b488e524e8c,两界穿越指南,0,0.06678836616144823,0.05061878322172613
cc4d43e426446621,两界融合：写轮眼在异能都市,3,0.010878914941332973,-0.039994303807917624
4720990cef7f85eb,丧尸专列,3,-0.012368297514323667,-0.01213683366495208
23ef8b906b6f33c0,丧尸的徒步旅行日记,6,-0.024760964599372715,-0.019803377069667037
fb518c54c79817f9,丧尸驯养手册,6,-0.06958262240974084,0.010266483511163427
4c66e0cf453419ac,中医：一句少看片，校花全网社死,0,0.0504796705932371,0.015078112784061678
a24c8424cb75bada,中华人民共和国刑法,1,0.27740066439490285,-0.11031324827771655
e04d6b34ff1332b6,中华苏维埃共和国史,7,-0.03833146197866433,-0.19189764575339366
07e5365635e1d824,中华诗词名句鉴赏,5,-0.210608514195271,0.0481060925257263
655cc33d55ab1256,中国最美古诗词：你应该熟读的中国古诗+你应该熟读的中国古词+你应该熟读的中国古文,6,-0.06784342789269537,0.0006902117546488664
64ecad64154e9592,中小学必背古诗文208篇,2,-0.42570232042755685,-0.25410206833901683
66d6ee52ecfbd978,中文十级的我异界无敌,1,0.08656883777138036,-0.04972873619958379
584db104ea2a1925,中状元就休妻，凤凰男我不伺候了,1,0.10815739348726494,-0.04792419604191966
f6265c25a431109d,临死前，我强吻了魔道女帝,3,-0.004244821619527883,-0.022330562217195232
68f556fabe234e30,丹道轮回,7,-0.12503907104428352,-0.09658536554386936
6dc02a3353bb6628,为上夫妻综艺，我闪婚了亿万老公,0,-0.026481382014406196,0.03465584873049505
322d67dccc5c9dcc,为了无敌，绑架三千圣女！,4,-0.11061156558771035,0.09912043919895855
062ad6b301eab0cc,为了能减刑，我带兔子飞上天,4,-0.056238697178235264,0.10057683439632176
b6e6e137c0c9d5f2,为了脱贫造机甲，狗大户们抢疯了,4,-0.14929751116503903,0.20637789010280766
9bc258b9183df0c7,为什么要叫我末世尸王啊,0,0.02689852116151903,0.031176107558329506
5d32a4391beb761c,为军火库舔女主三年，她却当真了,0,-0.002747202485372413,0.024764099845705094
bbaa0a1c224bc806,为名利和我离婚，我捧红天后你哭什么,0,0.019053112892544077,0.051655100201901165
c903cd78b63195f8,为她着迷,6,-0.05679337387790456,-0.01448437536703889
b5fd5ee94a7b9b53,为娶绝美夫郎，她要造反当女帝,3,-0.003953963322977483,-0.018003716025121498
f4a790bd67807ab5,为祖国繁荣昌盛献上桃花,0,-0.023920421372090717,0.08350617696699315
32bf58ba6f9c1360,主母日常,0,0.0323361933597508,0.0472992277595958
2ae5d45f1135ec66,举国穿越，但是泰拉,4,-0.08559343733375185,0.11991661122134507
2497492f6d12b1c2,乖软弟弟，姐姐宠疯了！,1,0.1045245685019609,-0.06239568343240294
cc384dd8d601612b,乖野弟弟掉马，他疯批病娇偏执狂,3,-0.01559722856866852,-0.027115024870983336
38d1cb265dc78e2f,乖！姐姐疼我！冷舔病娇屿爷会撩,3,0.04086308521392745,0.014583028759433396
064d1a15be1cb972,乖，别怕！病娇反派致命撩宠女配,3,0.009050216318078563,-0.0388816262036407
389fa4f05ec6ccd4,九世反派，女主集体黑化了！ 作者：浮在陀,4,-0.10870948263329411,0.05554509730487094
e290158ad342c6a1,九世轮回曝光，诸天女帝形象崩塌,3,0.014639428099699647,-0.035050267986391916
ac05604619360d4a,九叔：从义庄开始简化修仙,0,0.04929702088144561,0.05255538982783381
56d3a367bdec4180,九叔：我石少坚，开局满级雷法,1,0.1061988652247553,-0.014754551769475606
8d2e314ef8fe2036,九星霸体诀,5,-0.23528758102732578,-0.16925206436272935
2e027ba437ccbcc8,九极战神,1,0.13487500039506506,-0.04385798171481404
65f4fcd3a9c99b0d,九龙抬棺！我大帝身份在葬礼曝光,0,0.0647793146030945,0.049009464440202585
b7b621ff3818c589,九龙拉棺！洪荒丧葬一条龙,3,0.029639704100516084,-0.007302439068936427
6bc1c095bfa665ef,也曾想拥你入怀,6,-0.03431988575489686,0.006252442093361713
06861ccfdeb1246c,乡村直播：开局10万亩地,3,0.05081179264032942,-0.00404509541862485
0ca33e0c9c520ba8,乱世逃亡后，我成了开国女帝,0,0.022869344432884797,0.03178490906671364
f9eb5449b7758ceb,了凡四训,1,0.11362521021827887,-0.039648094672824444
ae0316a9b46b8e97,予你长生,1,0.07158451430801649,-0.049734873541871706
7544b4133428f39a,争霸时代：帝国超壕大军阀,3,0.043262402248509746,-0.04448262016167787
e7468ef9248a67fe,争霸：开局召唤西凉铁骑,6,-0.052057352282879,-0.012962312012335083
9ec173be7e8ee97d,二嫁东宫,0,0.048836865189507805,0.012208714307717439
47d8a088ad6afa60,二战风云：铁血苏维埃,1,0.1652942652370748,-0.03067114161674941
99c7b35fc82421ef,云之羽：以毒攻毒拿捏宫远徵,1,0.12676594676052988,-0.026849204052815982
336d22e83271a70e,云深清浅时,6,-0.06631828238003573,0.04838222665686674
af607d704108cab6,云游诸天,6,-0.007912786762641288,0.014006664560023469
10b11c4186a8a024,云边有个小卖部,0,-0.0033351558041716522,0.015158075464883118
87751f518c945e09,云顶之弈：开局学费被骗,0,0.026185695937910425,0.043335866950671646
f9adcbb4ef0a3b70,互换身体：锦书夫妇发疯了,0,0.02557409356277729,0.010689258898375052
c8a948062a85fe3c,五等分：天才的绝对恋爱法则,1,0.06492742718685596,0.019971159390641553
983cc60cf72e0346,五行修神诀,3,0.03296768549281326,-0.017484846539620576
e3af863f3dffb482,亚人娘养成后，她们都想报答我！,3,0.054683641801035465,-0.042811354479844584
8124a0e6b5668f11,亚巴顿,6,-0.05220781212584602,-0.029603164606623964
fdeb29b3cdfa41c6,亡灵领主弱？你怎么招募陨落神明,1,0.08123118100648075,0.024610370895522992
4ada23d85e2ddb68,京剧花旦惊艳国际选秀,3,0.05858950679139863,-0.021099299597171647
6bb011eb3aeef79d,京城小饭馆,1,0.13259501591681666,-0.05619435649461653
28ff97e207cbeb17,京城第一神捕，你管这叫狗腿子？,1,0.06550782254673704,-0.00680731775656564
a10ab51d99daa847,亲子综艺爆火后，全网都认我当妈,3,0.0094888021762638,-0.01154338990563467
8ef15889af5712eb,亲子综艺，妈妈我有十八般武艺,5,-0.28774847322172814,-0.04912383228135402
88159d902c7520e2,人到中年，在游戏里面变成美少女,3,0.02654697015689278,-0.03223084891169984
4ee235ee9aee288d,人在三体世界，我修仙干爆水滴！,0,-0.026285800304333973,0.06890861501279019
d83fa61ca892bb5a,人在三体，我是崩坏！,3,0.03615249259380027,0.0007700214335574741
73e527251352cd2a,人在书中，女主人设全部崩塌了,0,0.0335869092686637,0.026444356983812957
bede488bc07dbafb,人在书中，我大反派的人设崩了,5,-0.1685210896106516,-0.10828871318116504
892405189d584c4d,人在修仙世界，和谁都能五五开,0,0.004365541290880515,0.014375174566968112
def6ebf7810b2df2,人在修仙界，我苟成了修仙大佬,1,0.08323721842321041,-0.007672812734471523
91e01e1e5ae998d9,人在修仙界，白月光选择跟反派混,3,0.025494657211775906,-0.00714306937606957
db08ce5d840f81f0,人在修真界，我为祖国修仙不停,0,0.04656967807357382,0.020330770833865183
0677c2e4d7bc1914,人在公墓，捡到一双红色高跟鞋,3,0.020581398443921373,0.010102854383434468
6bdf67425c32f9bf,人在兽世，只想种田过日子,3,0.03261357854464919,-0.026363525840002504
a2b4cfe4c7773273,人在原神，开局迎娶雷神,0,0.028092827687059785,0.011855177933828153
4b9248d088a2d60d,人在大乘期，今年上大一,6,-0.03845327986168706,0.035774228476476704
383cd0b3eb847c73,人在奥特：开局电疗捷德,1,0.08029095279363585,-0.020238438264750445
ad26195a7b5abbeb,人在娘胎：卡bug批量生产仙帝,0,-0.017295442866531896,0.013757216339577941
1512ac176dcd647f,人在娘胎：把女帝气成早产儿,0,0.008150555287710026,0.05919939619808531
eb19e5dbc0680dfc,人在实教，开局路哥骂我是变态,0,-0.013189292280585907,0.08045208992915048
82618d8989358c5c,人在崩坏写日记,4,-0.1689219229569447,0.029624096829360267
5e1d86e77112f9ad,人在惊悚，我被逼成了BOSS,7,-0.033439938599534424,-0.06001916558448411
e1e928a0c2bedc3d,人在星铁，但考四级,0,0.003157336190201865,0.02263884226876832
639c7e09eaff27df,人在末日：这破门谁爱开谁开吧！,3,0.030449006021176173,0.00444242213332706
945f3a68a21b743a,人在柯南拥有系统的我强点怎么了,0,0.00031446330222351104,0.048382729248573904
87a796d3e9887139,人在柯南：我的小哀不对劲,0,0.04124331438119522,0.013437323123650754
96aa216af59d5329,人在柯学，开局被哀殿捡尸,3,0.03922939590763075,0.0027094767941703473
795055ffdc068800,人在汉末：从简化技能开始无敌,1,0.08004996705596978,0.0207868966392549
1e03bbd4b6dcd887,人在洪荒，开局获得事精系统,0,0.044097319433096915,0.04702659689712705
3c5fea13eb129fe8,人在火影一人一下,1,0.08369185284526237,-0.014242858779819536
36b2565bbe822aee,人在火影，开局模仿大剑豪,0,0.00639284792024597,0.04399856918182759
19b6b8ea42fee43a,人在特利迦，开局至暗贝利亚,6,-0.04381892654126862,0.08570520458317228
31cd75a7ef58bce2,人在综武写日记，女侠请饶命,1,0.14702452672814637,-0.0330771874663275
5a0ab3e6a94c0cde,人在蜀山，我的修为是全门总和,1,0.06234541851745745,-0.01993038378587761
d758aaa845232235,人在西游，破戒狂魔唐三藏,1,0.06887194933567742,-0.02025321482620778
a22c4ea808d9e162,人在规则怪谈，我是天命大反派,6,-0.03713529935617166,-0.021266745481117337
9148c888f632d4a1,人在超神：靠捡刀片维生,3,0.0545561332300043,-0.06505143925191176
8f8c2b6242bac74e,人在迪迦：开局娶了居间惠！,0,-0.0035864251142149195,0.04255440626597954
3f56617f7ccdeb37,人在高武踩条虫，系统说我在屠龙,5,-0.2807301847468179,-0.09348436771828951
2cb2a60cd25b9f48,人在鬼灭，鬼王无惨是我亲爹,3,0.05518555079940679,-0.013477681792366303
96d63d89d3fd263b,人性的弱点,1,0.09769252144094742,-0.09041842087346354
3d947aeb6af4a569,人性禁岛,1,0.09227111329278936,-0.035148055481199966
59fd71847002fc16,人生三修：修心 修性 修行,7,-0.02613676120641617,-0.08043794013978031
0b68b514e09222ce,人生剧本：天命反派，我爆杀主角,3,0.05502808356751465,-0.09614431430060026
d00fa0650ce57f9d,人生剧本：我，开局掠夺混沌圣体,1,0.10514319493429403,0.00012963902854622742
12e74672bae5acaa,人类文明守护中心,6,-0.03500614670177793,0.02824254455397305
af3b87e3482d85f0,人美心狠！玄学大佬又直播捉鬼了,1,0.11852699283667212,-0.021772322066435496
bcdf081543a37916,人见人爱的大师兄,3,0.04723789639901488,-0.02701080266554192
11637cf0d73d1c3c,人间失守,1,0.10331614881488915,-0.017135355306458225
5e82027da74ce0bf,人间武圣,3,0.0567055754578204,-0.025646756351007334
9606f3efc73d2e83,人麻了，身边女人都是病态偏执狂,7,-0.11581214630876585,-0.12980444650832101
708bde3d0678df1b,什么！青梅姐姐竟是病娇辅导员,5,-0.17217085173641128,-0.08934618884141318
8cd85b33e128b2f7,什么？系统为了绑定，争我争疯了,1,0.1317769701159851,-0.013513454617730541
466e7a5d816575cf,今天又是向着非人类迈进的一天,3,0.03895401630653472,0.019150712882216214
fdbdaa62257425ca,今天大小姐喜欢上我了吗？,3,0.05687727157855593,0.005653184509358107
2255edd3ca31b662,今天女王逃出星际了吗,3,0.06555798065469765,-0.017776149564372887
f42ccc322ed5f307,从SWAT开始的职业成长游戏,0,-0.011477657213526782,0.028761667086117666
5c400cc717715672,从一拳超人开始的奇妙冒险,6,-0.03509230884631631,-0.03660520809006629
45a0086a006c4976,从军行,0,-0.03330891153543375,0.04222200529384772
62c569aa2cd5d423,从列车组辞职后加入星核猎手,7,-0.051365238677374525,-0.04948399355999501
5a4fa17e493e62e3,从前有座镇妖关,6,-0.042236157786160966,-0.010119449728955201
5e10e1d9eb51582b,从原神开始振兴宇智波,0,0.026473359972790544,0.03863019029135624
be32e497a216d463,从史莱姆开始的异界之旅,6,-0.031449958794507515,-0.007169321281647436
ad40b225b3bc2c3a,从和大舅当雇佣兵开始无敌,4,-0.05836349171421806,0.15788175465157472
1ecbf4b2c3018933,从哥布林到哥布林神,0,-0.031683108328667275,0.07166309327921366
b4b5003677b6d43c,从太监到皇帝,1,0.16120110284605604,-0.04867433958092297
1ff65f9bac23287d,从嬴政开始：历代皇帝陆续降临,0,0.028064376771433586,0.05297872069504627
cdd3ee36c0d5fe57,从宝可梦开始的魔改综漫,6,-0.10313571248398168,-0.003969563861318349
be98e3e1e194d1ae,从实验室里救出来的妹妹,6,-0.020520384864271657,0.027955099768332863
7e681c6c73fddb84,从小兵开始,1,0.0767308991788399,-0.03831951661325073
c35525cdd31fbb42,从影子开始变异,3,0.005708697184519607,-0.04091940102719643
46026c3b6dde6715,从捡到女魔头开始,0,0.015513116617911105,0.04654911483803911
329e9713cdb29f45,从救出哥布林巢穴的女骑士开始,1,0.14143104968422415,-0.04128938485779793
5d944134a2605f12,从母星爆炸开始列车求生,1,0.10907951096855384,0.03140043719200745
d098446600525b62,从流浪地球签到生存物资开始,6,-0.0834314246065932,0.061779794869017926
d64de074e4937b03,从港综开始浪,4,-0.040434315386530195,0.14497581581868435
5125d2187ed0a779,从火影开始的万界轮回,0,0.045189295681528074,0.03929204972582861
03450fb57164b9b6,从熊出没开始的强哥,1,0.10227839648748249,-0.020315019045246713
92a282accb510305,从田鼠开始的万族争霸,3,0.05425474333594271,-0.004154147785370807
b0c33ae5f39945de,从白蛇开始进化,0,0.039858956616046215,0.06079598882137828
dfaac76bcb9bfdf2,从秽土转生中复活开始,0,-0.02792908709339409,0.02618521600015118
011fc0c7a46ead0a,从系统开始的诸天掠夺,6,-0.05303025802035344,0.05394891856289928
dea691ef9d5371cb,从素晴开始玩转诸天,0,-0.017186106310668525,0.030045445856386563
6f140f816ee1ecbb,从虚空领主开始无敌,0,0.06988983289086592,0.03771740002212063
31235c40f3a85d8c,从迪迦开始的奥特银河传说,3,-0.027229347012459992,-0.06145587201534283
3d50aebd9d1ecfd7,从野怪开始进化升级,0,0.022598586868922577,0.03287957315005411
54c0d21911407e72,从高达世界开始,1,0.07954676905954616,0.011708718522744514
3af0b133c920b665,从鬼灭开始的雷呼剑士,3,-0.0335261268689826,-0.04402054805255272
088053760757aba1,他一拳轰杀魔神，你说他是牧师？,0,-0.003707041289017776,0.07118347894367204
c209dc1461d921f6,他在恐怖直播间里给自己加爱情线,0,-0.013728222303821758,0.008320551461482887
202ff577f2d6fd43,他往返于位面彼岸,1,0.06512186604077441,-0.007058325307187065
ebc417441c92de55,他的小南栀,5,-0.20391845017002636,-0.1397620799701143
ecef6c8c70568caa,他的小尾巴真黏人,1,0.1270073553911465,-0.06882623847906387
32d9bd82f5983e88,他的执念,3,0.05808138853365341,-0.03872444286592985
f83860720eddfc9c,他的白月光回国那天，我藏起孕肚,3,0.03666003294750231,0.007277864981942366
29c2b2049e37a87b,他的白茉莉花,3,0.006830834385736617,-0.024732500056134653
13342d3a98af832a,他的短尾小omega,6,-0.054444567172319436,0.06126115283710566
4433065ca9a9635e,他藏不住的妄念,3,0.052113231055841314,-0.012571596587619863
8041c17e88687293,他超爱！疯批大佬只想给炮灰花钱,6,-0.025507241973081574,0.01325817764203294
630bd964971344ad,仗剑，载酒，惊鸿客,3,0.031232109566734167,0.001963879152213333
ed569d6a29dd5b9c,仙为奴，帝为仆，这宗门狗都离谱,4,-0.05840044051691451,0.10861327530496728
5e1aad8e3e610571,仙人之上,6,-0.08939740474398872,0.003197953902556914
157f94bd2e27ab2a,仙侠登录器：重生归来立道统,1,0.11662229543767821,-0.046148344716774564
cc68e4110c05e9fc,仙墓,1,0.1007228421405939,-0.0437595904950101
ed0df7ab77ce2f4f,仙帝的退休生活,0,-0.02222124140781878,0.11519722055271168
256fe25fdf198558,仙府：资质平平的我只好苟出长生,1,0.17160424788804185,-0.07112046379118846
c450311737a69119,仙武世界，有模拟器的我横扫天骄,1,0.1014275389953081,-0.12467586125370317
456b9c2fb589cf57,仙武大唐：开局震惊武则天,3,0.007519138357122923,-0.048659381960850165
88bbe3aa6f8af3b0,仙武帝尊,0,0.07343177626966091,0.048325507703333326
7e3855796b1b9f91,仙海蜉蝣,1,0.09325175362754068,-0.03757580546261783
8bf413de0ce16b35,仙界凶险：我苟在高武乱世显圣！,0,0.03643555195309778,0.03003645510110428
075771c8ee8a707b,仙界太苦，幸好我能下界作威作福,1,0.11838233319714564,-0.012690155395217805
340e848487fa5c45,仙界聊天群,1,0.12479521996369336,-0.062760345729223
1661e04ad985d05d,仙盟魁首的我成为女魔头的爱徒_7211781770990062596,0,-0.011384984975449541,0.010024895955500638
0fa1e9dea55e9afb,仙盟魁首的我成为女魔头的爱徒,0,-0.01135030531903286,0.010012286493013446
5bb426d86d32780e,仙路之上,3,0.003958307067565614,-0.04720033325855734
7e2d25cf6bca933f,仙逆,3,0.07216500440389151,-0.0627114624921701
9a881e525471aabe,仙门里只有我一个渣渣,0,0.019830993148737264,0.07636386662010299
bcff99ab0fd639c5,以夏天的名义,3,0.04729470885289633,0.0032540312885091967
322ea70fda337072,以我深情祭岁月,3,-0.015837020901954546,-0.039017502560442015
627ed6ac9ac0bf67,以救世之名，登上去往星际的列车,6,-0.10210794156337372,-0.016789394568283312
cdd9b7e1bffcf79b,以权谋君,1,0.09149014993619287,0.00021664927092959882
5c02b764f35686db,以武登仙：从武侠开始的无敌路,1,0.08310585601120346,0.010489312099793341
45869d042243ef0a,任务完成后，宿主他死的深入人心,3,0.04945528323473525,-0.04977392460864519
5f8b0da8150d8eda,企业小姐想做秘书舰,3,0.011384293225470299,0.012675268455572325
017da8cb555fcd7c,会有真爱在明天,0,0.015641010564667046,0.029836727843449984
787a6d43cf28324c,会长姐姐对我蓄谋已久,6,-0.07011591412743168,0.027455966442214447
fa0f64c45cb517f5,传奇佣兵：从拯救小猫娘开始,3,-0.023528541980656847,-0.020567772297807995
a67d810bbd12bfef,传奇重现,0,-0.006815377452693894,0.09251670291432784
26d99de871ab5347,传奇：我在异界卖装备,4,-0.21856346453846964,0.12510714906515813
081e7fd720a76f4d,传说管理局,6,-0.04037226924264453,0.04394889500078599
005c79d941830af2,伪造淑女,3,0.009386862175071786,-0.024101171286150285
5677f55574338e61,位面穿越之旅,0,0.005885495171530586,0.06629795896142993
4431ef03e5dea55f,佔有姜西,1,0.11540945035783923,-0.008566218165268256
e2c034be96723567,何故为普女长出恋爱脑,6,-0.04685898857535742,0.044054294392643384
f4b5d2752c35117f,佛子高不可攀！搂怀里娇妻细腰亲,3,0.030428411756761253,-0.03203204708580909
91d4a0c1e86057e0,作为终焉之茧的我，来到了修仙界,1,0.08540967161217827,-0.016743477288378016
a084deae973c5c14,作死的我被逃生boss缠上了,1,0.11135583712792552,-0.008796281039086333
cc848a4d9d28a341,你一出租司机，比我们警察还能抓,3,0.04664969546670972,-0.016778930006951836
feeae3c592ee7637,你一辅警，入职提两杀人犯？,0,0.04292117375281579,0.04975104789779622
6ed0846c8dfac348,你不许谈恋爱,6,-0.05658779379743495,0.034320736635731326
a85fad2c351168dc,你个游戏设计师，天天警局备案？,0,0.03724246539942533,0.0552687653369062
60fbc45d3009c47b,你们御兽我驭鬼，你们超神我超鬼,7,-0.0804502873221497,-0.038116535772663725
a9d7de855d3d210c,你们惹她干嘛，小师妹有天道宠着,6,-0.05377201319558694,-0.01126731848453806
5372e93faa79f51a,你们都追女主？反派小富婆我娶了,6,-0.05351013749570077,-0.011779350600690934
7ce16c84b0173cd2,你们都追女主？那女魔头我娶走了,0,0.0008600056837848591,0.020911754503267956
11b0eaf0109b7bc5,你凭什么认为我会一直喜欢你呢,6,-0.019620171306243384,-0.004196215454687943
c2ef175119ac63c0,你天骄，我沙雕，杠精宿主爱作妖,0,0.03758790993110206,0.05111771141347956
f88a09607f25704d,你失信了,3,0.016176151473762168,0.0036479539179382773
93e01347f8cb326f,你就仗着我喜欢,5,-0.25226346579196546,0.06052968825578682
e453dd10d677ff4d,你惹他干嘛，规则怪谈是他孙子辈,0,0.014144675260580941,0.011252668249091493
2e01e9be9afd36d2,你打娃，我看戏，豪门后妈上综艺,6,-0.05665047008377766,0.019975220459438975
97870eda199e6c85,你敢惹我？我有六个反派儿子,3,0.05102471586789348,-0.01952864903825492
d3dd4b9be1f37d7a,你是这样的学姐？,1,0.0744725607761132,-0.0011019125233440999
e979f4931b2e1d80,你有病，我有药，吃完一起蹦蹦跳,1,0.06857495656573276,-0.07308162348997929
1cb522799135ea0f,你有白月光，我有俏竹马,0,0.04545422921960385,0.019071815111236363
a3adbfd91414ea4c,你根本没参加国运，你躲哪了？,0,0.03988448835193348,0.04560781444714418
b5e9ad5e0044faff,你的天赋很好，可惜是我的了！,0,0.02455682738781162,0.05628361746075125
8eaeea78f9f49915,你的未来，有我吗,3,-0.002631733059046071,-0.017532392147392994
e2cbdc09f1cf5a0e,你的机缘很好，我笑纳了,1,0.1278907186229521,-0.09585258587446316
7ca4cd632e0b4bdc,你的自律，给你自由,3,0.06114849858447635,-0.09441135055710412
09e954f284eabda8,你穿婚纱追星，我分手你哭啥？,4,-0.13031619270496653,0.18078678959483302
fcfcc8ffbf019a6f,你管这叫D级能力？,1,0.07766962654516085,-0.050828808101625086
8bb105f70b9e05c2,你行你上啊,0,-0.00919416426234737,-0.001774487473899297
921c9808fe5cdfab,你贩剑，我发癫，联手整顿娱乐圈,6,-0.13914352959398996,-0.006868525526364237
cf0a13064d8f2ae0,你赚钱，我来花，豪门后妈爽翻啦_7222358613665254440,3,-0.02327968773767447,-0.03164649210279536
5eef43f2d32e09fd,你赚钱，我来花，豪门后妈爽翻啦,3,-0.02327968773767447,-0.03164649210279536
d5b21ec63718af67,你这剑仙，强的同时又过分帅气,3,0.05027452463568549,-0.06512856620457153
c1b076d30299609c,使你痛苦的必将让你强大,1,0.1477811514829369,-0.13282007978872293
ea2f596ea70976b0,侯府真千金她重生了,1,0.09537879262055993,-0.06477251273769268
c1c9bdd7a9005cd4,侯门嫡女惨死下堂，重生后大杀四方,1,0.17249760443109552,-0.10090442198457032
21f80bf66d78722d,侵占！软糯美人鱼被清冷佛子索吻,7,-0.020544390033752025,-0.09572009089361885
ceb518ba53bc2fb2,俗世妖人,7,-0.1645754166215201,-0.1511538113281614
ba8f9943871c2f5e,修个妹的仙,5,-0.36216353462627393,-0.07455685882672405
a808e66ebbab41be,修仙,1,0.16507018256780426,-0.04828186911619062
016bccdec7e3b4f3,修仙世家：从广纳道侣开始,1,0.1012125393993879,-0.02734389993860763
9fc0b70d98cb2c30,修仙从命运祭坛开始,1,0.09762535199878897,-0.07285374738461006
cb4a0afbee8210ac,修仙从逃离病娇开始,0,0.003341467646688079,0.01894828437306408
f2885582569bc99e,修仙冤种女配崛起，开局杀女主,0,0.04666502333071865,0.0326079068730506
1625fdc80aac76cb,修仙大佬命中带编,0,0.02163864732519738,0.01927512818708598
c03f6083f9555839,修仙小魔头,1,0.10870853651019385,0.011646384742004978
7ac9f8380beda7c0,修仙手游反馈修为？我氪金十亿！,3,0.004483176015445789,-0.02976605572675874
41c54a7f1ce0c8b7,修仙模拟，十年飞升,1,0.167116461013336,-0.07631764771737772
a51f969d44659b94,修仙特效，我靠忽悠成仙,1,0.06673258164906348,-0.0357489637099694
29debf024662a7a6,修仙生存指北,1,0.10324467455338004,-0.04210609093685012
c053671a396b2e8d,修仙，师兄我与世无争,0,0.03636181058767407,0.05660380434556373
9620fe42bfb0236b,修仙：从在炼器铺当厨子开始,0,-0.032946097600533075,0.06739902647413416
6ca9eccc48085b2c,修理工：开局万米高空修飞机,3,0.04921184631491016,-0.0020895660249201785
d47e517af2bc612e,修罗场：开局被病娇求婚,7,-0.034664959366053516,-0.10977406102600579
11d74017ef0c24a3,假千金只想搞钱,3,0.017169617916686364,-0.038029925460377915
25b98ca1a397f662,假千金手撕剧本，沙雕摆烂躺麻了,0,-0.014248372282650468,0.014267584702167635
74e1aac21bffbbf1,假千金被读心后，炮灰们人设崩了,3,0.03449105346118675,0.0017720049019414063
690b8f78092e3ca8,假太监：开局发现皇帝女儿身,6,-0.06942585778578181,0.040023558160932865
2bf493de7f3a5b34,假扮圣女的魔族事务长才不会善堕,6,-0.03635122291489312,0.004428037936515053
92ac9ff24803c43c,假荒野变真求生,5,-0.3079731281264093,-0.009609081742250466
81b90a52d03a3b8b,偏执大佬每天都在吃醋【穿书】,0,0.027329771384462243,0.034255657968524915
245b40d0ff20b35a,偏执弟弟饲养指南,1,0.06992415334322644,0.015157985347258306
187b6a84af397475,偏执时少，你娇妻重生来疼你了,3,0.06079729128176237,-0.0192251561135525
ef622e94949e1971,偏执疯批掐腰哄！清冷宿主动了心,0,-0.003991885949812923,0.01431606992524578
d84cb706e7661d6a,偏爱独宠，禁欲佛子搂腰缠吻,3,0.051808321689185144,-0.005338567810922323
673fadf425e3aa55,做人偶被偷拍，世人污蔑我是鬼王,0,-0.03396323445245464,0.05582213488848931
ff34650226faae5d,偷亲一口棉花糖,1,0.07470667400665731,-0.0528871132796954
78433031f56d2997,偷偷蓄谋，校草他又撩又野,6,-0.02424581232168921,0.032104892576869125
8ddf0ac1785ecf4f,偷听毒宠心声后，我有个大胆想法,3,0.057578306827430814,-0.04826562946365753
e512657bb59df13c,偷揽昼春,7,-0.08416811915747713,-0.04651292630441842
703c349d653419d3,偷脸,3,0.0668485196820513,-0.04663947459746833
2e8f0462b89012e9,傀偶师少女的邪神游戏,3,0.03799288425454006,-0.020016177307544406
48a0c1c755245d0b,傅同学，可以亲一下吗？,0,-0.024181131081921936,0.04134935426534158
816459a43e79aec7,傅爷：夫人又惊艳全球了,0,0.0473452265835248,0.01889967735187092
6c34cb0e0a1949a7,催眠术手册,3,0.01790259660761706,-0.03873147399313653
a52ed7c0dd09611c,傲娇女上司是前女友的闺蜜,0,-0.006911687602414229,0.05605120428589333
1d6fd9c93b950de6,傲娇小青梅甜又黏，又在偷看我了,6,-0.028003730196942356,-0.022969086897863
fe3889acae4f03af,傲娇帅哥的我不想被女孩子欺负,4,-0.09926335213749132,0.07202612917117295
fe026c2208c050c1,傲娇暴戾影帝是我前男友，得哄！,0,-0.0002283739398845075,0.026345805902081052
ed21f6f8b9112ca5,傻柱子的四合院,4,-0.1815996882831114,0.1987158327274044
aa10baae63ee3d26,僵毁：肯塔基超人养成计划,6,-0.12336061834196932,0.0013442371063307466
0ca78224e007c22e,儒道至上？我在异界背唐诗！,1,0.10365185923084774,-0.02935694505760331
5d473595062e3592,儿子抱着影帝叫爸后，直播间炸了,0,-0.003971374620610035,0.030039307196350402
2dc7f38a3d4de2e3,兄坑：论大师姐的自我修养,6,-0.05653583145299074,0.03821978201580697
9a766f537af54bce,先孕后婚，禁欲大佬又在偷吻孕妻,1,0.09276648860298364,0.006444452189421621
76c4defa3c2db4af,先死个徒弟助助兴,2,-0.4513589577127771,-0.32405368361969555
9e9a3774677409c8,光是纽带，向阳而生,0,-0.011262430577018034,0.01903282161513201
32507bda2ffc18c8,克苏鲁神话：众神典藏图集,7,-0.06209413145557657,-0.21740272898119667
593c120db2bb5d43,入伍当纠察，需要提前退伍？,0,-0.044525112075964324,0.07033890541399111
beaf76a851ebb378,入夜，对她上瘾,1,0.07035718428804982,-0.0352985488133349
75e8b81b24b370ec,入学后，发现闪婚对象竟是辅导员,0,-0.012579118020983604,0.04881618024639183
2eadfe3d1c6f0ffd,入职第一天迟到，你借口被劫持？,3,0.04203583733273053,-0.03199192227849335
f8e8e96d84942dd7,全世界只有我没有异能,1,0.06856337378886257,0.007481518764363157
a456bcdce9dcf8ac,全员反派读我心后，我嘎了男女主,0,0.031144210475851697,0.008483064212728318
8892fcbd6fbe6a89,全员团灭后，咸鱼师妹怒修天道！,1,0.0853251087873943,-0.04255734201162094
59ab06052d5a71d5,全员病娇的诡异恋爱游戏,7,-0.140521047474563,-0.025386441605761968
6a217224ed15bd1e,全员读心：豪门后妈娃综摆烂爆火,1,0.07338806138133935,-0.012663306767612756
c2342064d1c83161,全娱乐圈听我心声，瓜太香了！,0,0.05119954900962165,0.019692163634431287
cbefa0c109d19c33,全宗都是舔狗，小师妹是真狗,0,-0.016852191681020035,0.04606833254508622
89c8b7dff34aa6ab,全宗门都是恋爱脑，唯我是真疯批,0,0.033547243359965506,0.017861336936606288
688fc4127426446b,全家偷听我心声杀疯了，我负责吃奶,0,-0.01119721953978825,0.04470889249267975
3e5e259be3c6639e,全家反派读我心后，人设都崩了,0,0.03414051058279466,0.058226258182936204
825d3b0c86776ae5,全家反派读我心声，集体摆烂吃瓜,1,0.07890975779185205,0.016837226714140213
8a82ff6a794dcf87,全家反派读我心，假千金被团宠啦,3,0.0076928155187628855,-0.048942338317170785
6d8589af3ec5cc34,全家带凳子吃瓜，真千金爆料啦,0,0.07452550765300026,0.03379552138171917
5ce197b6f5f8d122,全星际都想让我给他们生崽崽,3,0.03762387012318413,0.005929064637370241
154b6a9c1f9afd04,全校惊了：冷艳校花成了我的跟班,0,0.008599343222677969,0.011250921773437235
c288af88d555c809,全民修魔，只有我拥有丧尸世界,3,-0.008618169271689069,-0.017647703177375653
6ad81c523601ebd6,全民入侵异界：开局获得仙魔转生池,0,0.03457951812279347,0.04861117023785494
b994e0798d4be02b,全民兽化：从柳树开始进化,0,0.013667932425198481,0.019494930816848267
833d27d89e5d43d7,全民内卷修仙，我靠摆烂封神！,3,-0.0063724273724966585,-0.048387605933984265
e3d4f50903d9772f,全民创世：开局绑定神明模拟器,1,0.10964777619821164,-0.013682946355641781
a3e75f3ada5f52d7,全民创世：我创造了至高洪荒！,0,0.012028730871006199,0.05900996237899164
04ea1bf7b172ae6e,全民创世：我创造了诡异世界,2,-0.45218191338361646,-0.2779286643437837
281e7c38b3e2a95e,全民副本：我刷满了BOSS好感,3,-0.030522091933346707,-0.03980892398956166
0956821d5be5282c,全民原神转职，七圣召唤芙宁娜,0,4.612340689258421e-05,0.03967668959059438
4331b0b11f99c936,全民国运：开局选中曹贼卡牌,1,0.1085206202657597,-0.00724798304067548
e72fea5f425da0c8,全民婚配：毕业发老婆，玩坏龙娘,0,-0.011585335239038985,0.03444129124287485
0192fe149cba472f,全民帝王：我招募的嫦娥刚猛如虎,0,0.08403934348279174,0.05204706387513269
94ecd7f264107d10,全民御兽：我的战宠超厉害,6,-0.10761974355069648,0.05041641392886766
401774f400f7f66a,全民御兽：我的魅力只针对御兽,5,-0.1865242802600237,-0.0632645262643377
3db447d7f9ae8d60,全民御兽：我，洞察所有进化路线,3,0.038974717611793164,0.012144760167685013
17452bcd4ee2fcf9,全民御兽：戴夫教我培养豌豆射手,1,0.09054770513556598,-0.02509585668804469
cb3b56336448a2d0,全民御灵，我的灵宠是女僵尸,4,-0.2359774233918422,0.09464759014113264
9186e6362016f263,全民抽卡：开局SSS级震惊国家,1,0.08987643449715899,0.022838484355981483
dcfe7804cdd2da3d,全民末世垂钓：开局钓到SSS级,4,-0.046738640861014535,0.10283105999271909
31fcaf5bfa85f1ea,全民求生游戏：我在扮演神灵,0,-0.011080947371619798,0.012895983541028342
0081871561d295cb,全民求生：从小木屋开始变强,5,-0.27923891581104143,-0.03461952712922775
8c4d3e1721927f97,全民求生：从食物链低端进化,6,-0.05652997597746173,0.047830539968458125
797516bf6b606e24,全民神祇：我的眷族越放养越无敌,0,-0.02341675703001994,0.11427706612808569
779982885d65e563,全民神袛：我的神域是无尽深渊,3,-0.007410759661986122,-0.058853323517152216
c58d70982c868b27,全民网游开局百倍反伤！,1,0.19585862883395122,-0.04672681437973706
cfd12ea6c421b543,全民网游：我靠无限附加特性成神,1,0.14325714771583353,-0.06808144891532775
b63b5b0076561687,全民藏宝图，只有我能看到提示,0,0.005961537485886792,0.023933543654981553
32bc524f47674652,全民诸天：开局获得神话大罗道果,7,-0.03922362500094512,-0.0736026911960312
fefbdbd0e941c7fa,全民转职之我的被动强无敌,1,0.10620072148138848,-0.028098957545552528
0ff5e3624d4fb7b8,全民转职：我死灵法师，百倍增幅,0,0.04203519260271826,0.04290465884335712
ea3c1ee30f3a7df8,全民转职：我神器词条无限叠加,0,0.031328101067805925,0.03787194596373416
4cc4af145af1a772,全民领主：变身成为亡灵女王,1,0.14907567273014277,-0.055569750727367764
8e8c73f543c225d0,全民领主：唯独我是堕落帝国？,1,0.08500210395021057,-0.04909448855297955
aec33279905b2dca,全民领主：我打造了神话天庭！,1,0.1109272309444469,-0.011572713434573922
5dbf95141fe88be6,全民领主：我的领地能无限进化,1,0.11101291985019435,-0.03331785523097254
9aec218bcd3714ae,全民领主：招募黑影，横推无敌！,1,0.1361145776649163,-0.006768396691736109
e2229447eee67dd1,全民领主：无敌从召唤女帝开始,3,0.037595353841934465,-0.01712164161093751
774de4caeb91c17c,全民领主：让我抽卡？我自己选！,1,0.11208904010049747,-0.07251861067175801
7840885501e5bdf1,全民领主：魅魔城堡的我多子多福,3,0.027422846720651983,-0.04637857149579451
0db4fe4e376e2394,全民魔法师：我是唯一的修仙者,6,-0.024408345224422756,0.04687521850218567
0e6ffc0d9fa96136,全民：刚创建学院，被国家盯上了,1,0.11427033339438708,0.001454472694819271
22459e9e5049a9ab,全民：啥？你管GM叫生活职业？,0,-0.0030296623193600825,0.018191684127385064
68899259cd84fe87,全民：开局觉醒原罪贪婪,7,-0.06988831475551932,-0.15328092424756629
cf636c1b30269487,全民：我背诵三千道藏转职天师,3,-0.0013608512878068302,0.018528344042798406
6d60494b07c117e6,全民：神级死灵，国家带我盗墓！,0,0.05880177432657596,0.0745646164855512
d03debc75e25d53b,全民：神级选择，开局主神级圣女,3,0.0012358512124462928,-0.037761791766725686
790a6589bb1b823d,全民：让御兽，你养美杜莎女王？,1,0.1258043378751701,-0.010704389724249799
f8d59d4a72642cf4,全民：随机婚配，我能看见提示！,1,0.12266379741993705,-0.03240476883418087
5c0eeb74921f2289,全班都有异能，但我们只想打游戏,3,-0.03307458088762061,-0.045818069739246355
d1cd57326a29575b,全球偷盗：你管这叫颜值选手,0,0.041245204537047275,0.03617822618854649
d5b0c4c25ddfe9b7,全球公测：万族降临，我百倍增幅,0,0.06652851097287349,0.034699347303800546
ef6286ff51c53d20,全球冰封：变身光脚萝莉去流浪,6,-0.030980757263919245,-0.012717094732362693
3978d076478427fa,全球冰封：我在女寝当宿管,3,0.03439424731983687,-0.020327911545628775
dea3ebd7893c0104,全球副本：我的天赋叫风灵月影,6,-0.04952274620172087,0.007081783264680782
efdc81e9f880fc10,全球变异，我在末日异化成神,1,0.12708469470243722,-0.07071913436816123
8b4fd0e82fda8198,全球大佬团宠后，小撩精野翻了,3,-0.017184413568458845,-0.05354070990392841
435401b4b7e9041d,全球异变：我的守护灵乃大秦始皇,1,0.1566288958786306,-0.0459310708855215
17d7d9dbe0a83d05,全球异能：开局觉醒无下限术式,1,0.09307498694818617,-0.02719339092315534
6f7604480d3f0aeb,全球异能：开局觉醒紫霄神雷,1,0.06458533447495007,0.0023358185392615936
bfbd5555c4869cd8,全球御兽：我抓住了系统漏洞,3,0.04185585335181219,-0.009759793767815937
5f667f6c6949a5e0,全球御兽：我每天一颗御兽蛋,3,0.05758521008700224,-0.029109129685545115
4331057a557dfc5f,全球御兽：我能看见进化路线,1,0.08219016802864842,0.013575705862862542
e48fee610816feae,全球御鬼_我的体内有亿只鬼,1,0.111775315938616,0.010713974014492452
cb690e45874c1749,全球御鬼：我的体内有亿只鬼,1,0.11102702870822034,0.010900600058679611
0ff1c9df63c20465,全球抢排行，我专属天赋强亿点,7,-0.14556453978307776,-0.2353901569161842
56f7518b0e60924a,全球捉迷藏：开局获得作弊模式！,0,-0.008375534765176162,0.09850344860060445
ebd52c686bab418c,全球洪荒：我在洪荒称尊做祖,0,0.02424856794947705,0.09631143683580645
b8d2aaa5e59b59c8,全球游戏：我开挂无敌,1,0.06293296607777943,0.007067455576327833
672681bc1a3fd6ee,全球游戏：我是优雅的谜语人,7,-0.013540934875371446,-0.11303136453950313
e52b9d68482b3e07,全球游戏：这些技能别太荒谬！,6,-0.04345887243434565,0.05867319131210604
6cfa45ea6af5b3b8,全球灾变：开局获得3级文明！,6,-0.12085014992805787,0.013109045833588398
dc256a4eb73b3435,全球灾变：我召唤无限军团横推万物,4,-0.0617614418878748,0.17517697761810228
02df23a56953c21d,全球畸变：亿兆生命的变异狂潮,7,-0.05777069564706061,-0.07717807570684392
061a18e8bb4fd749,全球直播：我在北极打造动物农场,0,-0.023644549515822955,0.07644518472579839
daa242ed4dbcb5e6,全球神祇时代：科技教派崛起,1,0.09776709090768532,0.008335082893935246
f560594d6e014175,全球英雄时代：开局解锁李信面板,4,-0.15573894912939878,0.036410213692100284
9f354f82edc67057,全球觉醒：你管这叫弱鸡召唤师？,4,-0.06439886664445921,0.08115088001146148
08e79128a66e825c,全球觉醒：我的天赋无限升级,0,0.055835273253282414,0.02009968186053555
29c53cdad02ad43a,全球诡化：从获得天命轮盘开始！,1,0.1558830698028505,-0.031265853870758566
a3cb28bd3a8f3c52,全球轮回：爱情公寓传说,1,0.07602622862846109,0.013153436870596487
0c9e340eddc30a46,全球进化：我返祖了盘古！,0,-0.01204118391854192,0.021270431084111426
9fb8e5c4ccdc299a,全球追捕：让你逃亡，你咋还破案,4,-0.1534700508418299,0.07092179643508867
94ae4aaf7ea79cc6,全球通缉：开局五星级越狱,0,0.015947781367597447,0.06869713101793651
b996e7c0b97d2658,全球高温：我在末世囤积百亿物资_7255705087882824738,3,0.04207182317153968,-0.00896218748365516
fb1ffef90ca7c2fd,全球高温：我在末世囤积百亿物资,3,0.03346606174855937,-0.007526500990289115
b04041866bed3dc9,全系元素师：暴戾妖皇是她死对头,6,-0.03508984132813692,-0.015623758392763365
496dc719a2a18292,全网观众读心声，看我打脸娱乐圈,4,-0.08264576173513366,0.11999687576740971
818b21dc1df2fd63,全职剑修,0,0.046097404792436625,0.030272661756615003
2c1243ff8544dfa4,全职满级后，我与女诡异比翼齐飞,6,-0.03264709056570747,0.01839163002772888
0320671657619b5a,全贵族学院听我心声后，宠疯我,3,0.0020168168730614333,-0.052798642126225724
5f54fb6723ead7fe,八个姐姐独宠我，全是扶弟狂魔！,1,0.10923459816351722,-0.056607894365366396
992149c104fccd8e,八岁瞎眼圣孙，开局爬出大明皇陵,0,0.04029521737586805,0.06790834141669058
8142924a8a4f5b2a,八零军婚有双宝：炮灰前妻洗白了,1,0.09207481278713647,-0.01865121288786344
4a8275bade6129cf,八零娇妻驭夫有道,3,0.036820032135935654,0.002772072401224162
f1c8ce3dbf0bd695,八零漂亮后妈，嫁个厂长养崽崽,1,0.07696065897404114,-0.040781527008576644
4ec190cb8b1558af,八零重启：拒绝PUA！只想赚钱,4,-0.1156601603884147,0.19765322428270285
5fc4439b0dd4b184,公主快穿，逃不了,3,0.009126415328366333,0.011821134745020374
b10465c1612dacad,六年后，大小姐带着系统杀回来了,3,0.05915547027135204,-0.06142898253434889
fa7f671e98ac1677,关于发小变青梅开始攻略我这件事,4,-0.12571904976649534,0.08249349256228827
ae21cf553aeb3a60,关于我同桌是都市传说这档事,3,0.053715832253786955,0.00959790336024576
a7503f5da0f9fb90,关于我成为无敌的吸血鬼女仆,3,0.03193644204977364,-0.028378040649889143
f3c3a9050ac16daa,关于我穿越到崩坏世界的那些事,3,0.046448422024429226,-0.011802180385581128
11ef29e13cd8ab80,关于我穿越后和爱莉的崩坏之旅,6,-0.05189896358953122,-0.012898917760493822
9053d03090817560,关你屁事，关我屁事,1,0.08271677456105453,-0.04734590753523881
b9755bf738171db3,关灯就睡觉：哈佛医学院高效睡眠指南,1,0.08066629415462934,-0.14239543587991432
d640b69177c1e5e4,关键对话,1,0.06910280791309942,-0.08481612868915425
b5e291199fb447b0,其实师尊是我的在逃小夫郎,4,-0.1476980675104248,0.12776136695296597
67e24f179f362dfc,典藏华夏：开局对话十大皇帝,1,0.11055955378611015,-0.04286543869068929
cdd12a1f429dd813,养个弟弟当明星,3,0.052213205320631784,-0.002048241245772383
81c55af6fdd1adf9,养女妖开青楼？这书生不干人事啊,4,-0.08693973790316506,0.14258538873441662
0300c2a5516ee052,养猫十余载，收获猫妖老婆,6,-0.059895610685335665,0.028035390583908283
80cb6c5a8e3a0851,兽世在逃小娇娇,1,0.11263588040696215,-0.04107528055283717
533501de22943cfe,兽人文：我后悔喜欢你了,4,-0.04674667958591222,0.15398619186792162
146e64f62c620614,再战明日之后,1,0.1094041878826757,-0.039553996054762286
817e47d06c8812f6,再见，寒生,4,-0.13613699136872348,0.10286072748227677
d95d835207670027,写死我行，巴啦啦能量是什么鬼！,1,0.10853609760075011,0.00988809508392533
4864146a7d084c86,军婚七零：科研大佬被宠成小娇妻,0,0.03129828959893288,0.03137461283680557
e4b47bd256147769,军婚甜宠：兵哥宠妻无下限,1,0.1008579984472362,-0.03086665846843761
31115771be866da1,军婚离不了，兵哥追妻太会撩,0,0.02621009442467026,0.014176849629777208
85d42086f64d5077,军嫂俏！军爷糙！八零随军闪了腰,6,-0.0372393139774847,0.052502663500543674
4d0d849635b38341,军训第一天，高冷校花给我送水,1,0.08271073863072431,-0.08207115705025061
032fac3b2f776450,农家少闲时,6,-0.11973146346650498,0.020534315747864424
c5286eeaac5acfab,农门帝师的科举之路,1,0.147690504880162,-0.05688501357041948
e9b2fff1b2d8555c,冥想5分钟，等于熟睡一小时,3,0.05485924762532446,-0.0759810200161956
e58a93ed565256bf,冥王叫我去抓鬼，开局就是分尸案,0,0.021847165410252,0.07839460442034442
b6b9d2e0ab1747fe,冰川撞骄阳,1,0.07668581471731428,0.012148263690219891
1907ca37da4119dc,冰河末世，我囤积了百亿物资,1,0.09758295292164643,0.0017118989149535197
0c1437826203c20a,冰河末世：我抢光千亿超市物资,1,0.1358587696308856,-0.024057865865257697
df4d81a48af86d58,冰海求生，我跟万物唠嗑搞情报,4,-0.10091335443043564,0.131473962573241
24d13de034ed7c8e,冲师逆徒！天天想着洞察师尊,6,-0.05222072615822093,-0.0083139678902605
fafbfecf2117041b,决定摆烂后我成了高武女帝,3,0.039199215831133505,0.009053377429339536
b200ab8f24d13b6e,冷漠妻主一心只想种田,6,-0.057645711720188675,-0.044725917874692524
c000acf3f5bc144e,准备好麻袋，霍爷的小甜宝出门啦,6,-0.0722379279714272,0.015122949213733923
0797c247eb04f330,凋零风暴的明日方舟之旅,6,-0.10880206817249688,0.011837420609007984
e1e576d3a0364af4,凡人修仙，自带神器聚宝瓶,1,0.10429656389266861,-0.03813260277636386
b595756d7fcef413,凡人修仙，谁能比我极阴更阴！,1,0.12192143089636165,-0.033805570668206435
dc44e4f3d99b1d04,凡人飞仙,0,0.061827821346161826,0.03265346324821592
d03bed7e0f9c1580,凡骨,1,0.1246423603963861,-0.06312978565784093
4775184caf4ee6c0,凡骨_7077516958534470656.1,1,0.12798793266969288,-0.06736110420049837
ecba68d88a3c6cc6,凶犯演太好，特警问我蹲过几年,3,0.01939547439879563,0.011215946567403958
54502cd4cdb98f5b,凹凸世界之我是金的哥哥,5,-0.18847873901733286,0.00021281435684180347
d03766567e30608b,出场就是s级异能觉醒者,1,0.10990505788134197,-0.06260260064992165
b94467c129b74c76,出狱后，我娶了黑道公主,0,-0.010721102235736135,0.07860903511108373
8317b4353a4d10ce,出精神病院后，沙雕真千金爆红了,6,-0.07985339673093295,0.051696425278215434
2bc5838d9630be9d,出马仙往事,0,0.0386003254156041,0.013467886361747125
7b0669708202cfe4,刀不语,6,-0.03511071915140973,-0.005279037501962094
f4f2fc7a449c8f7f,刀剑神皇,1,0.1652099453309942,-0.036122031988622454
29d8e71db1dd5ce5,刀剑问心,3,0.062017645748391526,-0.05546597726491217
40124ba5bdad3827,分手你提的，我京少身份曝光哭啥,4,-0.15221436337647382,0.11350150437479105
02981bc465aedd0f,分手你提的，青梅校花追我你哭啥,0,0.0002549560682524321,0.020250906956207144
b24153e47052e6e0,分手后我怀了大佬的崽,1,0.07999433269042922,-0.05791863180881692
b43f343d722ed786,分手后腹黑年下她总在强制爱,6,-0.09694613169925032,0.015463070817203155
c29c39cfda9e6cdb,分手后，我嫁给了前男友的小叔,1,0.10241624978830033,-0.029261465441099813
2b280b1e62bacf37,分手后，我嫁给了前男友的死对头,3,0.06319345045293967,-0.03787469433196351
964627030fcc74af,分手后，豪门掌权人把我宠上天,1,0.09336534199810487,0.013823223007322935
0a8069a0a55759d4,刑啊！蹭我wifi，还剪我网线,0,0.02724574093390375,0.04531500420405183
ec089f57fa247d1b,刑法中的同意制度：从性侵犯罪谈起,1,0.07438887644000824,-0.17183614758685042
e50171b1c6155760,刑法学总论,1,0.3048934815450923,-0.10497340192797441
d369eebc37007521,刑法学讲义,7,-0.0025586840191303972,-0.15468811785776163
f4b9f2a3e7ddf0c7,刑罚的历史,7,-0.08058980263419713,-0.06740330118764344
7d5f3c8fff6d9a85,刚下山就被女神骗去领证了_7111596735448747041,1,0.06771752655450036,0.022274877501205746
782e204ff032cc58,刚下山就被女神骗去领证了,1,0.06771752655450036,0.022274877501205746
ad120aeb78e83bcc,刚入职反扒队，抓了A级通缉犯,0,0.003979173224429422,0.05292206532117346
510d0247d21f797c,刚准备无敌，女帝逆推我！,0,-0.00764289402515772,0.11399964723172597
116b639ff57b01df,刚变吸血鬼，就被校花学姐抓回家,0,0.002966832766500893,0.03723675945195563
b8108dd0f586e7fa,刚变身萝莉，被邮寄到病娇校花家,6,-0.11769548576417865,0.015386077311106664
20ee49c2b8da22da,刚和女帝分手，踩死蚂蚁升级了,3,0.045692623424293255,-0.07270591863774087
db9bcb054881dd19,刚开学，我和高冷校花领证了,3,0.029595396880023883,-0.0021862725346229787
c6309cb101dff439,刚开学，我拒绝前世校花老婆表白,1,0.07507293165889817,-0.011660834862563413
f24b50d27bc03442,刚成S级诡异，校花就要收容我？,7,-0.08369657748214754,-0.03442327995422991
563867866ec3226e,刚成御兽：开局被高冷校花契约,0,0.0659245993837102,0.026289558929978547
9bcc1a093f908e16,刚毕业，校花就让我当奶爸,0,-0.014507622690278776,0.05588000126838184
b8865ceea4f0a9ba,刚穿越就和大明星结婚了,1,0.09453618811846842,-0.07010534968033715
9361de8159d91ea8,刚背熟剧情，你告诉我换剧本了？,1,0.07442292882053014,0.014379991122995336
cf39bee0fb3f567e,刚重生，兄控妹妹在我怀中,0,0.031644607326873686,0.03803360266852015
0730933cd00081f4,刚重生，我就和高冷美校花追尾了,1,0.10488487662805068,-0.004778853435328788
2b8881c61237c375,创世游戏反馈现实：我氪金百亿,1,0.1320986898017774,-0.07331554855380071
98d1ea5d4534d9b6,别人中间商赚差价，你卖军火？,1,0.07928752449869125,-0.011243077063981134
3302b7f24a050de2,别人修仙她发癫，无敌尽头是考编,1,0.08728363912591575,0.02194876290414271
d41e9f05f4fca40e,别人修仙我修命，女主也没我命硬,3,-0.006356930768691038,-0.06093087512517792
110e6bf711d85893,别人朝我扔泥巴，躺下讹他三万八,4,-0.15027534947263071,0.16118551717795762
a53c21b5de0a93fe,别人看不见的老婆,1,0.1190493085239005,-0.03976298198177029
1173730d80f244eb,别卷啦！隔壁仙门都上四休三啦,1,0.11577216789603106,-0.03466105116988006
f522d075fc28b77e,别叫我恶魔,6,-0.06444662913774057,0.07173442297278097
ea3e05abe516131b,别和我撒娇,6,-0.06913977874858379,-0.02285279246191589
8bcfa9d67bb2b42f,别在吃苦的年纪选择安逸,1,0.08644077460895261,-0.06301950250631162
9be706466a0af5eb,别太离谱！替身八年告诉我穿错书,1,0.061723664748071894,-0.043447128235720056
82c1490fc6d0550b,别惹我，我有病，发起疯来不要命,3,0.0318308676716097,-0.007173232911031249
1d1a29a1b9f9062e,别求我原谅，我只想从容赴死,1,0.06783685243776127,-0.043674592862388076
aa4039b61b2952d0,别看了，这个女主真的有病,4,-0.09917499794042767,0.06640956628229126
76d5437919d05410,别跑了，这里到处是怪物,3,0.01960257884223182,-0.015352312055056272
d519094f5f1a2d18,制霸异界的被动怪,0,0.04977230652639286,0.030008645552570677
8a2b7c53b9084e02,前世今生被曝光，我和女帝五世缘,3,0.017734415998311492,-0.007147509852694701
89d2afa0a0d6c8fc,前女友订婚，我一首嘉宾重返歌坛,0,0.007187595288963733,0.03482951270286922
503961353bb58b79,剑无煞,1,0.10590550497989748,0.012940989702506286
4c4dde211be49e48,剑有惊蛰,1,0.08120645026492812,0.014791674480746107
faca4ede56b04eee,剑豪，但是开局被病娇缠身,7,-0.038375861403815936,-0.09040257008973847
010ebf639f439038,剑道，赘婿，开局跪下求她别退婚,0,0.02520913133053604,0.02550574224832492
95e98fae59908af0,剑酒,3,-0.010822350829367167,-0.010400367846228572
d8ead420efb5c4c8,动物的社会行为,3,0.021766465928638068,-0.11124632105758392
87aa289c2c4d7bc3,劫天运,0,-0.013255449419489085,0.0717014520452118
5000282265eec844,劲爆！恶毒男配竟靠女装拿捏反派,6,-0.05536187841996382,-0.0001513969260728866
44318ddee1f21b7c,勤能补拙：开局补足个天灵根,3,0.050731135534263894,-0.004956520474173444
3c4fff5782234d03,勾吻,1,0.0657177893359916,0.01489380239828541
27b005aa7ead673e,勾她身诱她心！腹黑世子不好惹,1,0.08060234014129963,-0.07262320243024428
841ddd5d57148f9f,勾引ta,3,0.005947468851356996,-0.01913415137233959
d734ac70006ae0e3,勾心,6,-0.11002275048079929,0.029248241019878073
24c9a5aeae2a6410,勾搭疯批师弟后，我竟成了万人迷,0,-0.007109812490590395,0.026272121489718726
5ddd7e09568755a7,包工头如何做好顶流的公开女友,0,0.045078502818191035,0.010344479475423695
b31ebb502c31ac9c,北派盗墓笔记,4,-0.0910503716616583,0.11972818967799909
748b174820fc57cd,北狱狂龙,1,0.15510311226843465,-0.05379673037804405
76152cb794d79a1a,北王狂刀,0,0.004191685477768048,0.05310744592473431
6f0ec4f312c7b6dc,匹夫驾到,0,0.03326813235077286,0.030546572383965805
4510582f6e996221,医士无双：从急诊实习开始,0,0.03418074385453096,0.04116684316766496
05a3c74ed14b0b18,医妃权倾天下,3,0.03807454674951416,-0.02041939106012033
05156854c22aa3b4,医道官途，从省保健局崛起！,1,0.1140577326122253,-0.03579904219667291
f50783b273b8808f,十万死刑犯，厮杀迷雾岛！,0,0.04171568227474465,0.038596875362626265
da60ae2e6acc03be,十世求仙,1,0.13496606243572895,-0.06338863725400884
c9648fd830f821e6,十四年猎诡人,3,0.06452741188513078,-0.06164644085782668
985a9a9ad65aad01,十宗罪前传,3,0.03450415494206649,-0.02062971632001015
7f0a43e9e9eb495b,十年网友竟然是国民妹妹,3,0.036748702095171004,0.013012370984941875
da25bd9af5272fe0,十日终焉,6,-0.07630078380245203,0.022550484350346327
d08ddb624fab979b,千朵桃花一世开,3,0.06194610930630062,-0.07804524313475954
8743a4985b5e16eb,千金归来：我的格局是祖国,6,-0.05546632485286174,0.059911736283583525
5a22b429b0bed88e,半夜执勤，被上错车的女神强吻了,3,0.014982567704593719,-0.033957799957470676
7531b5f71c64adb0,半截入土，系统让我开枝散叶,3,0.044927377495199594,-0.014771360332009147
378fcd843d619400,半疯社畜：别人无限逃生，我追爱,5,-0.1739908076782261,-0.025404919910984466
10562e1677597e70,南派盗墓往事,3,-0.006409020955555844,-0.01212474169817125
923949491f8e2895,南风知我意,6,-0.08322411971954335,0.01542092771878389
8f13aa2d321dfae7,博弈论的诡计大全集,3,0.02797036411460674,-0.09186777761986437
0261ace571c61ec5,占有欲强：偏执总裁的私有小娇妻,0,0.011817817981162215,0.015654967260744668
a971ece3cbc30274,占领异星从挖矿开始,0,0.03828234538450026,0.048909937595875606
d4d7bf7df581deb3,卡牌末世之复仇的疯子,3,-0.005348267551352648,-0.060157723011502254
81ba9ae5e9332fed,卡牌：开局大宝万军取首，蒸！,0,0.023930434677383206,0.017914227856706818
f644ed389d47b064,卧底,3,0.029030566830016147,-0.012626981186331909
f2b2ffbf7d2ea10d,卧底十年，女帝武曌向我表白,3,0.0007887813514445563,-0.08018463116098254
101d554740d41c62,卧底？三年又三年我成了魔道掌教,1,0.12903615359711607,-0.011008660965953251
ff059f660940231f,卷王小师妹修仙界第一难杀,0,0.010198727205130265,0.011047127251244659
60356328f077e237,卿乃朝朝暮暮,0,0.02284331673118134,0.0384266388165835
987ca88252a62323,卿是朝朝暮暮,1,0.14663418129814443,-0.023987478726090927
a56b3bd1b8856e5b,厄运缠身，国家求我去小樱花旅游,4,-0.15562818851809151,0.06281107985062011
cda4940a46baf2bd,历史曝光电台：九个皇帝都自闭了,1,0.10316088934326795,-0.08648326715297036
28b6eb707af80c55,历史：刷视频吐槽历朝历代,0,0.062300728541313743,0.020148472045008584
ddbdf47abbf63fe1,厉总，夫人她罪不至死,3,-0.008006947157075728,-0.02146384101178392
6d90be13673b0bc0,原来你是这样的林秘书,0,0.033702095795271614,0.0201839017145377
dfbba873518fb2bb,原来月亮先动心,6,-0.06377961181561087,-0.0008801989423136104
3189b4d4a37378ef,原神之开局成为雷电将军贴身忍者,6,-0.034529014599300634,-0.0013367989443337364
84a9133b832926aa,原神之往生堂赘婿,5,-0.3153152663824045,-0.18824855370836455
660d55cc104703fc,原神之我为乐子神,6,-0.07886069391134504,-0.011994299566588632
cfa893f936db3881,原神之我是至冬使节,3,0.050951065050040656,-0.06254144470249447
e4f24a8a37fcd9dc,原神之旅行者在漫威,0,0.029812328646141473,0.013400146162781451
fe788eee4973d8de,原神之枫宝在上,2,-0.5446389806370209,-0.3366582268337111
1505c68db10a5470,原神从独眼小宝开始,3,-0.00763155148889294,-0.04569075798663559
a770782d05dd7f9e,原神名场面挑战，我在雷电影怀里,0,-0.02898116730519351,0.06180553632326695
6a3aa144e538ea8e,原神开局觉醒最强反骨系统,1,0.08205412348740071,-0.02173434489946815
184d484301d633bb,原神聊天群千年仇恨，只为今朝！,3,0.04408109787409675,0.007800746348486027
aa2a5ddc05880bc9,原神聊天群，开局剧透温迪是风神,1,0.14843454022691072,-0.05456620799452815
a4ca5e0b4a034246,原神芙宁娜：不当神的新日子,0,0.02239745872111043,0.007224830534912909
3ac637861fd01d55,原神降临：开局狂囤千万原石,0,0.05632544418658736,0.034511248420022615
f98a9fceca7252ac,原神！家姐凝光，想给她们一个家,3,0.02821486109788196,-0.027078701161593697
9ed27cb6e82bc6a3,原神，在提瓦特宣传崩坏三,3,0.019464240093475582,-0.008281830298073996
70d0c42325f86f12,原神，愚人众零席执行官,6,-0.10666019654123088,-0.022031095550574493
6b9aee61dce3dce3,原神，我死后，水神芙芙抱憾终身,1,0.09553543880389237,-0.026461984774637043
2eafbd56ad164e54,原神：两个空的不同旅程,2,-0.6453103858861097,-0.42982418382216475
d960a345068bfe9b,原神：九世轮回，我经历无数磨损,7,-0.049244095020938905,-0.043045938822740944
28bc3d1ccdebdc76,原神：人体九大系统，无限可能,6,-0.029139391324481567,0.026086814069047923
21a7278c229cdd50,原神：人刚入土，就被胡桃刨出来,1,0.07296441105579188,-0.10124544580273286
439fa4fe2c3eeb3d,原神：人在往生堂，常做阴间事,6,-0.026823854775490208,0.03284586252311948
ed4ed26a30db86f0,原神：人在提瓦特，垂钓成神,7,-0.059129997921803956,-0.04436126982818412
db79ba40e9c241a9,原神：人在提瓦特，贴贴就能变强,3,0.029834602261571086,-0.0355028046845753
7d308d63597eea87,原神：人在稻妻，刚刚遇见神里,1,0.09003542392604003,-0.011950909588790415
4b34283bfd0d2ac5,原神：从捡到小荧妹开始崩坏,5,-0.23558705193154794,0.02966865348129374
83d25495b2cb1f1d,原神：从魔神战争开始旅行,6,-0.026806727985192513,0.007255327571552922
79bafd57f3a7a853,原神：以龙王之格，审判天理,1,0.07223871196088605,-0.02405788765298749
1d1977764c24cb25,原神：众水女王的归来,0,0.0007291331473215923,0.03348092441639005
f43520c492403b09,原神：入赘枫丹被娜维娅偷听心声,7,-0.19733141653412684,-0.23430737459412498
7dc693d0ce5d1ccf,原神：具现之魔神！,1,0.08701263522873803,0.002257084415690733
ebfce8e4d8d6faf5,原神：凝光还是小可怜，被我投资,3,-0.008991944729568269,-0.06823541037552769
951a18ac5129f7ac,原神：华夏历史体验，震撼提瓦特,0,-0.019476064083953748,0.07561049266524268
506fc76308a0dfb3,原神：变成傻芙芙，我只想看乐子,1,0.0667499677276836,-0.021381835204564707
4fc795b061f1c3d8,原神：在赛博版提瓦特的生存日记,6,-0.037073916176528665,0.016830827781221448
4f8975ec19e31236,原神：她好笨蛋我好喜欢,0,-0.003471483249248064,0.009595369471934356
1a427ea67207cc5c,原神：巡查官的职责就是吃瓜,3,0.03309236702755558,-0.068402718614323
a205c96d92e4fa71,原神：帝君退位后，我执掌璃月,3,0.03141310657765295,0.002900797940481994
48d02138ec280b17,原神：平平无奇文化人,6,-0.13227676294625806,0.017418460322660895
3d73be9ffec11c21,原神：开局吾以遮天法正道,7,-0.05879512271890058,-0.07664988747854995
d2671a3adc6dde72,原神：开局天理，我加入了聊天群,0,-0.012889757959435533,0.052540113568403095
d1b734d04c93e79c,原神：开局婚约神里绫华,3,0.040603717975659426,-0.051714257179754954
ecdbf4ad614c4439,原神：开局强吻天理,6,-0.0529101702476138,0.04804844574671096
aeee5c4d48c4a218,原神：开局成为璃月阴阳两仪仙君,3,0.05079552574977286,-0.07278785102845765
c29b6eaba89ccb8b,原神：开局我就无敌了，硬刚天理,0,-0.003563947814066437,0.042263140433105334
f726284e90627d3f,原神：开局扮演宇智波斑,2,-0.41725423979773446,-0.26858369394604825
887e0570000ae38d,原神：开局盘点水神,1,0.07115096262209519,0.008293162783261756
03778ede204186f1,原神：开局神里绫华到我家,6,-0.05779674384184358,-0.005049625922259569
f43f4fc21d749460,原神：开局纯度直接拉满,6,-0.05022905761667146,-0.03921773971309651
abdabbcbdccbc387,原神：开局获得萌王史莱姆面板,4,-0.16187783591067278,0.15411388820581903
70a734c14d501c83,原神：开局被派蒙钓起来,0,-0.010865965655669108,0.036217940955875896
9147acafca444f8f,原神：开局被病娇影绑架,3,-0.02982185624721967,-0.04762772167905438
a1f1d174036c42dc,原神：开局被闲云师傅赶下山,1,0.07960982113158888,-0.06816517709375736
41e7d8493cc0309d,原神：开局转生大慈树王重回王座,6,-0.04703038037734664,-0.024856541420365887
14ca08e91f4a45d6,原神：往生堂的魔神回收专家,0,0.011293244736970909,0.019904278601702928
8b4b38d9f94ece35,原神：往生堂破产，我拍电影赚钱,0,-0.028164784398611864,0.05914324418810067
8d7fbe30018cca6c,原神：我与烟绯同行,6,-0.06538688227571282,-0.012324312798920599
f009c4a321a1a6d5,原神：我为天理，手搓虚假之天,3,0.011151663693400926,-0.06134416769517595
3eb00ec961240ce8,原神：我卖个教材，你七神都来？,6,-0.037870321105281046,0.04742589417835899
aa8e7180794f227c,原神：我南宫问雅，摸谁谁傻,7,-0.05220725810949467,-0.066555320632975
9dd85298af98c62a,原神：我只是个会复活的普通人,7,-0.042591454393273886,-0.04779619727456766
2b2d78d3461bfc64,原神：我和谁都五五开,6,-0.0643935284318452,0.05547383867148436
fde7f7c7ee10f56e,原神：我在天守阁做饭,6,-0.08149255089138357,0.05014627445180457
58bf3c5684d49a2a,原神：我在提瓦特大陆吃软饭,0,0.01974587249537496,0.06548230441507379
d41d30eb441d1042,原神：我在提瓦特摆地摊！,4,-0.11971292646619114,0.09836724699334758
0bc5fdd262da9c36,原神：我在须弥尊皇讨奸清君侧,4,-0.12231492762768253,0.08332316363091487
d122f580c1a73e0e,原神：我天理身份藏不住了,6,-0.049732040812395906,-0.011822503301945833
9aa2a83abaa8ac18,原神：我家狐狸竟是八重神子,3,0.01863302275140144,-0.032083957496998626
caf4e92cd9ea5d8e,原神：我居然是愚人众第六席,2,-0.35968335773255133,-0.22805627730476455
8a9e6c9d4c3516e8,原神：我成为了原神角色,6,-0.053122940894385406,-0.025975153059432085
6d361e01356bbf5a,原神：我成为里面角色,0,-0.021530446414815663,0.03608174173039506
da947a90b1ff661c,原神：我是往生堂第七十七代堂主,4,-0.08998124099438004,0.07948328474546
145ac589060af2f6,原神：我有一家小店,4,-0.041883999195865995,0.10202345511644678
d4573f11588bbdc4,原神：我的姐姐叫九条裟罗,4,-0.20478883275726167,0.06875335922973622
3ca788cb54cb2f79,原神：我的老婆竟然是宫司大人,1,0.12714864533005454,-0.060939366047276664
0d18559559d5e3af,原神：我的轻小说看哭刻晴,3,0.04714715093307231,-0.07268097545438704
245a9068847fcf6c,原神：我真不是执行官啊,5,-0.2565049227884114,0.04927009277521411
69c0fda581b66c75,原神：我真的不是什么魔神转世！,7,-0.05290792304873959,-0.0999172790923854
6e78a4889214a8f4,原神：我真的只是个平凡的执行官,1,0.09017815367657123,-0.013905325298737826
3dadbfa803ed7a55,原神：我转生成了世界树,3,0.04576280498077501,0.005173347872145233
103041abe65503ef,原神：我转生成了九尾仙狐,4,-0.09066997733190518,0.08728431876232678
1e84109f4053d3a0,原神：我转生成了艾琳,3,0.04945813647700659,0.0014924651196067714
959373bcc022ffec,原神：我，穿成了我最讨厌的角色,6,-0.1062753420513265,-0.006450887013880932
50fea307f222d8e7,原神：我，草神眷属，是个好人,3,-0.014819755564197568,-0.026834774308481614
ca3d654a358f3bfd,原神：手持军火闯荡提瓦特,3,0.007511354851888696,-0.07181491843392444
798a99b05497132e,原神：执掌神君，与少女携手同行,1,0.09493447078098494,-0.03188766918858631
772ff13b76a34aac,原神：扮演角色暴露，我选择摆烂,3,0.050522673666319684,-0.06096585111748959
af52f3f3c29662cd,原神：拜入仙门和申鹤一起长大,3,0.05992731015487174,-3.637184006700673e-05
78f4af8064501d43,原神：海的君主，水的眷属！,6,-0.01767875062659935,0.007951863261495837
c5a40a3747be4cfc,原神：璃月港说书，胡桃泪目,5,-0.1613335746930623,-0.07367975611945955
d08bd67ff7d2d1e8,原神：甘雨开局喂我喝椰奶,3,0.044564916499571616,0.005674416823712943
29d89b21ece2417e,原神：病娇雷神在我班上,5,-0.16339573991420897,-0.014339763000988846
882ca6e4b7f726ed,原神：直播问答，开局凝光穿黑丝,1,0.07073157335216929,0.004656577381501927
9f770ee5066eace4,原神：短视频席卷提瓦特众人皆叹,0,-0.02185137313087232,0.10014069804423316
99b5040a012bc5a9,原神：神之眼再度亮起,3,-0.007822159777862325,-0.07194452165348438
1cdf21416fe94ed4,原神：离开暗之外海遇到雷电将军,6,-0.1229311649949798,0.041539799245709136
0cfc18c37cf220b0,原神：穿越原神，但抽卡原魔,1,0.0654457358392776,0.011713754837935183
f09d61718e4ddad5,原神：穿越后我是提瓦特灾神,3,-0.01983440684876303,-0.023216285346552512
11a1d8e88e42ce6d,原神：穿越提瓦特但是是诡异世界,6,-0.06450246107460733,-0.029234593519304724
efc380c8d7ab9864,原神：纳西妲被我养成了病娇,1,0.0904869251945305,-0.03312789349527018
4c44ef4bf75c8599,原神：终焉降临，开局吓哭芙宁娜,6,-0.04958105084115727,0.05421143991447728
5991184f560ddfe3,原神：胡桃从游戏里出来了怎么办,4,-0.07354558931995103,0.09024647659580537
7b69383d56ca82d7,原神：至冬执行官的我被迫营业,3,0.01222897733049444,-0.027382882217895855
54d627e7216a33d5,原神：芙宁娜女士，不要来烦我了,7,-0.10149704843266277,-0.05881046213351612
ee1653baeeae83b5,原神：芙宁娜女士，就由我来守护,1,0.09787619303211881,-0.021094936115430195
a846c5b30e059cc2,原神：英桀附身的我穿越提瓦特,0,-0.02224161149292503,0.02822141776811459
5c1adced0759d071,原神：落水的我被神子捡回家,3,0.03462534551176433,-0.04659595672596881
fe0a1b0a894eb0c7,原神：被全世界误会后去养草神,6,-0.05863459320713593,0.007213145498354142
617488feade98a38,原神：被芙芙捡到的神明,6,-0.041008705449115224,0.043915397959442555
798989559b80d76e,原神：请叫我元首,6,-0.0522570730141359,-0.03159995296658438
a65a27db3d3403aa,原神：趁神子青涩，拐回去当老婆,1,0.09109293875628377,0.015856902324801886
73d617164540110b,原神：身为执行官，前往稻妻和亲,1,0.11798313035351438,-0.06208493813488632
37321d7dec2e36c0,原神：转世魔神，角色好感度全满,3,-0.024240843923500954,-0.036039049905540764
d00cc34b2764b1a4,原神：这个见习执行官太屑了,7,-0.08794440598151781,-0.14262035926518557
09d1404b363778ca,原神：钟离是我爹，天理得敬烟,1,0.1012923034789216,-0.01119893258125138
6cec9cfbaa621c1e,原神：震惊！名场面被我曝光了,1,0.0782831411859658,0.026019278647967485
831a7ffff8300990,原神：靠捡属性，我成为第八神！,3,0.0064803154783352745,-0.021613690307857782
14b962ddcbbf0cf6,参加恋综，你把国民女儿拐跑了？,1,0.07235468872245665,-0.002604247765454612
64d137e96782e7fc,参加综艺：一首海底致郁全网！,3,0.05398451352980227,0.006008748205325917
56954e500800edd8,又遇见学姐了怎么办,6,-0.04699711289018804,0.0033962890569196724
c0690d3d7bb4dad7,双生神级武魂，震惊妖帝老婆！,3,0.004524231046293847,-0.023732467117079676
c9d3b9f2473ff182,双穿书：奶凶蛇皇哭着命令我吻他,6,-0.05425000813309655,0.01107414557543087
47e574408157bbc0,反向攻略：她比反派还反派,1,0.12390194089430262,-0.01205539779739734
5eee485b9ab244da,反派你别太爱我，我只是个炮灰！,3,0.0044222648007729015,-0.018322965745185445
36df7d852e6ca9c6,反派听我吃瓜心声后，集体崩溃了,3,0.03503451926691148,-0.007058375845623455
324a3dbbfae849a6,反派垂死挣扎，我真不是你男朋友,3,0.012798232974263302,0.007185047719996587
43629164bfbee1ce,反派大佬们听我心声后，人设崩了,6,-0.04920951117096839,0.0716535313955958
d442644e56705ada,反派大佬黑化倒计时，宿主快拯救,6,-0.05403447859091487,0.06463502704071221
f3b9be5056ec8088,反派大小姐在贵族学院狠狠学习,3,0.03794198603708743,-0.009757175407689556
3d629641cdd413e7,反派她以美貌杀人,1,0.1098805463786261,-0.042637969445077605
1be13e09a26f403e,反派她养歪了天道宠儿,3,0.0047443604232744185,-0.08639250558657353
16c72c4fd73615c4,反派完美开局：系统是个大美女！,1,0.08260878482036749,0.03224078647463203
d9a940d765bb60b9,反派少爷放弃后，女主们接连上门,5,-0.19510708839396523,0.023469908899832706
b02d4d334e4febe6,反派师尊记忆曝光，女帝徒弟泪崩,3,0.023314650659825742,0.004299998994626694
3d0d09c99042a334,反派摆烂后，女主为我病娇成舔狗,0,0.03133001613656439,0.0313475261755547
b33b028d2982ce38,反派杂鱼的我不想被美少女逼婚,6,-0.043977098803896775,0.049925772937614965
252a585aba48d06d,反派穿书：女主听到心声都反了,3,0.004273385943939556,-0.04490675832853129
38ab66ef787fd570,反派签到：我抢走了主角师傅,4,-0.04504773704560855,0.10471290573980528
2b3b19da2ea9954e,反派虫神是恋爱脑,7,-0.06338035021298916,-0.1244397510884861
dcb8d541f0ac5fea,反派重生后把我变成了女孩子,0,-0.02556169930002855,0.062073605393075
46ae97cd9bed1282,反派领主：玩家和主角都想刀我,7,-0.0583260906757877,-0.04157056227143393
1cc16062bad5dac0,反派魔尊：女弟子都是冲师逆徒,6,-0.06053377438148805,-0.0251803726728687
7eda0b2a4e0e442a,反派：临死前，强吻了师尊,1,0.10643804249555999,-0.001063661786510483
e33df5ca3a6068ff,反派：为了活命，我黑了主神系统,0,0.035001151104339545,0.03313810570831164
e2ac3bb80d5dd9f7,反派：从良后，女主们追悔莫及,4,-0.10627089185150723,0.17394215103845165
f72fd3f1020bbec7,反派：从黑月光魔女妹妹开始,3,0.03394455599935953,-0.016412804041126283
82026e2ae6228626,反派：冷艳校花竟对我图谋不轨,7,-0.09561587714279257,-0.04681308839844522
9b41638834aa3376,反派：回到女主黑化前，求我善良,1,0.08351899922838468,0.006114180673692022
fb1f7afc9ec5af78,反派：圣女，你也不想宗门被灭吧,1,0.09063302510656202,-0.06489010932905426
ebeca9120eb5ec76,反派：多子多福，女主们崩坏了,7,-0.021775427627482857,-0.08021881311611602
060e7e8a7937fba6,反派：女主偷听我心声人设崩了,6,-0.024888459831633736,0.03420709038594652
acb505bb439c7b7e,反派：女孩子也能碾压主角,1,0.10794793751872955,-0.01976902016812586
bdac66726673f31a,反派：女帝师尊中毒，逆徒狂喜,0,-0.004839793187846553,0.02439633099327757
96c66cca49da3db3,反派：女帝退婚，重生的我乐疯了,0,0.05871647729950247,0.04690277378017266
27fd4624d19cedcd,反派：小丧尸，再啃就不礼貌了,0,0.021543302477241788,0.04873910911190342
36065dfd88b7aaf2,反派：师尊师姐求你们了,0,0.059989072407108934,0.0334936541331898
17f479e1a719ffa4,反派：开局刀剜女主灵瞳,0,0.05488764091780096,0.01783578352380776
133154cc99c4cd8a,反派：开局复仇主角妹妹,1,0.13031460807426098,-0.09118837958181486
dbda40800c2d6192,反派：开局夺取萝莉剑灵,0,0.03185219975706732,0.03142218914646267
9c5a359c1bd3c076,反派：开局拿下第一女主,0,0.009989737726650016,0.018428743528555867
98840ca007c9fdbd,反派：开局拿下第一女主！,3,0.00940872931391079,-0.02064127759368705
25987a486f011067,反派：开局校花女神硬喂我吃软饭,0,-0.03013171751870858,0.11806136369691204
51d8874c50a9c248,反派：开局被主角妈妈暗恋,3,0.061404241408759,-0.028074697376503803
b99c338a1bf03912,反派：开局退婚了气运女主,3,0.06379758161246052,-0.06225860783045456
754786a1cce50ae7,反派：开局黑化主角绝美师姐,0,0.04037425297881592,0.04199760399408624
9fcde18617884a09,反派：我出生那天，十大女帝登门,0,-0.003839617152152308,0.0816884264322878
93bbe58b8b0caad6,反派：我只是想当个二世祖啊,6,-0.0557427634430081,-0.014353467642459448
e6fa18a973157164,反派：我师妹全是黑化女帝,3,0.010155579407291615,-0.055574440356379075
53cc6441c57f5741,反派：我收女徒弟多子多福就变强,3,0.043801912222981576,-0.0017060560793918842
e6a06e8632b1746c,反派：我的弟弟是天选之子,7,-0.04126393050462124,-0.08134819132626436
f80cd07a14c7ff46,反派：我的病娇徒弟对我图谋不轨,6,-0.0958116211918883,0.02230390157797316
18c07ff98098f486,反派：我越浪越强，震惊女主,0,-0.017925097977715798,0.034595544863664736
e920503b3a3be148,反派：撞破师尊女儿身，逆徒狂喜,4,-0.06775790481529748,0.11986692125481795
d9215839c1d85721,反派：曹恶獠，开局逆反天命女帝,3,-0.024972360964507057,-0.046602874940994056
d37a4dee795dc55a,反派：杀女证道后女主人设全崩了,0,-0.012048148453650265,0.07243138523423825
ca56d4b2f4d92b00,反派：查看剧本，从养成女帝开始,0,0.052330228842785376,0.00848662169429121
dadc3f50c458af6f,反派：矜持点，你们可是女主啊,3,0.06401763070096755,0.003934542012975649
ae72060136e63aa5,反派：禁区帝子！沉睡万年破神源,0,0.012347668058124817,0.014436692781727638
36da43c037c565ed,反派：萝莉主角竟是我的头号舔狗,1,0.11072643628239487,-0.057158342298842646
74033f06878cefc4,反派：被渣女主们全是病娇,6,-0.07435114691723271,0.04069806584175778
d7623c94d65064bd,反派：记忆曝光，女主为我痛哭,3,0.049559344583657516,-0.012139987365617074
118893e9fd7a132f,反派：记忆曝光，女主跪求我原谅,3,0.032631847042714046,-0.059972104279009834
909e96c61bab611d,反派：谁说我是来退婚的？,1,0.12451472423038268,-0.032334441199474984
69bb5394b2301940,反派：赘婿被休，我反手迎娶病娇,1,0.08863217239327026,-0.05838376881736543
eecbc89f47aa4b9a,反派：轮回九世，女主跪求原谅,6,-0.10121532571116165,0.03947381747613229
30fb59f3243cb8dd,反派：轮回曝光，女主集体哭求我原谅,0,0.021616921523011978,0.07065622960049407
8cda50a940459582,反派：迎娶九大女帝，女主悔了？,0,-0.015191018511569565,-0.00454689955554319
f9f48952a2d798b2,反派：迎娶植物人女主，疯狂贴贴,6,-0.08146542595383821,0.02913582421298911
592185dac3181aad,反派：迎娶盲人未婚妻，疯狂恩爱,0,-0.021523924787367754,0.03799059087550953
bbba98ccde288fb8,反派：退婚你提的，现在你哭什么,1,0.0832853957438372,0.008630679892772343
19d7d5febbb934f6,反派？主角都是我的结拜兄弟！,0,-0.01730141027405674,0.04906673060231049
b4a9acc4d0617a3a,反穿，宵宫来到我身边,6,-0.05474443383133831,0.04333116619891412
32a22537e187bdf3,反穿：我家巴尔本来就可爱,7,-0.08979065783739376,-0.08954231713904867
c4797c94a3398949,发现校花是狐妖后，她邀请我同居,3,0.03177759191732399,0.0025432907575672473
0781dfde9c6cb5bd,发疯摆烂上恋综，嘴在前飞脑狂追,0,0.03360886490413728,0.05113180206304849
da5974f656d7c07b,变为美少女什么的无所谓啦,2,-0.46783326366204153,-0.2930751042861856
836c2cfd3edb8d1e,变废为宝：开局捡到假死美杜莎,7,-0.019226701962543835,-0.11474713808197617
3629d81e1a966769,变成丧尸我学习母猪的产后护理,1,0.10326023865059131,-0.04381573714565609
c5c4567c8983c2de,变成克拉拉的我在规则怪谈横行！,4,-0.15605848722424803,0.19049256983857696
092aaa52dfed9bfc,变成刀娘的我开了一所怪谈事务所,7,-0.10118858002206271,-0.07623557366439564
1432cd60f2724267,变成女孩子后我成为了龙族公主,4,-0.22853735315306417,0.06849989411515046
ff203368e3a45a5f,变成女孩子在惊悚世界不想再社恐,6,-0.061347418537108844,-0.03521558144313963
47a6aba3e6d390dc,变成女孩子在惊悚世界靠欺诈度日,6,-0.04851489269110704,0.0237397379918498
4adef520ea20a98c,变成女孩子的我，搞点副业合理吧,3,0.027575522090765192,-0.012388982818146033
3aeb0dc6450e0271,变成女孩的我各项T0,0,0.02807099000136104,0.03791751653181742
a99acb0bcda1bd07,变成女生也要好好生活,4,-0.14652659637919574,0.12835594874975864
54f01a50c6286c11,变成女生什么的，才不要呢,6,-0.026246322659662258,0.02962064094639591
aa0a10641611040b,变成女生后与女友的日常生活,3,0.039093832241891335,-0.042488070199493785
099f6a5712fa4ec0,变成女生的我被校花赖上了！,6,-0.07890160879393537,0.06371072107771236
7c2e4a2e9396b450,变成小仙女什么的没关系啦！,7,-0.07007196143751132,-0.05593434471195866
56b5ba95d6da8ac8,变成少女后，与身为敌人的她,7,-0.1162049142565863,-0.1628085038298918
9688fa9a56447184,变成幼龙被校花捡到，震惊全世界,0,0.055274846827393254,0.03939950343500307
a145fad78c3cc0d3,变成狐娘的我绝对不当女仆,6,-0.09097021482746181,0.013704486470856578
dacf27108ab3c7b5,变成美少女后，开始打造二次元！,4,-0.260317437312217,0.2514826460332331
b30f74c588ac1c1b,变成美少女的我竟被攻略了,1,0.08993235334073157,-0.08352640238674354
460f285d9740d6e4,变成萝莉的我有魔王勇者两个女儿,4,-0.14716357105238453,0.08472305745375022
d1ca54cb1f37eee8,变成萝莉血姬很好笑吗,1,0.10350018665130933,-0.04448853053731839
6a088909b058eb37,变成血族后被学姐发现了,6,-0.03465462731962349,0.043848109793537454
910c3f181771c880,变成血族始祖我不想征服世界,6,-0.03622970883685345,0.030426187297692853
43d478795e370629,变成血族少女的我，掀起工业革命,0,-0.025504787408856533,0.02561655748983713
b581ab14a31bb7d5,变成龙姬的我在末日中,0,0.0005617086383736813,0.06043532921027836
eb86087d060342e4,变萌妹后，被恶毒女反派追上了,6,-0.0438349183284083,0.03807463698434225
f6c0f229a234feef,变萌妹后，被腹黑凤傲天女主堵门,0,0.024456311023059008,0.01262322706657026
36b4ae50a6f808e8,变身傲娇少女也要和黑丝女仆贴贴,5,-0.24328387617808772,-0.03973843706810153
d527aac4b5a3a9bc,变身反派女，开局被御姐女主堵门,3,0.02144664236408711,-0.018220938978145793
2668f407defe40f5,变身后的我，只能cos女角色,1,0.12589657917250852,-0.04823240344134363
0136b43982ee416f,变身少女也要假扮男孩,3,-0.008993898524595756,-0.00648005671426141
3519a12d52ed93b7,变身屑师妹，持续矫正中,6,-0.062862456545901,0.005855053348364123
d5dc5cbd74e95b55,变身废萝莉，天天开黄腔,3,0.05996044890208574,-0.07519729633563017
3dd659c920387a9b,变身白毛少女，硬核直播震惊全网,0,0.040071896532333895,0.05685538190420471
c9be9470d96a8d92,变身白毛御姐，女朋友更兴奋了,0,0.0030405572359326616,0.034382058801530266
eedb0ffe727bec78,变身白毛绿茶，被按头狠狠惩罚,1,0.07934296036927779,-0.02933253333189671
dcd4f3dbeea44b06,变身白毛萝莉的我，成了校花御兽,3,0.047865737445441314,-0.027834271267404273
6389767d4f733eda,变身白毛雌小鬼的我，被按头教训,0,0.02517051827450678,0.025767149164232044
cb18d68b4a03bc1c,变身花魁后，我兼职做起了炼气士,0,-0.03006414028927823,0.10136179222251332
a4b4ac15d7d25b4f,变身萝莉吸血姬当晚被校花捡回家,7,-0.08949967877597065,-0.0378122200764836
e049d2025736de78,变身萝莉，我的日常不太屑,3,0.002356131275442541,-0.008549167402167929
74b67528bd1476a9,变身萝莉，被大小姐拐回家当女仆,3,0.04880625147355755,-0.03816396102335113
6432010e0865a8bc,变身落魄千金，被恶毒女主踩脚下,7,-0.08970789975192262,-0.057138254624470024
3d2ee1d0d2a58a3c,变身软萌猫娘，被魅魔捡回家,7,-0.07614905171952219,-0.08567343545639494
8e3b6ff663e480c2,变身魔法少女的我不想做主角,6,-0.03559964045080061,-4.461596007056343e-05
ad396da8def71d5b,变身魔法少女，开局被通缉,0,0.0364690860232908,0.015395207140382516
6800446cba81c538,变身：为了幸福生活成为游戏高手,1,0.06957879525620159,0.005755227571166497
7c4427d55781756b,变身：为什么我的异能是变成女生,6,-0.0781523730673786,-0.01279075421099197
fcc8b1ff0a606951,变魔法少女的废柴日常,4,-0.12166262813848056,0.05370991025210043
8bdc77e1096ec3a9,另谋高嫁：这侯府夫人我不做了！,3,0.04599106432440636,-0.05156103430828577
21f9f994cfead8fe,只想续命的我成了贵族学院白月光,3,0.03431238364879019,0.0051937955149443105
28c43b3f62281c9a,只能秒大帝的我，化身大帝收割机,1,0.060669320771843505,-0.06635564542527118
8727bbd2ea44a281,只要我够沙雕，剧情就虐不到我,4,-0.15229607958454944,0.07025329705583572
1c54234b159b9d00,只要把你们都熬死，我就能无敌,1,0.09865572430422453,-0.01418457615998572
05540e75203a5f66,只要有血条，神明也杀给你看,3,0.024248906646518797,-0.0029685310686060717
5327467c9cfdaca9,只要活的够久，就没人是我对手,3,0.008140105689811605,-0.014206508616424057
800a23b25ad1081a,只要给我配警花，破案分分钟的事,0,0.06545663374570798,0.03147108291305395
bb2c72ed68b85bc7,只要钓系段位高，偏执阴鸷也撒娇,6,-0.014203999685097168,0.014466208807508195
68948bd15ec98473,召唤最弱？开局恶魔契约天赋拉满,3,0.04889262096311897,-0.014083841689815017
fae342d61553b10b,召唤百万大军，女帝给我削苹果,3,0.05856801850654436,-0.005071205241097795
e72f1f0c2d7bbc6e,叮！我，荒天帝加入聊天！,0,0.029397246180172143,0.041897553296854795
2ab067dc74ce0d6c,可御可萝的我，刺杀病娇反被囚禁,6,-0.07903029539387185,0.004184604204394149
80363c8d3eca0aa4,可爱侵略症,3,0.012728998464029528,-0.012502795945580474
72a240ea3c39a296,史上最强炼气期,6,-0.04125901054449954,-0.025536639431186572
99f71d126923f69c,史上最狠出题人,4,-0.2229859192779189,0.16705809421118756
1abd39be360ba09d,史上第一病娇,0,-0.014973662010662525,0.03213670562871563
7d93d83b079b49e3,叶罗丽之向死而生,0,0.04512776612373548,0.07249997142642613
4078cb851224aa5c,叶罗丽之我在仙境当咸鱼,7,-0.12294404418096039,-0.1110172544925616
eb6b3227d75c6dbb,叶罗丽之我是水王子的CP,1,0.07995012651315747,0.018281463339675893
c16cc651a58a324e,叶罗丽之改变你的消失,0,0.020480310263291224,0.016853955780320666
7b0f1e44916f7a7a,叶罗丽之穿越成莫纱,5,-0.18393815729127921,-0.16974489235675053
25af36403f2f172e,叶罗丽之雪星仙旅,6,-0.029023861707787812,0.024505840685455256
5b8f5434c55c0987,叶罗丽之风玉笙,1,0.19315768991775073,-0.07721489956382177
048eb4c1db8bc732,叶罗丽之风王子的万人迷团宠之路,1,0.10206489397735596,-0.013887413070853668
8fe17d8828190fcb,叶罗丽之黑暗之主,3,0.029109479701513785,-0.03483830210151649
a7febaea5adb4628,叶罗丽同人火焰,1,0.07958024036181477,-0.03487142950804742
628208b707f8c523,叶罗丽暗天使,3,0.05878501652413404,-0.01872952669953962
f15ec62e5bb4bf68,叶罗丽梦之花,1,0.07341675970402906,-0.024410281128448633
92770b2d46f8e9c5,叶罗丽法则使者,6,-0.052050353472604005,0.07345070011438132
25c96b3934ea741a,叶罗丽精灵梦同人,3,0.037493711763587734,-0.010665541988206515
3e8f2a3f1a52f4ad,叶罗丽：七情六欲的主宰,6,-0.034331434974661734,2.9376149090120686e-05
df9498d45a33f907,叶罗丽：互不打扰,0,-0.005066993229230654,0.05051870080515226
774cbf278ac5ce67,叶罗丽：我们才不当炮灰,3,0.016119930702384044,-0.005057917221711741
54e4c04573d0120d,叶罗丽：月出皎皎，我心悄悄,3,0.027482836855474146,-0.030100009765654624
11c609343c16a6c6,叶罗丽：水默之默碎,0,-0.02201648094468056,0.07520893436588788
8b80659cd06ce677,叶罗丽：逃也逃不掉,3,0.004923152367888206,-7.329185528525111e-05
96b3582d42de7801,叶罗丽：重生之不一样的王默,1,0.10556669744726788,-0.0325536777200176
c630dae892d3767d,叶罗丽：金手指是花之法典,3,0.02844820350828281,-0.016973135827242154
62b19e64eac3779e,吃大瓜！瘫子读我心声后站起来了,3,0.009585257109000378,-0.024811442644183373
459da1354807055a,吃瓜！全娱乐读我心，顶流塌房了,0,0.001495760085731268,0.040168274385695875
04e812357996a945,吃鸡主播：我才不是钢铁直女,0,0.0555044900033852,0.030351532798883044
5a9860110fd6c797,同桌予你光亮,0,0.01279218867701648,0.07100565580524976
7075ca0c7b29a5d0,同桌说：你压到我头发了,1,0.09368122481223562,-0.008561696437445475
1e362f9d26380edd,名侦探柯南之工藤末雪,4,-0.2708161958837861,0.13739027857130726
51607163441b8063,名侦探柯南之成神的我堕入此间,4,-0.13491075626547966,0.11185630339245459
12453e20237276c1,名柯：左手黑影兵团右手十二符咒,3,0.002734193059408141,-0.005920989860263006
ecf6faaf55820c7c,名柯：开局禁闭室后期变傻子,7,-0.060208534321886886,-0.12782339548287655
92dc8ef7da377665,名柯：毒唯恋爱手册,1,0.08065107250213688,-0.08809351795164708
fc303f917867e7b8,名门挚爱：帝少的千亿宠儿,0,-0.008189243203706564,0.013068254279522603
3541018dbfcfa575,后宫：落尽梨花春又了,7,-0.08643421008238156,-0.13932186200414728
93bea20886686a70,后崩坏的回忆【双生银翼】,3,0.006065752041281236,-0.035643802577970354
a9db98e977a7f6b0,后悔？开局玩炸恒星系！,0,0.03162594365607074,0.03573104011530758
9f7ac1129a00d4b1,后辈看好了，魔法少女是这样变的,1,0.08229281807224886,-0.04421850814736165
05991b1d2d120599,向上生长,7,-0.055738462688882384,-0.16317695251504893
2b496ca3b694c163,向阳而生,3,0.05509605997405942,0.011898774790596974
8ef85fd287a67eb3,君夺臣妻？和离后我入主中宫,0,0.030578844256174187,0.047341552788443805
1d6ec1f39caed217,吞噬核污水，从海参进化成哥斯拉,3,0.020624059701840336,0.0026578375040150347
61a8a27b6e71e73d,听劝后，疯批女配在娱乐圈杀疯了,3,0.04685234226236268,-0.05451770555284781
4bedcea55dc97cad,听奶奶讲灵异故事,4,-0.21163683643328102,0.08768166381373972
d3a661b2d0e558cb,听她呢喃,0,-0.0031049047549116526,0.04847259067158579
8f30106cc125eb6b,听见反派系统音，你说我是他老婆,1,0.0901101620984397,-0.022412135330918077
a0c41ed202661faa,启示录电视直播间,3,0.019187451545958578,-0.0562506149737828
5eec9a9e715677d8,吸光对手气运，他竟觉醒S级异能,3,0.007917567600167263,-0.04237549556737909
f472583397275697,吸血种穿越日记,6,-0.08131785968153915,0.04602426716132668
c17c6a6841f2d5e5,告白,4,-0.09874165010258856,0.07924436352156335
6d9b468525a59875,告白失败才能变强,3,0.036124309977816016,-0.00254172283231334
4f543ac18faf1bb0,告白嫌我死肥宅，怪物降临哭什么,3,-0.0012079367391505391,-0.008904030130550918
f22cc48f62ba33a5,呜！怀崽后才发现老公是黑化反派,3,0.048325246855977944,-2.6519127940884905e-05
3b6ba493b27756b1,呜！禁欲大佬对我过敏却诱宠疯撩,6,-0.0452638237737365,0.07309295397731248
ba791bc2d713be6a,周教授，怎么一撩就脸红啊,3,0.051630692812011825,-0.04124374453832257
c0e5a82771a94676,周生如故之千载长安,1,0.1075362503291798,-0.034233425596696364
dcb410931c06cdd4,周生如故之辰此一生，不负十一,1,0.11056962267374715,-0.04137578248764353
d56584438e234c1b,和五个前女友上节目，我火了,1,0.13910156497558557,-0.02323441954238724
9aee7345ded76d7a,和关系生疏的不对付青梅同居了 作者：小小魔王,0,-0.028828093690522583,0.06447293681628537
e3158eb0c0107d83,和大佬互换后她炸翻了顶奢豪门,0,0.030723068404736487,0.02308792295219652
06b20eec422413e8,和妹妹开始的东京演员生活,3,0.036248768749597815,-0.015705077528919524
6916ec924bf41a00,和影帝隐婚后我竟然爆红了,6,-0.11293138718708379,-0.0024605890746831993
da589c5acf5f5057,和未婚妻校花互穿，她的撩宠真甜,6,-0.1062019165300474,-0.00595341452554333
7f868d399ecb5e5b,和校花合租的日子,1,0.08118534672662636,0.01908805538415301
031cd1be967b568d,和离后还请侯爷滚远点,6,-0.021188453251228645,0.02090129276177213
3169e01375c8e96d,和离后，公主她被迫饲养病娇反派,0,0.04752094293082809,0.0306948588646757
c7ac685d04b6531b,和离后，我成了皇帝心尖白月光,1,0.08807540499418998,-0.024341247316174458
4e6783459c4b4a41,和超甜女星隐婚后，我暴富了,1,0.10799580983495805,-0.00834068755094173
4c0a19852608319f,和金主姐姐的这样那样,1,0.09622257415387381,-0.04359370208029841
2ad7f5240af1d7a3,和闺蜜穿越到古代当奴才,6,-0.0516481612191263,0.07482510066351124
6f4aa8b8ed719fa0,咒回：cos非人类后穿进高危番,6,-0.030730277143228457,0.00040209450368558367
0e50cd6f410867d5,咒回：融合死斑，开局挑衅宿傩,1,0.1010711776967379,0.009734610744476496
1a6a565781b5dacd,咒术回战：五条家锻刀人拒绝腰斩,1,0.09732466453999122,-0.027451093002518818
4c4559f30acd092f,咒术回战：王座之上,3,0.04162024177505119,-0.030836535676471367
b782d65394ca6584,咬一口惊悚BOSS，呸恋爱脑！,6,-0.12185065142400414,0.025166237795845686
fb3496659d6a06f3,咬一口甜梨,0,0.027842977661542867,0.03361478314552604
7110114fb92c1416,咬一口糖,1,0.07049155609817304,-0.0448399800633576
053dafe52343a1a6,咱是人畜不害的可爱天灾,0,-0.012388458631341748,0.04672835351855322
ca84a497dd332d64,咱是多重人格才不是精神分裂！,0,-0.005745368708357179,0.021767383225338437
c7c06d2bc57a98c4,咸鱼必备，这个系统太好了,0,0.0037697990945618765,0.05026408907531809
93792f0b3bbc5d44,哄堂大孝！疯批小姑娘她打脸上瘾,0,-0.012266980891139756,0.003920910676259816
5a5a95d602f04e20,哈利波特之斯莱特林,4,-0.17513786551407617,0.07440446214333138
9f494bea95ef98f2,哈利波特：我从对角巷开始签到,3,0.04313472021166509,-0.004612404818656818
d2b872f79bb05677,哥哥婚服真好看正好我也有一套,6,-0.036866814883927734,0.05384990004254187
a9e3702b98b013dc,哥哥，你吻我一下,1,0.10311631137733823,-0.010835194536771951
799c75f49987f450,哥布林从模拟器开始进化,1,0.13332506717779502,-0.048495721004238324
edc74b24ad416daa,哭包病娇索爱，他说姐姐我会乖！,7,-0.16547174409722343,-0.12688083511673878
1974416d181834e7,唯一唯一,4,-0.054281997085550704,0.09803190587704455
9f8752fa844248ff,唯一纯白地茉莉花,0,-0.02271395140237642,0.05202132400018164
cabe9060e3d6fc6f,啊！被我逼黑化的反派们能读我心,0,0.023460852979384605,0.02430012132649385
0ba1fef60ac052b4,啥！？大我九岁的教授暗恋我？,6,-0.052513402726656444,-0.0379623037484463
8450212bd3cfc7e0,喜欢你六年，真以为我非你不可吗,3,-0.008491211217930006,-0.05071515725150694
ef573c0389cacf02,喜欢你喜欢我,6,-0.07751193706614778,-0.03181153042625173
40a6631a6c7a0803,喵喵Omega！暴戾大佬心上宠,4,-0.1497314049648923,0.08114025832455223
6d9337b90512a544,嗜血宠爱，扑倒吸血鬼总裁,0,-0.0007492146442444891,0.02227501701265577
378f1fec8c2b7600,嗟仙,0,0.005345414401634274,0.0903647365615923
352bf5d649998c87,嗨！那个病恹恹的房东小伙，别哭,6,-0.045667408264242426,0.08522621019690023
2aeb3de8cef3755e,嗯？豪门千金拉着影帝去领证了！,6,-0.07961034670295464,0.03597446388971504
f87955743f8bdbc3,噩梦街机：从恐龙快打开始,1,0.09088742578616049,-0.005032835401914772
06265ab7a83da134,囚徒健身：用失传的技艺练就强大的生存实力,7,-0.016739569858699233,-0.1485614701948703
4438e219a2607873,囚身之欲：强制爱,3,0.054178058661672135,-0.015949421009751056
eb729caa48a5c20f,四合院之我也来凑热闹,4,-0.09472909098298282,0.09319748263180189
123a03d405a23af9,四合院之这次终于轮到我了吧！,0,0.0549750496813558,0.024997626568892928
2bbda50b4643c46b,四合院，郭大炮的幸福生活,1,0.17441167364967436,-0.040279240921854226
736ce8c4baa89280,四合院：从吊打满院禽兽开始,1,0.09365977358419653,-0.01236662514022209
75abdc7d223fe725,四合院：从晋级五级钳工开始,0,0.03153216911012591,0.048038407825352354
6f20f789289c226b,四合院：从签到开始崛起,1,0.07482065906519098,0.02149069036725225
1e07db34983d8073,四合院：吃瓜咸鱼当老六,0,0.0013345210339963387,0.05041080995080731
55596bd9ffe7684a,四合院：咸鱼的美好生活,4,-0.05818382620329138,0.16026094564007934
7d1afb8d70615c0c,四合院：垂钓诸天万物,0,-0.013999731609130539,0.009797671737017153
88048f3f52cb3512,四合院：天天美食馋死众禽兽,1,0.14437420693243108,-0.007491157682495114
f9ae04fa3a05cd8a,四合院：开局和秦淮茹要五百块,1,0.11755960343032057,-0.09139252873951001
ed24bd350503721c,四合院：开局打断傻柱的腿,3,0.06407957459382663,-0.01640380542779735
cea97b5dd4dca5c1,四合院：开局拿捏众禽把柄,3,0.05852077765356556,-0.0021700271496167644
7e20f319ff22602e,四合院：开局秦淮茹悔婚,1,0.16614194988195174,-0.034354936517474885
1a649caff4a63ebc,四合院：拒绝秦淮茹，迎娶娄晓娥,3,0.06320643069585452,-0.0012219096976669999
9b4cbb1e62a607fb,四合院：穿成一大爷的亲外甥,3,0.008064806093268984,-0.11889976841662
786292a06cfd86b0,四合院：签到十年，我成了首富,3,0.04123514797124794,0.003506910908547903
f046fd27a4592847,回到三国当皇帝？不，我直接成圣,0,0.0339743112418569,0.012608093938395987
413ad459cc51557b,回到地球当神棍,3,-0.006210599894410751,0.003091714903165188
31c33221420ab95d,回到宋朝当暴君,0,0.02720965649782292,0.06482948583704307
0dc46b5a919f9581,回到过去变成妖,3,0.011523776560748766,-0.031128111737541025
7edca29169646c2e,回到霸总年少时，我在娃综上诱拐最强竹马,6,-0.06056648174445034,0.020647338280090348
abbaa2d9d1fb70b5,回家路上被绑架后变成了女孩子,4,-0.12047191748464159,0.13248631819239975
fe52ab2e7eea8c2a,回归八零再就业,0,0.06078644015671786,0.025036079275103977
3b8798b8258f4dce,因为写小说，被粉丝送去做了变性,5,-0.1667148087193912,-0.03656854201960746
857796a0bf15d701,因为无聊，所以变成了猫娘,5,-0.17744895930210652,-0.04006524065222635
f4feb0cd8ca06b13,因为谨慎而过分凶狠,0,0.01191888029325594,0.019677853931764525
9125128b324fe8f8,因为长得太帅所以每天都被告白,1,0.1250718778559744,-0.07309962388112184
e4358129d8ae02ed,团宠公主被读心后，又爆料啦！,1,0.10233781567999989,-0.027230597422717672
59276113f6d627c1,团宠大佬：真千金又掉马了,0,0.03996687944220256,0.02828642756838981
ded7921a349ef64a,团宠小公主靠种田成为国宝,1,0.09825474967781456,0.0033562511178557076
e3462411820c13ba,团宠小公主马甲震惊朝野,4,-0.03607130730504732,0.11244078617960565
36e8fed8a8dbd84f,团宠小可爱：大叔，好好宠我,0,0.03903745191313923,0.016679967360292973
26b3f8f380ccc765,团宠小奶包重生后她躺赢了,1,0.10563258543390608,-0.019743245599597697
333e892c89d3ca93,团宠小宝贝：偏执哥哥入我怀,3,0.04590507370624175,-0.01660509793390093
ea2c766699b26489,团宠文女配重生后,1,0.15335578508270087,-0.010446899772064575
148da3a5bc0672ed,团宠：摊牌了我爹是天帝,1,0.07607076119648293,-0.0617135961377825
8fc217732ba245d6,团宠：皇后娘娘请安分,1,0.1347340158388285,-0.03691683505552075
de33b01ec7e5f46c,囤亿万物资后，在末世欢乐求生,5,-0.2116983082313071,-0.17185102895983403
80e9f9a620a7eb67,围攻寺庙抢王妃？世子爷他疯了？,1,0.07473494300352168,-0.043815804823177124
501e193c4008fa75,国公大人成了摄政王的小娇包,0,0.03975098022625978,0.028526628220683577
a8e1a6a1ffe11313,国内悬疑小说典藏,3,-0.00466864753577545,-0.009851884474625802
8eb320a5deb7475d,国士：开局身份被戏子曝光,3,0.052101575124687494,0.003162828922965922
0b81db3c495fa48d,国家宝藏,1,0.07470135031360858,-0.031426158786774
f13aed78dd3770cd,国家让你去种田，你种玉米加农炮,7,-0.11124041268910567,-0.04259119670232282
28536d3794adc081,国民女神又轰动全球了,0,-0.0004807620764628595,0.02163799951970321
0625605d8c3b7856,国民女鹅的偶像是顶流,3,-0.006491118377004335,-0.016931342206739974
f9495467fc161832,国舅心头朱砂痣,7,-0.07322192998374288,-0.06698703266638448
45b362093a75393b,国货之光：买家秀看哭全网,1,0.08779256173894301,-0.041777976174050685
59ef648b04c737c0,国运之女被退婚后,1,0.1878795500912418,-0.05980465649303225
019846d7b25e59eb,国运婚配：开局匹配星铁银狼,1,0.08609131803045922,-0.009470451068228114
3080c37b63168416,国运怪谈：害怕诡异不够暴力,6,-0.05259418920205461,0.026257338172136144
c65c28bf7b52ae50,国运擂台，只有我认识历代名将,0,0.04984165955786157,0.06737103160393859
43ab3f9b7e7f112f,国运求生：你管这叫植物大战僵尸？,0,-0.0026786839546375507,0.04236103700049795
63dc93222af918a7,国运禁地：扮演钟离的我尘世闲游,3,0.02410994399978761,0.0034090652279429325
45e4411cb77603c7,国运竞斗：我每抽必中历史名将,1,0.1202169732844034,-0.017264512594897655
53e5a78af7e1e2dc,国运，小蜘蛛能有什么坏心眼！,0,-0.0028148870168034357,0.045783305547069705
3837309947a3186f,国运：婚配游戏，我选择神里凌华,4,-0.06890284987346967,0.11940360846030428
6bfafcc220506cbb,国运：开局种下一棵向日葵,7,-0.1327490728868601,-0.11651307369059717
52c5f750cc4fe947,国运：扮演雷电影,3,-0.0159351999453205,-0.01616297756182306
831cfcbc0d223fbb,圣主的提瓦特之旅,3,-0.017165713392061632,-0.06949440913991627
444f4db8e9a00b9d,圣女！你也不想看着天魔教没落吧,0,-0.0007494231408921026,0.1063090440351345
ee76c966f5b820a1,圣龙图腾,0,0.050619064078472054,0.029509249243930936
b43013659a9d3627,在丧尸横行的世界做神明,6,-0.007106467475034961,0.017648490673823625
00f7722344145247,在修真界当卷王,6,-0.07145656216199892,0.0576091238900027
18e287cf4a97b531,在外太空和女孩子贴贴,3,-0.017190280544990832,-0.008938816428798771
8ae10b46230ce283,在女多男少世界里做完美男神,0,-0.011419490094206175,0.10712801196727607
ea519b444a91ec5c,在女尊世界完成娶夫KPI,3,-0.0020447808216004226,-0.036598373973312816
50904965e6f158e5,在崩坏世界生存，是否搞错了什么,6,-0.03186407558059101,0.008112257405068417
ebb2bb308ec4cd12,在快穿拯救反派大佬,0,-0.019569693366090546,0.044903243342900294
bb22f4c1453ccf4f,在恋综小说里当万人迷,3,0.04296467208329924,0.004454871920255825
3aa748bfcf668d38,在恋综摆烂后，我成了万人迷,0,0.06405761949376709,0.020337661598472147
f0e5464388ae22ae,在恋综被读心后，她整顿了娱乐圈,3,0.05453914415710548,-0.017619306728489013
09030b7b31380b99,在恐怖游戏里捡的男友们奇形怪状,1,0.07911566532668934,-0.0503049800335297
b49fb5d89065a4f1,在恶梦世界惊悚求生,6,-0.031200055321367548,0.00933451395030464
276d9cf9e96367c6,在惊悚世界当奸商,3,0.044491898362498006,0.011238895696431547
083af374d0c683a7,在掉马之前拯救世界！,4,-0.1135866790309335,0.11543748921065217
92838102308093e9,在无限世界里我被迫养鱼,3,-0.004240503234207438,0.0042741491267597985
db8ffc8b708f13df,在柯南世界和志保谈恋爱,0,0.02334608634976343,0.05492025189795056
05b51adf1bba93e3,在植物大战僵尸的那些岁月,1,0.08761317748679043,-0.036828753528616136
a38e6a01cb2d3078,在游戏中捡的老婆竟是女魔头,1,0.06589135653620848,-0.07566898700166855
3c196f65a0dba816,在漫威的我开局加入了聊天群,1,0.10980577057113294,0.012206485800211853
703aebaf141028b5,在爱情公寓的咸鱼日常,0,0.018423208459151907,0.020182502480088686
803156fe6dfe5ad9,在狗狗世界当团宠,1,0.07253254663159647,-0.02069769705006397
91eb30c8811f19d6,在病娇六爷的心尖上撒欢,0,0.03715231715607237,0.02655324439260603
b4ee92e0ef9bfa03,在病娇大佬的怀里肆意撒野,6,-0.03807099359272387,-0.014106447558882008
c18b19d594a7e09b,在禁欲顾少的怀里撩拨心弦,1,0.12125203858770739,-0.0534449963115864
b43c51ddeffa5181,在铠甲写日记，冰儿美真坐不住了,6,-0.029424509443524594,0.011840240492455014
2e1b10b65a8dae00,在鬼灭开始每日一抽,4,-0.1287464901464449,0.07820728904504226
dbb10f959fcd6c15,地府签到千年，投胎气哭女帝,7,-0.11184929187917875,-0.033959759230079226
e7605f522d1a5b24,地煞七十二变,0,-0.018581440904120727,0.013604216561139896
246483d59b72c612,地狱修罗场，她们都成了病娇,1,0.06450274634684161,-0.003251372864772515
3f6afec7bcf325e3,地狱手册,0,0.06899150779618013,0.03469644363496221
13a9b21c5ffd14b2,地球天军,0,0.03814581840083642,0.03406013663760919
2dbd0df3006117b4,地球无应答,6,-0.05969765122336923,0.039799621301220646
c6946de6822882e9,地球被打爆，我疯狂捡漏！,1,0.09838468998287919,0.010492808197233652
de388799536674ca,地铁污蔑我偷拍，反手制裁小仙女,4,-0.12853563641352506,0.13610100286609594
87de7ba707ca03ca,坏了！女友上门讨债了！,1,0.08934779670941251,0.009878160095078492
1f2ed94a069a7764,坏了，这群女主都是重生者,6,-0.08403718677364835,-0.010647947003133665
45cd2083ea94183d,坑鬼捉凶，一品小县令,1,0.1167933440782134,-0.01640046160243707
dd186bf09cb4f784,坟葬鬼，阴婚契,7,-0.1614093188291193,-0.12030571729320604
7e9bc7730cfe36b1,垂死病中，系统让我开枝散叶,0,0.06017165177690309,0.038539118198536816
43360c1de24eea0e,垂钓闪闪果实，闪瞎隔壁校花,0,0.014366504401907565,0.013768797470386366
89c09986531c2836,基沃托斯中一脸无敌的老师,2,-0.7444603582004852,-0.4361571693894895
e7ceee02a083ba32,基金会穿越崩铁：开局暴打星神,6,-0.053309082653251016,0.0006777979022239619
dcdb28dde107ef9a,堂姐重生后，总想看我过得不好,1,0.18655473326836258,-0.08158443107323712
f254460fe3c3b0d1,声之形,4,-0.2052812754260694,0.16697710211992944
f587f885355e1490,夏日与幽灵与画笔,0,0.0014960789388935858,0.020708916278422806
e34f3f124f1160dc,夏洛克，我可以是你的艾琳吗？,7,-0.10851559246314457,-0.02709756498740124
fefdffb1186cc7f0,外挂开满，神君的灵宠她不好惹,6,-0.050593001829755346,0.07689258969783379
d33ba2edfea3b7a4,外星求生：直播我的休闲生活,3,0.016617368294968626,-0.034261068317171225
a60b6310d627d528,多子多福，从拿捏九幽女帝开始！,3,0.022649613929512924,-0.026334668001430195
3eb9f17335377362,多子多福，仙子你孕气真好,3,0.03569233034042529,0.02006124195859477
1566f6dafca18cde,多子多福，我在修仙界开枝散叶,1,0.09734577067671413,-0.009897738504944686
0552721a5285d403,多子多福，我的后代又无敌了！,6,-0.09524669270705116,0.04795706409746732
d3da66508665f5f6,夜半杀机,0,0.02990345954194973,0.0334494041035902
a24988f14ae6c6c7,夜夜梦见未婚夫的暴君叔叔,3,0.03041346207778106,-0.006657187156795396
21ef6722238842c8,夜夫人，六爷他找到你的娃了,3,-0.0023512630469746387,-0.023954857857585207
601ed9bce1cc561b,夜店女孩，请别叫,4,-0.08675945681182823,0.10680474084167277
60f598dd433e2f3b,夜生活,1,0.06604152897601123,-0.05611648722444231
82b261f430f72140,夜钓遇黄皮子讨封，说她像兽耳娘,3,0.04997693268131287,-0.006601293822142879
01a499e559da73c8,够苏！他又欲又野,1,0.12667055992444531,-0.021281417058551456
6331f4c483e37240,大乾：开局朝廷发老婆啦,0,0.04915393987438954,0.037392334433053606
76372953a86c13d8,大人，天冷了加件黄袍吧！,1,0.13036984283174402,-0.06303847813451179
7ffe9c498620dd36,大佬会读心后，爷绿茶人设秒崩,1,0.09419710554352834,-0.029857819761221493
2d4179a5e8af03b1,大佬因太过斯文而有些变态,5,-0.164983773662631,-0.04654980596677091
88c8d936184614a5,大佬她苏炸了全帝国,6,-0.018685632726264556,0.038071555266038046
c9163578d46a324b,大佬姐姐们倒贴主角？我被迫无敌,7,-0.03920570597276413,-0.1097736655996674
4cb891e43ac6246c,大佬我爱你，狗贼我装的,6,-0.13660956042760697,0.03754969404301295
d52a14986d56f1ef,大佬退休不成反当爹【快穿】,1,0.06863176329425402,-0.05966893389931643
e7eb09f00a9b2275,大力女配躺平后，被反派读心团宠,0,-0.018221321381716282,0.021329778556600742
d6dffe5adeef83b9,大医：器官变异，我手术震惊全国,3,-0.001194909172965497,-0.07547921568352184
f9b9d80c145fc40d,大反派偷撩女主，前女友们杀上门,5,-0.1790646373619873,0.025516631893072343
8b21c513f28fbcca,大反派正常了，女主们却都放飞啦,3,0.052700365656884185,-0.017767339163040897
18c02cf7d490e621,大召唤师不想召唤少女,0,0.06520425673496477,0.031859294960025736
d15cded9c2cb5b73,大周缔造者,1,0.06298285098849676,-0.021079474227683262
7ee5f3408bb41ef1,大唐之美食供应商,1,0.1266614862963633,-0.05661216719745281
0764bb7438ab88bf,大唐之超级军火商,0,0.033216726874505276,0.019902492984462103
3effd372a096efa1,大唐兵圣驸马爷,0,0.03749838641130987,0.03133372167457451
ea6217a283a65309,大唐好贤王,5,-0.249644135234111,-0.04141362564579572
233b806f5fb7cbe4,大唐小神探：开局被斩首怎么办？,0,0.004928501195027635,0.04696886482407558
af5c28e603f74c74,大唐第一暴君,1,0.10793183949127472,0.00010145784660758146
66fcafa74273ccd1,大唐第一权臣,1,0.09785862003910062,0.007349090442323271
94a556e321edbcf8,大唐至尊龙帝,6,-0.1050284926635916,0.034179411939399176
95eda47bd3a4a7b3,大唐超市：开局辣条辣哭李世民,1,0.10940031025184616,-0.030995425841535692
627fb2ca979f3fc6,大唐，开局卖香水,0,-0.014627640076312565,0.0902097160645016
aa0008d8367bd26a,大唐：开局挟持李二，震惊天下！,0,0.03970940684751778,0.009110267866562657
573e0eb25f3d6198,大唐：开局系统让我掳走长孙无垢,0,0.04702099758867917,0.02460065158157038
8c240d3dd3816a90,大唐：开局迎娶长乐公主,1,0.10328394230710669,-0.04532635290912116
fd557037c98f1a09,大唐：我家卧室通长乐闺房,0,0.015386294092183839,0.03109759783898054
11fa7a4420d7efc9,大唐：我被长孙皇后看上了,6,-0.09360280772622698,0.05532114912565334
66b7821279708490,大唐：抗旨才能变强,1,0.13302237055690846,-0.017174895937233557
c5ce5265c5d0b2f5,大唐：李世民求我造反,0,0.037889586366283146,0.02022354574782587
3850982468660405,大唐：神级驸马爷，咸鱼就变强,1,0.09515603349158086,-0.021710947970999275
185774452e38ea69,大圣归来，我孙悟空誓必屠尽神佛！,3,0.03667212207713144,-0.094603958788229
21dc6e1f936ed800,大夏守墓人,7,-0.008621224432535879,-0.10008100530338879
5c2ef76436b63c4f,大学生清澈且愚蠢又被疯批套路了,3,0.02699026074429023,0.0022204669627707194
ac34210d608341b1,大宋：我在李清照身上捡属性,0,0.013206471632044914,0.08346867426561355
ce82db89bef0f9b6,大师，你桃花开了,3,0.006508120436452769,-0.04968675920966237
14f967cb5cf65367,大明1592,4,-0.17877139001902853,0.10919744402159043
c28fdf00d319991e,大明朱标：朱元璋头号黑粉,0,0.030474287011787338,0.014220407956510368
47258ff0aaa1b6ee,大明锦衣卫：惩奸除恶奖励万物,3,0.04648207281919614,0.00876397361071793
7a47ff627a58b2f8,大明，刚流亡吕宋系统觉醒了,0,0.0046657952119839585,0.03341966363828375
9ddb76f6a059c5a3,大明：不装了，你爷爷我是朱元璋,6,-0.06042931235185883,0.06138781761773353
c9511e434366fa78,大明：儿啊，父皇求你疯狂纳妾吧！,1,0.0728801612565867,0.000496654757993023
9d14032d108eb0c2,大明：家父永乐，永镇山河,3,0.030401663529649237,-0.011679084022997816
e03eaa2552412799,大明：我家娘子长公主,3,0.053955516219459265,0.0041235598276014
0dae7d016f3443f8,大明：我最强皇孙，请老朱退位,1,0.14140599913958474,-0.026379705699536637
8ac6a4f78ed15f9f,大明：我有脑疾，你还让我当皇帝,0,-0.03260902642873004,0.06882945679521317
97f168bb6b3fdde8,大明：穿越崇祯帝，开局一根绳,0,0.06693290601235868,0.025791723677283277
12e26e0fcf655058,大相师,1,0.0665045345765739,-0.026987339813401456
610de97e896486cf,大秦帝国,0,-0.04482912790587168,0.09078194347986489
8d3485f3451c649a,大秦教祖龙抡语暴揍扶苏吓惨胡亥,0,-0.016543724835875795,0.051319532176886985
d6e8c4df2abe4dad,大秦暴君：开局属性兵种转生池！,1,0.10408994214247602,0.026544453925685014
d0d39c2c87e4ac36,大秦鬼谷，让你纵横没让你统一,3,0.05156605420799687,-0.022964821353761575
54ce9fcddffe02df,大秦：千古贪官，祖龙夸我是忠臣,0,0.0016889631909869918,0.08828833117148457
683853c18544c4af,大秦：吾女嬴政，千古一帝,4,-0.06602049465197435,0.1658734491727409
5e62b2a13770b3dd,大秦：始皇帝，我真没有忽悠你啊,4,-0.09725690475305304,0.15435856606025877
40ddcaa193d5d9a2,大秦：开局策反秦始皇,0,0.02004186843865019,0.03682524810883066
2dfe96050758ff96,大秦：开局签到十倍吕布战力,1,0.15904457827541751,-0.037312107653591914
e80a20f41918afac,大秦：开局自曝穿越者，嬴政麻了,1,0.08678595969132086,0.013687627475120541
cb5fea2f9e387758,大秦：我戴着黑影面具出生,3,0.05264021443351352,-0.0013100737568969
445438a4788b669c,大秦：朕乃始皇帝，两界搬运工,1,0.13147851804267885,-0.018179067998002015
543a76875fc91963,大秦：父皇！我真只想自保啊！,1,0.07660180812836814,-0.012267903625828297
2ff5640b13411fc8,大荒经,1,0.06310823509694763,-0.00039645951545876296
5f5de40a168db582,大虐！绿茶男配又在发大疯,4,-0.10829129348032668,0.06341991144957992
38976cf37a682cea,大贤王,1,0.06753147253367942,-0.02622595615257478
cb02b800f1147e8d,大道彼岸,3,-0.0003720413866085126,-0.05327483680675897
66f9ac4494014b4f,大道死而我不死，灵气枯竭我长青,3,0.01426557153188901,-0.042354594082607555
c8870836569fb5f7,大雪满风刀,1,0.07173267498017966,0.013601004687404564
7a115abf21d21955,大靖枭雄,3,0.06709078812477876,-0.056794984167798525
3dd285b2f28f8f89,大魏暴君,0,0.03082666476808571,0.07714590444925147
6281af66f156ed6f,天下第一,3,0.04166018963218299,-0.05817750088848695
dc191cbb26f291e1,天下第一要跑路,0,-0.011774220805600144,0.009143845443512006
9507f89a286539e7,天下藏局,0,0.042978573084336946,0.017350297289100133
d63a78979f3366fe,天乳,4,-0.09696555152267022,0.05662010604931012
931a1bfde865afc7,天亮了，你就回来了,4,-0.08046513003560579,0.10879905856366465
6bbae79599fa88cf,天使大人的实力至上教室,6,-0.06251895888112641,0.05197648531084329
eba9e82ed3757bb2,天后演唱会上，一首十年唱哭校花,1,0.06194874308826992,-0.013871386696526641
f4fb7987d9616532,天命出马仙,3,0.02130850924541494,0.007603646937956003
4d98363515d6bcc4,天命反派：开局镇压大秦女帝,0,0.005362945174492428,0.06796198087224413
c318e8ec71b8a62f,天命赊刀人,5,-0.28937673715140955,-0.23173110356423163
1dde82ac7c160956,天堂旅行团,6,-0.04869571197777983,0.03813841570739327
f400780e2d996e40,天天咳血的我怎么可能是幕后黑手,3,-0.006138366062235612,-0.07139934964298485
5aef5e4053b0a2ed,天崩开局，从死囚营砍到并肩王,1,0.0671656114775353,-0.015907226042369542
6b7d2724f779f47c,天师府小道士,0,-0.004125576266310826,0.012927236600316774
e7799164ef8425f9,天师穿成哥布林没事，还能用符箓,0,-0.02830270858895212,0.06622458825733972
ba58a12d3f2fd0f8,天才抑郁症少女成了豪门真团宠,0,-0.0021016252580737804,0.03984590861819434
d31288ebafa5b704,天渊,1,0.13113173156462832,-0.06389869519537872
6e4632affb0684fd,天灾，我囤几十亿物资在末世求生,0,0.011323917791270732,0.0269634337363122
37100f36f988cc6d,天神殿,6,-0.01917689730236405,0.00667625536625098
9f8f81ff349af529,天赋无敌的我，一心只想苟活,6,-0.09053485119797355,0.06518238405829099
297a0eb4ef1f683f,天赋者,0,-0.010648691912070962,0.06701483340044836
259e18a20afb1a0d,天道游戏之最强玩家,0,0.009631585651277086,0.07602500046004242
6c53f16e1ca18820,天道继子,0,-0.006673089464481974,0.08852091194914177
a40c193b30d5cd8d,天道逼疯小魔女,3,0.05974917728545692,-0.006249948361680201
f51210d3e7f55345,天降后妈，我突然多了九个姐姐,4,-0.1590580176835501,0.2211915964885806
793f9b844869c1cd,天降巨富,0,0.015280157298197539,0.014000831912521137
6f209ec29ad48d9a,天降未婚夫竟然是我的死对头,3,0.0031000731329222653,-0.01591826022647536
d724d922f88b33a3,天降竹马他最撩啦,0,0.0223740309043442,0.01363472481944423
722e650344a7a2ad,太乙金华宗旨,0,-0.028642079175337787,0.03117028107627674
3d2968af3593bea3,夫君每月给我二十万两,7,-0.0710967045213759,-0.06066467579810579
2f1addc28ab4b072,夭寿了！大学辅导员竟是前女友,3,-0.010763285175207193,-0.015058350263714545
9ea69866f2d55740,夭寿了，身边女人都是病态偏执狂,7,-0.13489301572576212,-0.11568869956446869
584ee17082353bda,夭寿啦！一睁眼穿成奸臣早死原配,0,0.026246661614531375,0.05616353723016772
7ffc371bfc4a9abb,夭寿啦！老祖宗你还有多少前女友,6,-0.0403296082042891,0.021770851950994496
cb1e14a1cfad91ff,夭寿！我家超市能穿越,1,0.07107491488953965,0.015500839185513631
13a73713de4ab33f,夭寿，在日常番里见到了妖怪,6,-0.07027915461269268,-0.007833134291569952
6f5a5f43744a0dcc,夭寿，这人很普却过分万人迷,6,-0.04385382841888902,0.03275966560102961
f28119d6a2dbe724,夭折了！我老婆竟是大反派,0,-0.0051416596604320075,0.013171857116310774
bbdff32d50b342a4,夭柳同人相思知不知,6,-0.03840227368933419,0.029872712683218432
97090033a19f340e,失业后，被宝藏女孩捡回家,6,-0.06476348942202292,0.026981791954861643
653ab1bae9338ea4,失忆后错把死对头当老公,0,0.030348326158186056,0.014930475097791109
de23deba37bfae44,失控沉溺,3,0.03746635595685177,-0.037858756057512266
f4e2844bc963e1c5,头孢配酒，全家送走,1,0.13866021100149084,-0.00872698263965848
348803dee0801738,头条都是她！老太秒杀娱乐圈顶流,3,0.05256848370991862,-0.0004005423654223333
8ed365b1d89f1222,夺心契约：陆先生轻点宠,1,0.10351758827200597,-0.04015786159405632
f293807df905723f,奇怪的她,0,0.00924066199441076,0.021220540560266267
5cf27690dd40c689,奇谭怪事录,1,0.08363956403946127,-0.07184302540285306
c6536ab13232a6c1,奇门法窍,4,-0.10565975750183948,0.22561774483801478
dd1716eb145fc823,奈何她致命甜诱！,0,0.01034116528781115,0.03855856882766336
193acb41700a735f,契约仙帝,3,-0.015616360907699689,-0.01806682016902266
c0ea330d67e67e80,契约精灵，我有花之法典,3,0.00408506838313949,-0.013571931625706694
6662e39033f0f63e,契约绑定：我与怨种校花不共戴天,4,-0.08927859356140577,0.07484509470157341
0c7c4a97912ae05c,奥特曼：开局光线给佐菲洗头,6,-0.08454701754888944,-0.0273723019102191
04335d447b551a79,奥特曼：开局变身迪迦,1,0.12221950643030755,-0.022146341169170313
9e9b5fdae0455c1d,奥特曼：开局强吻卡尔蜜拉,3,0.02571216433668644,-0.03390564093397555
871ca97e87af3897,奥特曼：黑暗迪迦杀疯了,0,0.0020776516274360057,0.048156993992179986
d3a29f6265b281e2,奥特盘点玩梗：你都保护了什么？,4,-0.17512375074909542,0.16290766749715518
02ef0380c420da70,奥特：穿越成为王国第四强者,0,0.01143779811921486,0.021410320183912795
b3a9731be04b2b82,女alpha穿到虫族后,3,0.03322603334411878,-0.04315751973339779
ead67542f3b4d569,女主她修仙全靠反派,1,0.06505203723918596,-0.012590525615553103
46979ded38b07817,女主要攻略身为系统姬的我？,7,-0.04152106749060941,-0.08938611631007046
51fe9c7c1028883d,女仆图鉴，开局成为水晶宫主,6,-0.0637975337232855,0.024174546910873253
546ba086e09bbd6c,女儿重生后，我和夫君把侯府拆了,7,-0.019360311173976907,-0.1321420885538434
ed0f7dd57ebd27fd,女友抑郁症跳楼后，我重生了,3,-0.0029729641900765325,-0.020786698878280493
23ef2d27678e1b5e,女友警局入职，我天天送罪犯！,1,0.09274839942223723,-0.042349326731050255
a37fa2cea826429e,女尊世界的合欢宗主,6,-0.059518797314277616,-0.03643038979996344
7192ef37bd19041e,女尊世界：拒绝表白就能变强,3,0.03610002006795221,-0.06259236144053623
da55cd9a31eaa988,女尊之我为病娇夫郎洗心革面,1,0.11948101205010175,0.0038583167193525364
2df3e2b47fe7f940,女尊之我靠娶夫发家造反,1,0.09327040178586177,-0.05177551407737963
ea8866be7b816269,女尊恶獠在线养鱼,1,0.13045486810571338,-0.022790797902498886
f900faefd494ebb9,女尊独宠外室夫郎,3,0.003960776608693872,-0.07043791248841648
6c8fca41c3b02758,女尊逃荒之冷面阎王娇宠夫郎,1,0.10620512680769001,-0.0594579455585655
509be8825b983d9c,女尊，重生后金丝雀他不乖了,3,0.04793924372876879,-0.009883827717496355
cf18f21bd523d5be,女尊：108个姐姐把我宠上天,3,-0.007340789632939826,-0.03862493349999998
477ebc601f1d73c2,女尊：从攻略师尊开始洗白反派,3,0.012630124968945111,-0.020343191869017747
e4ecb0e7a520db85,女尊：夫郎貌美又乖巧,1,0.07725274896281487,-0.04990394120948828
8763c9e56622a126,女尊：妻主，你会一直爱我吗,5,-0.2536513693251649,-0.07501444926354744
3f81625341a47e70,女尊：弱气少年今天也要拒绝白给,5,-0.17187136155748756,-0.004712070606863759
6e86863a503256f9,女尊：总裁请放过我这个弱小可怜,6,-0.07733228161792444,0.004637497959891528
8339826c2ff248f9,女尊：我保证会乖乖听话的,6,-0.05690144179724099,0.05893504320778157
d7a44fc4e69c4059,女尊：我的龙王老婆大人,0,0.05930890787999854,0.03317513974159775
b104ed001d014c13,女尊：机甲学院的唯一男生,3,0.014959516855893473,-0.049163361359570924
5b6e6328ef72236e,女尊：独宠奶乖小夫郎,0,-0.01007054828016779,0.01652853551416648
b5b12fe84f860736,女尊：病娇校花很深情,6,-0.06947296454158675,0.054286481868231574
52b8e3bed3925ea5,女尊：重生纨绔王女，夺嫡追娇夫,0,-0.0006323082317075679,0.017499131206703312
13b80280389b4a4a,女尊：霸道总裁，请放过我,6,-0.055885976069304455,0.0772829041921249
704d43ed1feb1753,女帝三岁半，我又被爹爹丢出去啦,3,0.004496044306494862,-0.0729717582710352
9e9d67f91d6123f7,女帝别闹，我还是个孩子！,2,-0.5846650858567106,-0.3467640092262964
2cf95a93c6a4104b,女帝君休夫后，狐妖前夫父凭子贵,7,-0.037195755440053435,-0.074171487235245
5cf31a570b026a4f,女帝大人，请问你找我的哪一世？,0,-0.013267927215271147,0.02159504078898178
25e598006ad3edd7,女帝暴虐，禁欲世子他美色撩人,3,-0.02337511484545679,-0.027578777278965225
a2a17ad66bdc3dd4,女帝痛哭，她送走了自己最爱的人,1,0.13885308973622146,-0.028204380656650666
e0fdf53168ba67c3,女帝祭典上穿到直播综艺现场,3,0.05674581750144092,-0.052530961130600386
02074494dead15f4,女帝联姻，我看不正经书被她抓包,1,0.09637577765897942,-0.07228264349200839
21ec216cfaa2fc62,女帝被迫闭关，无奈为她执掌江山,7,-0.06040048138031184,-0.12947807112817122
f57f1b46df4ba905,女帝还是小可怜，被我收养,1,0.08460497709989445,-0.00576108443641442
6ff752d44df881be,女帝：天命大反派，谁惹我坑谁！,3,0.017392848073689016,0.016421674858111
448e1771f9c9cc67,女帝：苟在深山，女儿将我吹成神,0,0.022544705389049513,0.0803687990512882
ed6bfb2989307abd,女帝：说好的吃软饭，你竟无敌了,0,-0.03980076018585982,0.06415391557192404
9474a0fad6c7e5fc,女徒被我忽悠瘸了，她还得谢谢我,4,-0.11704947113419195,0.10806905099816191
872fc752a4b833b5,女性身体私秘自查专家方案,1,0.0840363808218324,-0.10795245914552824
73ef8ac9b39e1dbe,女扮男装出逃后，我被薄爷通缉了,3,0.035378180762026146,-0.05919214886188244
2c135803b658199c,女扮男装后，我成了男寝的小团宠,6,-0.06514325789011605,0.06875603344690573
fe9bc10174057c8e,女扮男装后，渣了全宿舍,6,-0.03530921256409114,0.019252588674722137
b73a843368f47d0f,女扮男装的宿敌女帝总撩我,0,-0.01719233762381861,0.027757542067475455
477b4f9a1b1de82c,女扮男装被太子发现后,4,-0.06356091656957624,0.1404754081138624
ea95d9d3e04fcc0f,女扮男装：大佬她总想吃软饭,1,0.0765566715215642,-0.07982838494504964
9368c3c8dda8acdb,女扮男装：少帅的系统崩了,0,0.004681742113531895,0.0453472610002522
7ad7684214b6f25a,女扮男装：暴君她美色撩人,3,0.045139126276438235,-0.06767041430580163
d6c21f15edeeaa6b,女技师要去我家留宿，被我怒斥！,1,0.09080636971942746,0.03552824473322662
9c704ec5b8b870f1,女朋友只给五分钟，阁下如何应对,6,-0.018804117069952497,0.011583584214327192
f7f20f5c2999d83e,女权世界之开局我就要退婚,0,0.03149691501741547,0.04202320499630701
fb6b9f35c5224a71,女权：我来自异界,2,-0.4969189499450864,-0.17267113467883669
0984a85aea435f54,女生的我解锁了男神养成系统,0,-0.017602815822536366,0.08059197553941623
2502dcf3587eeb59,女神召唤师,3,0.01598282349573721,-0.007245813135122016
86e73a07f3c660a8,女神同居往事，我好像在哪见过你,1,0.07898028159463288,-0.023887363792441708
a64ec9204616791c,女神我不想努力了,6,-0.05062712003681835,-0.016668473833854138
2607a6a075c7bd20,女神校花的全能男友,0,0.007292172057438928,0.0500775141546655
ea4e7c24b725ec06,女神的至尊傻婿,0,-0.016133782932915897,0.09575488339798505
b1f8690e1d3d29f3,女神的贴身仙婿,1,0.09481113712183253,-0.003176065098169628
2a8af5881e8e2af8,女神的超级赘婿,4,-0.16341700949710503,0.17270109603306102
86bb75ea933e4e7e,女装反派，主角跪求我别死！,3,0.010238145347999827,-0.0485133750886133
bce7630cd76d747d,女配修仙：从当宗门师祖做起！,3,0.02413583807753239,0.00545490928885869
b8ff433e916c1440,女配修仙：我有杠精系统,1,0.08743288109028857,-0.03772327667382569
32ab0687036d33d0,女配她只想修仙,0,0.04242807173691099,0.035653216126678676
4dc757d29be9faf3,女配！C位！神颜顶流又飒又媚,6,-0.09702241056962979,-0.002302254080584797
60745a6028ddc69c,她不好追,0,0.028721586116743802,0.02689487869321052
54507eb87164542b,她们的登陆把我变成乖乖男,2,-0.3680301129389439,-0.23253930361752678
f9fcf61e80a4764a,她们都叫我傻子,5,-0.3411758980680514,-0.13621816897218658
6483c3fe73138211,她好乖呀,1,0.08634652462017345,-0.01426964117491826
13bff894f107f221,她总在收留非人类,3,0.004695538843142,-0.03433359597386942
969ed873164b79d3,她死后，成了万千重生者们的噩梦,1,0.08251446571359766,-0.01739751907094881
a1c6d99f7bb0cbba,她死遁失败后，病娇徒弟疯魔了,5,-0.2395364305022703,-0.09612640788454166
eee9bac2597ec10d,她毅然退亲！重生前夫追妻火葬场,1,0.12370315036412338,-0.0068022564792309895
2bb0dd336dda0ddf,她的小梨涡,6,-0.042489025367798694,0.03555772274870335
1a9f9e2e27bd44c7,她的少年又哭了,6,-0.10266870291584623,-0.026351149479140135
33e1beb2245979ee,她那么撩,3,0.01997718558530992,-0.041567267565941604
40d4d5004508b2ae,她马甲一掉，全球都轰动了,0,0.052168365189050325,0.06241544180008065
d29560ebcc5a0286,她，与暴君互换后，杀疯啦！,3,0.03724045031171608,-0.024306512307960874
b3c5addeb2843337,好一个乖乖女,0,-0.026848315786575205,0.1062528430842544
607597c7a3b1cbbf,好孕之路：美人靠生子走上巅峰,3,0.05561636270568038,0.003514253434727616
21a595db70b2598f,好孕福妻：指挥使大人乖乖宠我,1,0.07529885903894984,-0.0017630462150484455
6b115459a3744cec,好烦！京圈大佬非要把我捧成顶流,6,-0.061024639224347255,0.013933837799496609
c3a569831cc60309,好的爱情：陈果的爱情哲学课,7,-0.1645537405744249,-0.10236363914356296
958a6c0c519433c9,如何阅读一本书,7,-0.1552204792389273,-0.23054906459122038
42b1fbfa014e1538,如果森林有童话,6,-0.030325940946283658,0.0048703225437419385
45ee6d72fcb32797,妄折一枝妩,0,0.058034466659467876,0.05303356564848667
12d6fef1c3c10fa8,妖女滚啊！休想再让我跟你生娃！,6,-0.050883914510277184,-0.013686151161046656
f6696690157d6262,妹妹装备白丝卡牌，我成了制卡师,3,0.05579633189674571,-0.012329865267557964
88b686cbcb142aaf,始乱终弃纸片人男主后,3,0.008988278451349307,-0.02514985759770673
bf3429f9c10a7317,姐姐，求你爱我,4,-0.14342046445078,0.19945437044304484
da43b5b7b474c5c8,姑娘她美貌却暴力,6,-0.0593503904177578,-0.031704232586231444
4dee331776d4da6a,姝色无双，奸臣强宠冷艳贵妃,3,0.05660804471925884,-0.041676742119202026
050db2a7eefab716,娇养玫瑰,6,-0.09253729240406272,0.01489434755952742
2ff64424c7e6374f,娇娇主播惹人怜，神豪大哥争相爱,1,0.0726740165033607,-0.04268677974984434
ddbcaacda657c846,娇娇奶撩！偏执封爷变吃醋粘人精,6,-0.0799851516575012,-0.02811066948839099
f41e24135f2b2641,娇媚娘子不谋爱，奸佞王爷借个种,4,-0.12052800901768002,0.06479448947824969
337d36ee2db3f826,娇柔村花一笑，八零糙汉骨头酥了,1,0.0745925467060049,0.012004603092102101
c68496ba139b7452,娇滴滴小美人被凶猛糙汉宠野了,0,0.031522237488015636,0.014805833548027222
5a35beb743723fd5,娇玩,0,0.029451314184102517,0.020547139580777037
ef5582e5f7c3068c,娇瘾缠欢,6,-0.021366307293997355,0.018012143658910462
82017143949adc62,娇软太子妃宠冠东宫,1,0.11340171947390543,-0.026955889355289163
b65751791a6b4827,娇软女神穿成男主恶毒妹妹后,3,0.03220441454742129,-0.0009826398353104723
0c4ed838b567d612,娇软尤物！被禁欲系保镖掐腰宠,3,0.03139204142266072,-0.06290402060722441
f7a4f36e9fd2acc7,娇软美人要抱抱，谢九爷下跪哄她,6,-0.06292922836162534,-0.0354813157805746
f9d45d47d48b693a,娘娘多娇，帝王捧在掌心宠,3,0.056972436422606965,0.007413721698573626
0644f82eb34cf225,娘娘套路深，三千宠爱集一身,3,0.04550536587588361,-0.018922092284487182
4e7d3d5b5fa3e46e,娘娘病娇又茶媚，一路宫斗夺后位,1,0.10624448876202519,0.009890164807669913
636fdaa96254d5f7,娘子竟是女魔头,1,0.06402807328659821,-0.021145707412291596
a423c7fccc453c94,娘子练武我修仙,1,0.09631933783262514,0.028152938284261145
01e1f7c142af356d,娱乐奶爸，开局就被萌娃爆了马甲,3,-0.015419443239512276,-0.04814755192687644
9324836836d3e4ce,娱乐，我带着明星队荒岛求生,0,0.04721285377214157,0.053190607403468995
52439f11a3334cd3,娱乐：从女装参加恋综开始,6,-0.03837508482695168,0.018554566553953176
02126816c17b38f0,娱乐：典藏华夏，神级扮演古今,1,0.15741690350229376,-0.0381019038856228
1e320a63780e8f7b,娱乐：奇葩开局，从此火爆娱乐圈,1,0.10747965525373449,-0.01490321678970756
0e5d667c81e82161,娱乐：我也不想当渣男,6,-0.035881109477794215,-0.019707387274154543
d2a08356b7d3fbef,娱乐：我在国民女神演唱会上封神,6,-0.10544113447804626,0.04359742538683224
c9a39df0a06ad2b9,娱乐：我在音乐圈混成治愈系教授,1,0.0890738120061404,-0.027262866811311088
234c1da9d7ced0b0,娱乐：我被七个天才萌宝叫爸爸,0,-0.016440377624620084,0.02606896539746956
c5cf4111e0d41cfc,娱乐：玩刺激游戏，让杨蜜离婚了,6,-0.08418941396179697,0.06048645303368337
2647f77ce0045f32,娱乐：让你凑数，你拿赤伶炸街？,3,0.004122936814661804,-0.021070632884559026
e1ddcca8e4f726d1,娱乐：说好假结婚，你动真感情？,0,0.03769487413879291,0.029056338036817644
1b033d24d522823e,娱乐：这个小鲜肉太过直白,7,-0.037260450659640065,-0.05445894751822394
01eeb0a20b761743,娱乐：这角没这么坏，你收着点演,0,-0.033328281839371254,0.08400940762216033
b22efdbd9b8b2279,娱乐：锦鲤助理，杨老板人麻了,0,0.052268654813845794,0.03705492004665509
d27a394f66f24c02,娱乐：隐藏大佬的我被向往曝光了,1,0.09650103562258239,-0.025044623508167396
4a9ce803e68a3ad6,娱乐：雪藏十年，我的粉丝成年了,0,-0.026146656933729973,0.0425916912502121
103d834056c70861,娱乐：顶流从杨老板拉错群开始！,0,0.05259408360796625,0.037023553180992444
b9ae8537054c3fdb,娶了植物人女魔头后，我乐疯了！,6,-0.024926619411948903,0.028049381752991945
f48674e79a2614a6,婚变,0,0.027191398099574604,0.003317915129526822
0b5641e150211aa0,婚礼现场：脚踹扶弟魔未婚妻,1,0.06406374779853297,0.0059364555600520605
4d7703a7a369f017,婚纱追星网暴我？京城世家齐出手,6,-0.0568474285971714,-0.005165026027901708
c387ec1d00e582bf,媚色诱宠：权臣的掌心娇,1,0.08725909074843752,-0.01713663409649918
41c0417521b999cc,嫁给前未婚夫小叔,3,-0.00219024110371302,-0.012482978158144203
315355af6fc11ec9,嫁给残疾哨兵，带他重返SSS级,0,0.023700836563339323,0.04908157472273099
69090cab7fb4ba86,嫁给疯批太子冲喜后,0,0.07307197589417302,0.04244127830135393
6c0f13382121fed4,嫡女归来：每天忙着给相府上坟,0,0.00525200047664276,0.0357720060187664
40ec5497424ce6a3,嫡女重生，我才是真千金,1,0.12178587401865892,-0.042241766243964377
15e172bb7d0c6714,嫡母在上，逆子孽女都跪下,1,0.08436471925976585,-0.05758597339889047
214bfc3a766cda56,孕期夫君要和离？随你都随你！,1,0.11294244285538402,-0.01152376222362689
b6844961e10453f0,存活于病态的世界,4,-0.08516840106410273,0.12997668692122888
a4eeaad98e3d7cd0,孙子兵法与三十六计,3,0.037518996517902914,-0.04439634314565727
1691e7120e8a5778,季总，先生他心甘情愿当替身,1,0.16287830191583308,-0.03510480251570341
08f5c27b944281c3,孤僻妹妹如和养活废柴老哥,0,0.005860880013935144,0.009277429875638808
2d36dbedb3440f0f,孤岛生存游戏,3,0.033494019545942555,-0.03187502517014163
d2f776a2115b5272,孤注一掷：缅北：我能看到成功率,1,0.12508044310946465,-0.025959671149317763
4f0af4a80d69d962,孤独患者：月亮送了我只猫,0,0.015467152672366424,0.017663417811052334
8893b569b336b3cc,孤独摇滚，和波奇酱做邻居,0,0.05436786156608431,0.029355019250325545
7ca9628c15db4617,孤独摇滚：雨瘾症与社恐少女,6,-0.06596191702747523,0.01038548578461318
6a31d2021f66f7a1,孤独的寻道,0,0.01949681947158277,0.054040049817095495
044680214ce71b1a,孤，魔道帝子，镇压世间一切敌,3,0.06315835307139428,-0.03464208257194124
1e50911da76195b4,学会写作,7,-0.14614554047083578,-0.15335600455453713
f24ee281879c856e,学姐别怕我来c,0,-0.0006995816773863739,0.02810139051172678
789f4eef3a84143a,学姐别怕，我来保护你,0,-5.709878369397625e-05,0.03717317861969731
92c2bead9d22ba9b,学姐向我表白当天，末世爆发了,0,0.014920449495204435,0.06912782929191201
f7da33125139e1ba,学渣老公他超凶的,3,-0.014310292081870124,-0.0518150470192714
d6cd46c8e59ced47,学神校草，你掉了个反差萌学姐,3,0.06347142712735987,-0.02656394010069782
5535729aa4e0997f,学霸小青梅：我的竹马是巨星,0,0.013809715814049661,0.03994958707071356
00c2b00b475bdc0d,学霸的二次元女友,3,-0.00984739612290464,-0.010244454683875899
8b5e44e2f78bb84b,学霸的同桌他又野又撩,0,0.018376282025808655,0.03387020638177652
fe684ae2fa72f669,孽徒！好感度怎么又降了？,4,-0.17933982081350647,0.05325344789688596
4d4a8042dd290b72,宇宙网游，我能指定掉落,0,0.012883067523319247,0.04258651186699332
e76cbb01dcdf1bac,守护神纪元：我直接贿赂因果律,1,0.11558833653407419,-0.0373529585938414
998fbad7d9a67287,安陵容重生：绝不和甄嬛做姐妹,1,0.09163498568867445,-0.019275759353515755
9cca887a3732476c,完犊子！仙女都放产假了,0,0.01800265889010344,0.018889519192122256
e257e609f670b98a,完蛋！在恋综被病娇前女友包围了,3,0.05574801370030047,0.010704595180262426
d027f67b8a00c66c,宗门震惊了：团宠师妹是魔族大佬,3,0.04235415828845179,-0.0001782012079351949
ba9d7f2fd94839c5,官场判官：我与罪恶不共戴天,1,0.1053546433708713,-0.015570317960290712
1888b37565bf0f7c,官场：一个小人物的野望,1,0.084116023355714,-0.009763107399524898
dcb097f006920eb4,官场：分手后，我转身考上省组部,0,-0.02958713134861568,0.09345112020000387
9bee0f94c11b67bd,官宣有崽后，反派被迫从良,7,-0.16893327615785197,-0.1480410974950099
96643a1f8cbebd8d,官道：从殡仪馆平步青云,1,0.1704795445068329,-0.04488865973445615
e97199202c6fd590,宝可梦，从神奥联盟准决赛开始,3,0.027417524209685573,-0.0066793251108016195
66c7d9c8250acbd6,宝可梦：我的精灵靠打游戏变强,7,-0.10204205436600111,-0.06957084684140799
f5d5a24ccefcb725,宝可梦：智娜圆梦之旅,3,-0.0013882289984725737,-0.024901795445247094
58c668256c231245,宝可梦：要和莉莉艾谈恋爱,3,0.026046169171455746,-0.004515839464248524
24bda9acdef6bb2d,宝塔仙缘,3,0.004595394331306402,-0.012696926387629962
ab4220daad88cc42,宝宝乖乖软！被闪婚老公撩到腿软,1,0.06876651069244921,0.019341097576023647
126490236ea50a62,宝宝乖老公抱！病娇大佬低声诱哄,1,0.08804707260365252,-0.004127027193291048
1aa184faf26c5788,实教：人渣小路的特别授课,3,-0.030012491201422298,-0.05432268536439496
61bda2bb925fae30,实教：位于D班，也只能努力了！,5,-0.2193713235352942,-0.014040963621142714
64d093907e535be4,实教：我在C班当校霸,0,-0.004706041203291211,0.00970914003570451
c34790c57761ce9f,实教：转生B班，废柴但有剧本,0,0.020636618266326234,0.0760501485844409
729bee7285f1a74a,宠妹奶哥：和软萌妹妹的逆转人生,3,0.03871543592855975,0.0002655521154223818
e3dd3af3e2bca716,宠妾灭妻，重生我退婚渣男嫁王爷,3,0.05336944506015029,0.008800930007111943
fac07178eda3bdd9,宠妾灭妻？这侯门主母我不当了！,1,0.0705946901202289,0.020609194631133674
c24d1298e49e4470,宠妾难为：侯爷不太冷,0,0.020080932305482357,0.042682158019946806
2a466dcd07b2123a,宫墙柳,6,-0.06320261999322963,0.011827118082044506
57a2404b2af88562,宫墙雪,0,0.006028222716857656,0.11315992302357518
64e380441af7af10,害怕末日的我，三个月练出了鬼背,6,-0.1141509667860457,-0.02028430449601282
158acc042b428efc,害虫召唤师,4,-0.03931094878498431,0.1219760945847133
d05a982eb51b0851,家人们谁懂啊，系统被始皇截胡了,0,0.025673854877034774,0.007103804169451526
dacc1893f74546ca,家族修仙：我为镇族灵兽,3,0.04087891067775673,-0.0957725187028836
8a65186ea8b4ef0d,家族太无敌，逼得系统黑化升级,0,-0.0413160726598118,0.08146021825111598
cdeaafbb3e0a3607,家族系统骂我是阿斗，我躺成大佬,3,0.039134130618069696,0.0003444853349686421
fa81d9085d75b998,家有福妻二百八十斤,0,0.0011771000403443255,0.08100485441230403
d9a8b00b5cf090c5,家父李世民，让你女儿怀孕怎么了,3,0.03076147251356398,-0.07520378546627413
7e26bc11e53ff839,宿舍求生，我被拉进了管理群,0,0.010788202718829076,0.048522459992809325
ac599fcae50be54c,寒假海外建仙山，春晚直播新纪元,0,0.03499640375562296,0.019785313181262493
1bbdeacc0e6c3170,寒夜无声,0,0.005196490928476627,0.05525748625582262
bef4339990699fc3,寒门书生，开局收获美娇妻,3,0.043501543731069625,0.0025265980615027917
f37b16e9f210c7a7,寒门养婿,1,0.07775720130019093,-0.004470500204952094
214543567df0fa4f,寒门小甜妻,1,0.10524405310409346,-0.043583251758176324
2803825bb0374bd9,寒门崛起：开局迎娶绝美女帝,0,0.049196522328144754,0.0261956712999964
b068a7dd7efb09fd,寒门枭士,1,0.09620190904487658,-0.022635597461281843
0859d18e8555b831,寒门败家子,1,0.09672707849022188,0.01011857769984182
cc9723025afa422f,对不起小龙女，我尹志平只想修仙,1,0.08429813454369184,0.0008820796344556304
f0a22600e83643a4,对不起，我的星际舰队只招女兵,1,0.07747664208002136,-0.0024502096809544166
60ccf3502a704aa1,对她何止是心动,3,-0.012882982639311813,-0.04799789563406748
400cc99d29495ae2,寻龙风水师,4,-0.10336876896718172,0.10885460154210368
dbe2d29055d95903,封地1秒涨1兵，女帝跪求别造反,0,0.0023833121760418186,0.05454002794291577
0b521fa70493bf01,封建王朝直播：从秦朝开始,7,-0.14840451391637904,-0.11266434052373858
bf87b412f60864e4,将门嫡女,0,-0.009004175624488353,0.08103952828113001
6c9f0e2807928b6d,小公主甜撩！疯批权臣为她折腰,3,0.0566655683479339,-0.05234870723356664
4a12ba90bdf86bae,小区求生，但我被拉入了管理群,5,-0.40098404543636856,-0.08726950518231794
bdbb9dca4e785089,小可怜是万人嫌，反派们带她发疯,0,-0.029289364158140818,0.06433065240131228
b5651076d2606e06,小可怜被偷人生，顶级豪门来团宠,4,-0.07276423698371509,0.09128483428975512
d68338b7f47293e4,小哀！你别对这个神经病动心啊！,0,0.016632094687081378,0.051750663540129097
9e223c73f37bd4b8,小哭包总想洗白女恶霸,0,0.05275357327202168,0.052463462499018725
5d599adced1f474b,小宫女被读心了,1,0.09162469706139986,-0.0023241594152581583
7f49ba25d6d6f206,小家丁的幸福生活,3,0.05815642411456279,-0.017094957626272222
f3cffb4acb6b57f3,小少爷和小胖妞,3,-0.0030731255270771696,-0.016522935078956698
381743e811be9e1c,小山河,0,0.06140144351296395,0.01951051416984269
f85b55c7b6705c14,小师妹有空间,0,0.032578624930719946,0.05129576476234598
ced0b900605d6a7d,小师妹贼兮兮一笑，诸神皆抖三抖,1,0.0893286865645112,-0.004152203531574817
05d4207fa9c4a7e7,小师弟可太不是人了,1,0.07471520411901778,-0.0010816162748771697
a222f4f4947b76a9,小师弟要逆天,0,0.010465471188660591,0.030746817757938645
d723221b3c78cde9,小明是怎么死的,0,-0.04039716183433045,0.07716981648001553
53c476d63c08e157,小燕子重生之守护,0,0.047668787659814194,0.05354754039392584
7244ce0e5c418dad,小狗一撒娇，教主就作妖,4,-0.0920446548643924,0.08455699440457881
96d41d2a51d39195,小祖宗太会，病娇江爷被甜的发疯,6,-0.15077754389114922,-0.0072369948620794565
bdf15012b86ae2af,小祖宗，那狼犬少年急眼了,7,-0.14984555622054796,-0.18945393223606555
4d2109570ca9a679,小花仙之她只是见证,0,-0.0062500766207039815,0.03127606818542865
13de39206fe1dcb9,小青梅，今天能不能也亲一下？,0,0.002778221356630861,0.006542337225043228
78ffb55cac297766,小饿鬼和她的鬼王饲养员,3,0.035441565354910054,-0.08305254804035517
faa9295eb3b70aec,小马宝莉：向死而生,4,-0.0888956320833732,0.08024373421914024
0a5c59851ab8a938,小魔女又把圣女拐跑啦,1,0.16299769288179144,-0.07175420359843085
466f3ceb425a8d1b,小鲛人，掉珍珠！腹黑狼王他要疯,3,0.05100511365236804,-0.007081567936777557
c9c1a07e693d46a8,少女前线：141指挥官,6,-0.06219260653809855,-0.030577614918869848
a87443ae024892c2,少年歌行,0,0.03045190471192949,0.06215490046836373
6d543bf750b30c24,少年歌行：传承道济，逃婚李寒衣,0,0.006895831199364544,0.07155055808869645
8c1a8abfd393e8ba,少年白马醉春风,0,0.02990791815737137,0.05750680590396764
5cbbe77626cf1c0e,尤物,1,0.0739941977661489,0.00391163169980977
6572ff98bd886643,就算变成萝莉也要努力生活,6,-0.07831732443847567,0.005354524143433883
af3a147b409a83dc,就算是假千金也要勇敢摆烂,3,0.03272651778612201,0.005232018150131515
6d6d2c4f59024f58,尸王崛起，开局囤亿万血肉,6,-0.03760281097675122,-0.005666209496242046
91148d449102fe3e,尸生子，鬼抬棺,3,-0.00760239439736643,-0.070265426113733
ed7b713d0be638ab,尸起校园，求生从裸奔社死开始,0,-0.027360414602249694,0.046948995514044176
d3c73d16aad30657,屠灭宗门的大师姐才是真疯批,6,-0.026313386985675147,0.04941256662859931
84c3dfa7152806a6,屠龙公主甘巴嗲,6,-0.07051564426203843,0.0364191970794515
821f7ff03a94d9c6,山河志,1,0.11962209851226258,-0.017036888910426606
d32867ab93d4dbdf,山河故宋,6,-0.03257848601162239,0.007433394034065038
0cb04d88b19c5256,山茶花精她成了反派的白月光,6,-0.09413201837712404,0.020275291493802722
d91bcd3b8d083ad6,岁仙传,1,0.10600861153908592,-0.017700712640607023
f74c3b4fdf982e25,崩坏三之迪迦奥特曼,5,-0.2354705701491509,-0.004993715794998431
26dad7c148d28108,崩坏三：开局被奥托授予副主教,3,0.010990921330865433,-0.04880097118425524
114fc10f0e8b3f33,崩坏三：浮生历历在目,4,-0.17415494157417555,0.12969901937828376
a78852cacf285175,崩坏三：爱莉希雅的都市游记,5,-0.22495352534444185,-0.09985402416517081
d8c59668a5ed0f5c,崩坏之逐火的飞蛾,7,-0.11356811815328027,-0.04260422051328442
00dcfbf2128a2aea,崩坏之际,6,-0.0586077814009241,0.003699710431900126
7988b6fe3204dcca,崩坏前文明，开局强吻梅比乌斯,6,-0.059568487791648306,-0.008234571843513477
28c94c3e07a35cfb,崩坏幻想乡,6,-0.04116183453275052,0.04443192981160509
a82f56ce78b6f541,崩坏的假面骑士,7,-0.11251606467250236,-0.07728103168469726
cd53ef4cb714ecc9,崩坏的旅途,7,-0.06288589594626603,-0.051200850187884166
602abffb0367649e,崩坏行迹,4,-0.14908910752336324,0.08227076244550569
fb7a209d67c01677,崩坏，万年轮回的末光,7,-0.1184656442998891,-0.04051182805599443
1c46caf68fe3e948,崩坏，她们是二周目？,3,0.02758435558491401,-0.07004486141215778
9c52436c028d9685,崩坏，我在前文明,0,-0.020638540356888002,0.039267390620579705
a63707f6957b5385,崩坏：人在三崩子，我好像要死了,1,0.0732931299650782,-0.02193419112923239
7ef3e00b21e4dc62,崩坏：前文明之行,7,-0.14293078552244948,-0.1597832582311025
531cc20cefd474c9,崩坏：天之镀层的观测者,3,0.03816561954375697,-0.01993525281803838
eb992fba36085139,崩坏：女尊模拟系统,6,-0.018570019880787436,0.02930653174906294
7569bccfd7ab7f5c,崩坏：完蛋，我被女武神包围了,6,-0.07407032121318252,-0.012088554931961008
bc63e293c3816e46,崩坏：建宗蜀山，我传道修仙！,1,0.07617217931634035,-0.05147160501535307
351da49857ad2d57,崩坏：开局与希儿同床共枕,3,0.008306340738380547,0.0032859996350880338
abc24e7c8400d2a3,崩坏：开局为蛇蛇赚取实验经费,6,-0.043078327418698104,-0.041462103497726444
c9b70dbdf31b8b8d,崩坏：开局加入逆熵，制霸娱乐圈,0,-0.013711599641228422,0.07611980553312914
a0da4f459bd0d1c4,崩坏：开局变身褪色妖精,6,-0.04887988237217783,0.02597165018694516
2a1373b758e587b0,崩坏：开局律者，重生前文明,0,0.001690896042319645,0.018446519983971683
476430a74507464b,崩坏：愿美少女永无泪水,3,0.018459103875586802,-0.04742286507027633
3443674e1318096d,崩坏：无上黑希儿,3,-0.009149119946898432,-0.043240103129075995
f7d74a7594d9ec7d,崩坏：死寂之主,7,-0.07746794528784451,-0.04026946853455648
fcfff48fbd6bbca2,崩坏：现在是爱莉的大冒险,6,-0.12991875296359406,-0.008026544902016286
b1d0c11bd52b9b78,崩坏：转生卡莲的天命生活,4,-0.05593837663344259,0.1166627839063315
1de35bedec64b647,崩坏：逐火工作室,6,-0.03593566744805987,-0.016107376132129467
a49f2bbf97748872,崩铁：一切从贝洛伯格开始,0,-0.03205679521341426,0.07504788933976343
bc601750381f0545,崩铁：叫我？在下黑犬，姐姐银狼,6,-0.030243195690291158,0.003914362330300715
03b0452c9a3b2541,崩铁：开局被镜流告白,3,-0.019774516466436576,-0.030583149446659377
7d42891cb1e51add,崩铁：攻略世界从银狼开始,1,0.10465104042436613,-0.025439613115351044
83781f9df23a01bf,崩铁：虚构即真理,6,-0.14860402331925665,0.010923039217844648
c95c22babb53509f,巡阴人,1,0.07459181333478937,-0.03763646839028211
8cab1ba50335e17d,巨星养成计划,6,-0.09086452863458999,0.02827977661571038
1f84b168838680d1,巨龙：龙界,3,0.05800242194210847,-0.05751086897496326
fb019cc93a8e4b7e,已亡人,3,0.035369358506113446,-0.056333591382159494
c855d6a3b92235da,帅小伙,1,0.07370486301881674,0.022938537241076848
738a08d452b0bfc4,师兄他总是想回家,3,-0.004704717126684521,-0.0005218181869856768
c568a8dcb1fb3f0a,师兄就是个祸害,0,-0.020620812426522306,0.05019505427875864
527a64643d30d3c9,师兄，别再跟着我了！,0,0.014259362539890907,0.049312381677962765
fd3d45b2aad28153,师姐摆烂后成了修真界的白月光,3,0.0017785950746813661,-0.04589048571245683
30ebbafb94b66ab4,师姐的无情道又疯又飒,3,0.04135952297298984,-0.0243337511734447
78220f1f582fe241,师姐的脸不好打，主线任务容易卡,0,0.050656438888671995,0.026093699245681286
814c520bb98c25b8,师姐，请自重！,3,0.032406911476717926,-0.03865812255575758
bf6531ef11a25e8b,师尊在上，女帝回来撒个娇,1,0.061473640505542604,-0.009247823963433247
40c9fa780434b4eb,师尊女帝：弟子这孝心不要也罢！,6,-0.10766042552503796,0.04179797965277494
51d2616f520ebd9f,师尊她看我的眼神不对劲,7,-0.0823057457236076,-0.05533813733229325
8665fdae8a17a7e0,师尊如此多娇，总引疯批逆徒折腰,3,0.015320334886900766,-0.01132709883069951
bdf4a0e82be9a69c,师尊每天都在装高冷,5,-0.30264090150056877,-0.14956275630843324
102127bf4e8f523f,师尊：这个冲师逆徒才不是圣子,3,0.021262670768427916,-0.07530610895498135
73213390a4481765,师弟们都是大佬，那我只能开挂了_7174231870412950580.1,0,-0.0006142920223412007,0.04177019040427398
6953b6f39aae6f3f,师弟们都是大佬，那我只能开挂了,0,-0.003037327475470031,0.04084556978975815
fa68100ed251d380,师弟，你走开,3,0.06104362021065968,-0.02970069610820913
5cfde8733f582ba2,师父，我真是你未来老公！,3,0.033272860889762,-0.0010702017745343436
214db6b22ff1d03b,帝师王婿,0,0.022213731758728872,0.05106408282946467
e255c58bd3760c26,帝皇召唤：玩家快护驾！,4,-0.05355587016793051,0.1458226302054507
cbbc0502ed7b1f26,帝皇类唯一职业！开局拉人进内测,0,-0.04087442987420181,0.07642313866704889
a1522efac21c2de7,带病娇崽崽上娃综爆红，影帝前男友拉我领证,1,0.08426633798356342,-0.011100365677456155
db9ac1f1009270a7,带着仓库穿越：我养了一窝小反派,3,0.06470119174920619,0.01002460354935921
2d2e1afaddcccadb,带着宝可梦去综漫世界,1,0.08278985780081627,-0.010783669146534764
9378756cb527099e,带着物资全家穿入一本末世文,1,0.11529755914930817,-0.037910766280302724
fd30964fff4cd34e,席总又在哄他的娇软大小姐了,3,0.05544847030225086,-0.04699388047890733
84f8693dfef83193,帮校花攻略男主，她却说喜欢我？,3,-0.020519038337940276,-0.02595810768825545
572c19a7d99f7f1d,平平无奇的穿越者,1,0.07591588572889107,-0.03302414661100897
1b3394fa7fdb1f66,年代：这支高岭之花我摘了,1,0.0969348937493234,-0.010316923187582608
a10c7bba92ade66e,并潮,0,0.002590125287950995,0.00323755742137616
a7b39f121e440beb,幽冥长生,1,0.09834681150916469,-0.03225094963434809
7cf36c68a5e60913,幽能时代：我开局扮演雷电将军,3,-0.018149327742137067,-0.008787100115523127
b960f65b62c056ec,废土纪元,1,0.09131939229750274,-0.04185377861302808
fbbba55ca0bb6355,废墟图书馆都市新生,0,0.022115751048508936,0.03637827157720164
5b6ed0a526888bf6,废柴魔王的斩神之路,1,0.07539149729735128,0.026056085719739466
a8ab0168eb4d322a,废物皇子：为何要逼我做皇帝？,0,-0.013792903080942054,0.05590210437261613
0492d310c250deee,庶子的小通房,2,-0.6224633340982357,-0.3986848200417593
389b1d3af5b912f0,开始模拟：这个史莱姆又苟又强,1,0.08248077147798716,-0.02882978781508332
547604946909819f,开学报到：我开了一架直升机,0,0.03206722641851323,0.016480148275277783
f56ebd8fbfc9d280,开局一首活着，让全网破防,1,0.07795915044744128,0.0051095470801722455
ee8ebe7d6bded62e,开局万亿败家资金：神豪她美又飒,3,0.027337249153116194,-0.009428235309946948
9d32cf9b18ea341a,开局万倍返还赤阳圣体，师姐请自重,1,0.11542232822638088,-0.03719068391842595
ad7f9fbee47d3af8,开局上帝之力，我加入聊天群,5,-0.23437792487130044,-0.0822185040557147
9ee727f5d732b42e,开局买下双胞胎狐女，亲亲就变强,3,0.039130429871847894,-0.024923845358798158
c57149a6021a7735,开局亲吻女鬼！没想到她竟是女帝,1,0.08929376481277473,-0.028844500381101635
ecd8c2ffa2090d0f,开局仙人跳，成为魔导王,3,0.0025746569624788274,-0.09347080573554667
35f8c8b8bb3aacb6,开局伴生混沌世界,1,0.09369906820419283,-0.007220595067545391
22dae21e78dc4cbc,开局俩系统，当场干掉一个！,1,0.07316997286219373,0.02015428482517936
b81cbf267c2cf8a4,开局停职？我转投市纪委调查组,1,0.06862823624734671,0.009469721090979506
513b0a194cb99590,开局几亿个守护灵,6,-0.05532683092136087,0.07813982770194278
c52c4323d42313bb,开局几亿个满级账号,0,0.0488711759150241,0.03438106686193658
904730e75bb2addd,开局刚无敌，系统送神兽做我老婆,4,-0.1618133441523963,0.10436646071945188
795c3eb6f234c821,开局创建米忽悠，治愈全球玩家,0,-0.020130876662535657,0.020827707371265006
641735e848604629,开局制作末日游戏，震撼全世界,6,-0.08111737871832125,0.06309119685089563
c23035725cae97cb,开局制作游戏脑叶公司，虐哭呆妹,1,0.09775934482623172,-0.04142942668491157
27b302d0d8e4803a,开局卖鱼，其实我早已成仙,0,0.021200698123651773,0.030869140607458094
d1c6691a09b8457c,开局反套路骗子，对方吓到要报警,4,-0.08531557786627653,0.14631452557499403
055caced3fd582db,开局反派跟班，只剩半章寿命,3,0.0419095086403557,-0.00683875438958923
a8a61bbdf3838c4f,开局变成一棵树！,3,0.028720082708185934,-0.025646834241864973
98e15fc3755c186a,开局喝退百万大军，想死怎么就这么难,3,0.05002945259055902,-0.02431784407733527
995dbe7a4e416ce3,开局地摊卖大力,4,-0.10176597633144574,0.1921110343355315
ec2574e84cba58d9,开局坑吴夑，竟被小哥拉去盗墓,0,0.010102069422544102,0.0689168619287962
735495e7546ef07b,开局大力地摊，我有无敌领域,6,-0.054912665915397285,-0.028017094806632756
e7ca4fc5df1a2edb,开局天灾，我靠囤百亿物资躺赢,1,0.10584471993135025,-0.025259782363706493
42ac919d290deb1d,开局天灾：我囤万亿物资当统帅,3,0.04868336219873004,-0.07179109526444191
b052e74fcd7aa8ca,开局天赋失窃，去往第二世界复仇,0,-0.01447429573250536,0.04505411326181158
3f204bcc166517b1,开局奉皇命娶老婆,1,0.07888113803898233,-0.021507387571068102
2b3af28d620d9bf5,开局女帝做正宫,1,0.10963741732949439,-0.06151200601265454
073697f9530493ba,开局女帝想要个孩子,3,0.028427617069343825,0.0075153695487481225
3b5bfcb76cab8deb,开局好声音歌坛魔王降世,6,-0.05339543154713339,-0.0023751545176446368
603210be08dfe8d3,开局威胁女主，这个反派我当定了,6,-0.11592917092701704,-0.009532553054838938
9a7a9912743d6941,开局娶女帝，我儿都有大帝之姿,1,0.08604381341508882,-0.01543070386497825
f88c3af4f618f57b,开局婚配白丝龙娘，带着她去斩神,0,-0.03141370353551126,0.058928577717034754
870ed377b94a3840,开局对弈失败，但没说要变魅魔啊,1,0.08072305443270045,0.026692876811265396
21f6754b11972b9c,开局小学生，留遗书上战场,3,-0.009489249503514985,-0.005911406097040316
e1af59b42a54dbc9,开局就凉的炮灰是满级退休大佬,3,0.03769851688722192,-0.0016435118862031567
10bfa716870d16c1,开局就失业：返乡途中卖盒饭,0,-0.006164541534291801,0.09853372838949713
3a37f09f70e505c8,开局就有美女江山,3,0.06316820990936478,-0.012621002874658407
35964f3034d88e79,开局帝境宗主，无限合成仙人长老,4,-0.1285126922625488,0.1805355434502319
ff4471852bf210e0,开局忽悠校花，自己是神豪,3,0.013499227144203041,-0.045678226231197855
adedd8d3f5c66ae8,开局成为禁区之主，大帝只配看门,3,0.054295797219845565,0.012418834662007027
7bc8a3f2fba03b4f,开局成为首座，签到极道帝兵！,0,0.02804165101373579,0.007977700769285122
f0a610c7e7027e22,开局成帝：杀得女帝跪地臣服,3,0.05206200304437458,-0.0735714379925349
765cefd72786763f,开局成柯南？灰原让我来守护！,3,0.051822933329961685,0.016219362368526148
8423489c8078aff5,开局我吃了校花,3,0.042249587273120226,-0.01197010530179306
207db85dec4474ac,开局扮演弑神者，我将处决神明,3,0.031766999497808035,-0.079370035177493
8a6f2b1ee2fa6aa7,开局抽女帝，把把抽女帝,5,-0.21378823458005164,0.033496141596107074
65e6eebf3ff22a30,开局拒绝当反派舔狗，女主慌了！,1,0.1315379982896674,-0.03334173915870645
7c55a7eba955ee99,开局拥有和平精英破解版,4,-0.0670279703685383,0.1158038989518402
d2f330676962cc61,开局挥剑亿万次，我斩神震惊全校,0,0.03324883650119714,0.020157825406364464
802383b25d9e5431,开局摆烂的我，横推九州八荒,0,0.020356458118646947,0.07688454416451827
bab1e73c9aa9735d,开局无敌仙帝，打造万界第一宗,0,0.037459021920588365,0.04768909175632028
0e0bba864a8156f4,开局无敌，创建势力搅动诸天,0,-0.0055106430007929585,0.010609303103336909
6b665d57c7bee2ae,开局无敌，打造万古巨城,1,0.07289660494082573,-0.026198089720958273
83c777d5eafc658c,开局无敌：帝境之上，纳系统为妃,1,0.07663847917753408,-0.02485263860042563
01a5fb1f5379238a,开局替皇帝大婚，我假戏真做,3,0.06024429333671144,0.011640552593454014
2bf2dea71411cf5b,开局朝廷发老婆，我娶双胎姐妹花,0,-0.032251654444934996,0.10736112251084377
02f6a09a5e82f6b0,开局欠恶劣大小姐一个亿,6,-0.046300864986501045,0.04891963200583716
f57c0658fe3285d3,开局永生不死，我掌控时间！,0,-0.012562687774692605,0.08578845793095465
11301937ab22a110,开局沙奈朵，一不小心成了冠军,6,-0.07388000358335728,-0.022028289124886656
b27bc1d46ac83363,开局混沌剑体，打造不朽仙族,0,0.0004725459860446257,0.03471958469389284
2800400d8efe6da9,开局炒股赚百亿，美女行长来倒贴,0,0.013109372879660741,0.05830129750224208
3613217d7e3d4662,开局点满气运，我苟到无敌了,1,0.09483286840030214,0.011825380794226676
beb48a067e958935,开局熊孩子偷外卖，反手索赔千万,1,0.11257312823778376,-0.010766561873973915
943d1ecc8da46252,开局玲珑仙体，我成为了绝世女帝,1,0.09278669699302,-0.009456044676867328
02dfaf8789cbab99,开局癌症，分手才能续命,4,-0.135721720143957,0.15725193524995537
d1b8d164150e3630,开局百亿惊悚币，豪拍妖艳女鬼王,1,0.06827103823922831,0.0026413806867541037
22a5ba3550067111,开局直播高空救援，全网泪崩了！,3,0.02747083579435672,0.003965724936489675
b455c1793d107f1f,开局瞎子，我让校花愧疚一辈子,1,0.08385076847811934,-0.028811470007047858
0d335cf7e388eab3,开局破大防，直接无限资源,4,-0.14758042036578733,0.2254408847660979
794372003dd6bb47,开局神君，我在规则怪谈嘎嘎乱杀,3,0.03271118442067211,-0.030911706192468153
7940a737556f5b2f,开局移植妖魔心脏，成为绝世凶物,1,0.12113393668736072,-0.017230478027912433
557a140c44d09971,开局穿书：我竟是反派高富帅,3,0.011581634102248328,-0.003119185830649959
196cb08730f0dd22,开局突破核聚变国家分配校花女友,6,-0.0536834169205192,0.050401724359931406
9f0c47508cee8c96,开局签到混沌钟，收徒反派女帝！,6,-0.07099763419697225,-0.015577679148259055
5a97e024b564adda,开局绑定女武神,0,-0.026080738269127934,0.08528869032576726
9d5cb1daeaeb7c51,开局继承宗门，弟子全是玩家,0,-0.0012236600629023098,0.05343526322689785
da444d797d315e14,开局获得了穴位升级系统,1,0.107779652197589,-0.07188017344615862
cafade2fec3675ef,开局被人一棒敲成猫耳娘,0,-0.03598873600255975,0.08563470404257764
0410496fa988dd58,开局被甩，第一台手术震惊世界,0,0.01868551026824261,0.058636518373533265
c449436ca247509f,开局被逼婚，超甜明星姐姐倒追我,0,0.03455622726036889,0.015723238331939154
f7ee3db68499e6be,开局认爹！修真女配一秒都不被虐,0,0.031188882319938216,0.025594593141077194
bcc93878ce9f0686,开局诡秘天赋，焚尸就能变强,6,-0.0498947579868636,-0.028674928451714203
6459964e658efb16,开局调查员，原来我才是最强邪神,3,0.003005330410103757,-0.039781402413896924
62fa54dc18c9276d,开局赐死未来女帝，我昏庸就变强,3,-0.006112434332343208,-0.02326678387379362
60ad9258a03e3c97,开局逃婚，女帝们喊我吃软饭,0,0.008115839809373693,0.07013748085115488
0d0e22bdbead5682,开局逆天改命，我是最强师尊,0,0.022779914936579493,0.051655993606851185
6aeb82f2db8c4e71,开局造梦黄泉奈何，地府震撼全球,0,0.015972601123360408,0.08029136570872034
ef5277b13271367a,开局逢魔之力，我是镜世界庄吾,0,-0.021640679680862918,0.05368010970362984
7c11e17cae831e1f,开局长生万古，苟到天荒地老,6,-0.14377851356678667,0.013919724119586082
3065b2a2d9ed75e3,开局长生不死，谁都以为我无敌,4,-0.07208646299549526,0.11641755960145239
aa74b2dfc234265f,开局震惊女帝：身为魔尊的我方了,6,-0.09830631884907487,-0.005601682024366962
65f9016a0d0e5fa4,开局领证，形婚老婆怎么天天撩我,7,-0.1501832874610175,-0.0646630583472185
430e44c8914e4463,开局龙阳圣体：放开圣女，让我来,0,0.05028585906755911,0.054368747835328746
b2308fc22db1f2ad,开局，我成了神级反派系统,3,0.041650487559986904,-0.017456027701716725
78cd3edff1a49233,开局：从逃离稻妻开始,1,0.08641904705340042,-0.03796979997180399
542ca25cad1c37fd,开局：我有重瞳仙骨混沌道体,0,-0.010682951927973083,0.09806535601898138
33c6f07d4057a4ce,开局：自己爬棺材的老祖宗,1,0.11374577145867248,0.0034002394790470943
f9126e5a8421f8ac,开局：被系统关成了精神病,3,0.04496419834776433,-0.030696483625838485
32d6a70aa3f6e362,开店，然后捡到猫耳少女,6,-0.05282841077544426,-0.010745889510281709
5bc3b35146cbbc00,开通卡池，洪荒诸圣都抽疯了！,1,0.08703068293180327,-0.0449025826077535
8be93e813191010e,开金钱挂的我只想苟,0,0.008326120384040903,0.057412380422933625
0e24eca3e6815778,开黑吗？我欺诈师贼六！,1,0.06861738126111461,-0.03114237352801236
d0e5e6f32b6a47bf,异世厨神,6,-0.025411528715743703,-0.003792487366028416
c39f43d6ab9a2cbd,异世界漫游手册,0,-0.001358509423979526,0.012995572510089051
ae14c0ddd3ddd618,异世界的勇者竟强大如斯！,6,-0.04963467396788668,0.00445712618916346
e96ed901d510188b,异世界！我从奴隶到征服王！,6,-0.04152238419281423,0.0762238491416788
616e8abdfe16ee40,异世界：开局被朋友病娇妈妈抓住,0,0.01726789423221986,0.05780062106012008
190becf5db654cc1,异世界：我的人生开了挂！,5,-0.18422851551846608,0.024359492039459786
b7de35b95dace47e,异兽出现？我反手举报,0,0.02206317579899375,0.047310364482337434
f5127babf99d9014,异兽迷城,4,-0.13400464804317214,0.12505071593611153
9dfa61a588c39ff1,异常存活：化身诡异少女,7,-0.1059293887297314,-0.07671107534463686
711dbe209f20acdd,异数定理,6,-0.13089786705240042,-0.011040867650427753
9b7f7053525390e6,异族入侵，作为食材居然还打人了,1,0.11866844107686803,-0.07193308690295118
bc6cf4cff8fc2946,异界之魔兽崛起,7,-0.09676851999458264,-0.04325309677007378
f5349433fa111ca4,异界之魔武流氓,0,0.017486295968100807,0.08629965949376338
a987dfdd881ada38,异界：厌战魔王想要不战而胜,3,-0.003939776210560519,-0.006034627578870766
cee5c9df12fe56d4,异界：工业帝国崛起,6,-0.04197195612334942,0.012698924194832949
1fc4da31587762c8,异界：开局买下可爱的兽耳娘奴隶,6,-0.08168497119515661,0.06194284136336614
0819e475a5d44541,异种规则：收了匹配者们的嫁妆后,3,0.018239085741699634,-0.009686251096894897
c8cd90c1a848ab2c,异能觉醒，我成了妖刀姬,4,-0.08860134719046397,0.1021148753825733
4d4598bdbdb8a009,异能，病娇的她不想放过我,5,-0.1653365207871964,0.011110148777913284
77df2702b9eb6479,异能：好感度系统逼我社交变强,0,-0.011027926229622176,0.012621359203759262
8981991edd5aa992,异虫迷城：触手娘的养育手册,6,-0.08755970808793456,0.020074557216160468
4c3fc9193d4dec2d,异闻录：神州诡事,0,0.04990417026702498,0.08784247448091301
670c3624095d64c3,弃女轻狂：毒妃狠嚣张,0,0.045146526621773986,0.04134813563101135
c051737b953ffd65,弃少修仙,1,0.10730787214666071,-0.030985640234000873
30a37bab19496f4b,弗洛伊德，性学与爱情心理学,3,0.055316953841272665,-0.1616810612877607
00231a241190ce18,弱鸡的我，却被正道人士奉为无上圣魔,0,-0.005751325480047975,0.08877147721177753
936659f223464c49,强制宠爱！野兽老公他步步沦陷,3,0.0022287169237301674,-0.008476720480434961
83dc80277ac9d004,强势诱哄！娇软菟丝花她跑路喽！,1,0.06448502531955835,-0.007463492760952739
0f33ca825a5f935b,强化子嗣，我的后代都是仙界大佬,3,0.003688777079146277,-0.018584212311251853
2a49b8d735f5b088,强取豪夺锦衣卫大人贪娇宠,1,0.0681410847547761,-0.07713471108709308
c23ea139460eb950,强帝传说,1,0.2517838226411945,-0.09884022275138674
ded3bcf0e6056d27,强扭的校草酸又涩，重生她不追了,4,-0.07966810214472553,0.10641738495258615
4a2e923d98d4da70,强拆我家？晚上别睡等鬼敲门吧,3,0.02406142676206935,-0.005503417219184407
398a49406ae421ad,强撩！暗卫沦陷后，只想以下犯上,6,-0.07787565971107585,-0.03041182428089133
261907f93da1b4b2,强风吹拂,4,-0.0602885321610962,0.08787923206090581
2f0d09a3b0ccaffc,当全世界人类都消失以后,1,0.07637736991149902,-0.04773250190320985
ca6f7f2860803d9b,当反派不在摆烂后，气运之子慌了,6,-0.011681215368057829,0.010801276119727496
f7b4971fc16a5214,当女剑修开始快穿,0,0.0633589912731275,0.04989456247467907
fd492d400c1780ed,当我在规则怪谈百无禁忌,7,-0.056550480368862066,-0.08356084977851001
77fb877ebdc4df3c,当我在规则怪谈里开始叛逆,6,-0.07486747405690586,-0.0307050880046902
5a65ce6b73d3df97,当我奔向你时,0,0.026952670077919683,0.041559274992631214
563f605d1a9e4957,当我的AI女友变成病娇,3,-0.02661092713568236,-0.030024050955431553
155861fb9a918fbb,当我的童话成为真理,3,0.03688127596729385,-0.01936115451931091
2f086d80df99f12f,当杠精沦为炮灰女配,6,-0.03692538031909026,0.013936195668246654
697f1ddd3da7591e,当死绿茶穿到你是我的人间烟火,1,0.1361547496032397,-0.04290421350819662
20b2de2748837550,当满级绿茶快穿后,3,0.07093494151189972,-0.052832065640066324
94e7af47784b6636,当炮灰大师兄拿了女主剧本,6,-0.10457519726586378,0.029263464034030517
9c3708f37de366cc,当社恐咸鱼被病娇囚禁后,6,-0.03848432796143736,0.05850382540710597
f4a880644b9f34da,当逃生boss穿进无限流后,1,0.0788049458048189,-0.010611836596781369
18643a246b61498b,当金丝雀进入无限游戏,3,0.05833096455863951,-0.026642566473637854
bc9187319e72f7cb,当龙傲天穿成abo文里的o,3,0.033065848206717985,0.0013772999011742958
cfe78cb6834ad7a2,影后快穿：病娇忠犬又乖又凶,6,-0.020695834681612013,0.021761969553560724
f57620485022f057,影后的娇夫又动粗了,4,-0.1301011984574011,0.10451778413827904
1d69436dd7d736f6,影帝他总想对我图谋不轨,0,-0.004610622926820684,0.0835182748859161
6f910d10e2f834f2,影帝前任在娃综靠反向带娃爆火了,3,0.0390376276522717,-0.01456234081682117
5a44e0b37349684f,影视成真，从柯南开始,1,0.14976846730222093,-0.027545512756776754
55f342fb6767b609,影视穿越大反派：开局暴捶易小川,0,-0.03321214817561702,0.09704138694110852
2358930ae499c2d7,征途星辰：我有师尊和七个美师姐,3,0.008851161643276373,0.005253896043450005
7d3e28e190a575e7,徒儿莫慌，为师在此！,1,0.11310373378166882,-0.05965358390904748
9e68e76fade2015a,徒弟太强，我成了学院的传奇导师,1,0.13213204889530394,-0.03644853743923784
a2f1239863b8f449,徒弟都是大魔头,6,-0.0771599046577292,0.014011186484688968
b7f37877c9b7aa66,得罪清冷大师姐还想跑,0,0.05757189565129539,0.021104576548544664
9e160215b012609c,御兽从水母开始,6,-0.06143986049087913,0.04370289374923423
b7336e88ab63c64d,御兽师的我能看见进化路线,6,-0.04356150976293566,-0.04882097145938135
9ece47b8c6c27ea7,御兽：他们都叫我天才,0,-0.009965081469557213,0.06359725166592685
516754caba7b55ca,御兽：开局一颗神龙蛋,4,-0.08704151848368824,0.18148110482982613
ef0f850b41879179,御兽：开局契约九尾天狐,1,0.11295474751937717,-0.012687716999179971
52abaabdf98411bc,御兽：开局玩蛇，我直接成许仙！,0,-0.015939629271567834,0.054319749437339686
f43c04ae6f2c51e5,御兽：我在御兽世界开盲盒,1,0.09470831929680779,0.0054532914337637696
5d964b1269efa8ca,御兽：我有一个简化系统,1,0.09865729222737607,0.009256878088776755
34eacd1c3614aa8b,御兽：我能无限合成,1,0.07296755759879603,-0.04949867151476811
5cbb1505ed81547e,御兽：我能模拟万古神兽,3,0.004663879501805912,-0.06523565717872187
b0b00fabc3aa5a2e,御兽：我能看到隐藏进化路线,6,-0.06834977590103736,0.06989702941277613
e99232012e59e18f,御兽：鹿角鹰眸，你还说不是龙？,0,0.03499723091724527,0.04809036842755734
9bf9863d73cdeeaa,御女心经,6,-0.02780223114188718,-0.02361210872010118
9d8ed7a79d88dbda,御姐总裁生球不认，我反向带球跑,0,-0.005659397311633452,0.07614105922685756
9300f427614f39db,御灵：开局觉灵圣翼天使_7004893284837362727,0,0.020035359746433,0.052274222085320954
d648dde186491555,御灵：开局觉灵圣翼天使,0,0.020064600807188304,0.05225057202092957
a471118cf59dad21,御舰飞仙：我在玄幻当舰修,3,0.020835476394439056,-0.050970249469053285
141552c3bd16992c,心动游戏！财阀薄爷他玩不起,1,0.06494193386107494,-0.018735574523779993
0092afa13aeba052,心声暴露后，疯批千金作成小心肝,1,0.12378269064847314,-0.0569533009246945
5c0323269912d08b,心理学的100个基本,3,-0.00484043205162521,-0.08032930918775644
604a7feeb3b66444,心肝宠,3,0.0049465566309512266,-0.06259488556869924
92978c87f66a69a4,心跳越轨,1,0.0850134575153042,-0.08242635204770406
5f1e08e596cd093d,志怪：我一太监养群女妖很合理吧,4,-0.11566458889137188,0.1584933746239381
4da7cf7b7a945f9b,快成仙的我，被青梅制定学习计划,0,0.029184769656257825,0.01170309016682493
768152c31cfffa86,快穿万人嫌逆袭：大佬都在火葬场,1,0.07824082616006733,-0.012981530258265764
10bdd805a4c69a47,快穿之万人迷小可怜她惹人爱,6,-0.07455089190108444,0.028350980336134136
0ef33d07e50364b9,快穿之予你永世追随,0,-0.01650017448105967,0.03756458216738812
5c32d53cf1167c46,快穿之全能管家,6,-0.010515029705112866,0.03341511142371586
4065d0c1def012ba,快穿之大魔王崩坏剧情,1,0.12669480855673265,-0.008151033005244297
fb3a7c15cf0c2866,快穿之天降萌娃,0,-0.0013089216176631613,0.02087232069566305
a816778fa677540c,快穿之她人美路子野,6,-0.01715827921615959,0.0048922865738374455
f6322b00829053cc,快穿之宿主她软又萌,1,0.1434498548734674,-0.07610275286383174
ddb40e49c8ddf8af,快穿之宿主是个白切黑,3,0.028051799412157852,-0.028765724674389623
2a52cee6addd5777,快穿之宿主真的是个普通人？！,0,0.049555794003989684,0.0465248494619066
1cb9633f54088150,快穿之当娇气包拿了万人嫌剧本,3,-0.02073559516244211,-0.012667063557155162
2e5b1c1ab3a8cf61,快穿之当绿茶被迫成为舔狗后,3,-0.0054805919208723575,-0.011729890383824904
6a2b1d252a0c3b20,快穿之恶毒女配只想苟活,3,0.04558426531305382,-0.03727641647138737
074e73551581c9d4,快穿之我在穿书局里改剧情,1,0.08788181919761673,-0.0059695235288343505
a629cdf3d5dc0a5a,快穿之我靠养崽封神,0,0.00652219458792358,0.05512972531993604
8f9bcc012ac0f9a1,快穿之攻略任务太难啦,0,-0.007166463053190131,0.08339585890945138
44cf4f674df25730,快穿之普女拒绝万人迷,0,0.03326394947186595,0.02831282926325908
84ccf6b209af40ee,快穿之满级人类愿望清单,0,0.0005242397203646387,0.022953029022051864
12b730f115a6c7e8,快穿之漂亮炮灰又撩又迷人,6,-0.031127637235317585,-0.006187788770391304
ec0f4835e6f41da4,快穿之男主求你按套路出牌,0,-0.01021176929142209,0.00814176651975429
7186cf218b628091,快穿之疯批反派大佬竟被强制？,3,-0.02010167976291294,-0.02147432924989253
067d8b47dadba5c0,快穿之给病娇反派送个吻,3,0.043654945338312046,-0.04355749060382422
9211ba62d896f29d,快穿之绿茶女配是小撩精,7,-0.010030175019938858,-0.11204334938281997
5aa72cc8380cd0ed,快穿之远离渣男后我被反派宠上天,0,-0.014162236964603725,0.09221374773577483
819b43a1360bd0ed,快穿之都是我的踏脚石,3,0.04320158326746237,0.0014230649971913856
26ab6880836c23b8,快穿之魔尊再就业指南,1,0.07904804948144195,0.035145418634815226
46e6f47470387a38,快穿修罗场：渣男哭着吃我骨灰,0,0.02887234939167549,0.052118892622517086
4d1ebc50be62d2d4,快穿养崽之宿主又被警告了,4,-0.06369929301399158,0.09032262283307459
ddce141f82afea3c,快穿团宠：大佬她绝代风华,3,0.020798693801318935,-0.021539576855568263
dff5dbf0bfa0d4d3,快穿女尊：渣了清冷美男反派,3,0.040129428190973204,-0.011484443539656922
336382fa0c08a3e3,快穿当满级大佬拿到炮灰剧本,1,0.1125583081911169,-0.022458726056814333
174fd7169343ab22,快穿恶毒女配在线装小可怜,3,0.0441492522054685,-0.0026271130405297895
f002bfe4670161f1,快穿成渣男遗孀被病娇们强取豪夺,1,0.10042311032080575,-0.01981504683318253
f4b99e5e6d82c47b,快穿攻略之病娇大佬又黑化了,6,-0.10291176751746256,-0.03772423263437124
c474e6a4ee869d2a,快穿满级大佬，甜宠绿茶娇娇,6,-0.0297474047945539,0.016122482794504796
3f28699a1f698924,快穿灵尊有个心尖宠,6,-0.05329192702646246,0.05250695464326085
93faa899027d5627,快穿炮灰：大佬惹不起,1,0.09781892729972796,-0.024425120255048213
d203472716599b0c,快穿生子：娇媚女主她好孕多福,0,0.01666574123708775,0.04382507426325297
c59deec8c5712ec2,快穿白月光：变身绿茶后撩拨人心,3,0.0658851358964424,-0.056788011669958484
a99d103e0ea4578a,快穿直播：女帝强又飒,7,-0.09442364213683363,-0.04265296249777385
950e7235713fbca5,快穿直播：宿主又把反派宠娇了,7,-0.11691148356250369,-0.051707793260642364
f7e7694c483c9f51,快穿系统：宿主今天也要加油鸭,3,0.005560081166074871,-0.027093482280402415
52eaeca1186079bd,快穿萌娃一挑五，反派成团来守护,6,-0.042668624081280526,0.07899195341192697
40d3732a51ed03c5,快穿，可怜崽崽被爸爸宠上天,6,-0.05501669638521389,0.028477889728596495
57830fa70c73c615,快穿，我与系统画押男人必爱我呀,1,0.07059979219572332,0.0026607229756807037
cb12023095c618fe,快穿，我的金手指都到了男主手里,0,-0.031634143025875805,0.08031536195938774
ce41b90aa30812d8,快穿，绝嗣男主？炮灰女配来生子,1,0.08982987690052024,-0.00600727004448515
d2f63d40db8f90f6,快穿，薄情渣男悔悟后又宠又撩,3,0.027204233653829624,-0.02786341566996239
45eae4707b9a8660,快穿：万人迷渣男总深陷修罗场,3,0.055573508450299736,-0.010609943401705863
169c44bc32c97c28,快穿：专业位面bug修理大师,4,-0.1240574019283851,0.06334391336197864
2b611ac57314fbba,快穿：乖萌小丧尸抱上大腿苟尸命,1,0.09350433679914183,-0.021251881271703323
526baec4aef4a15f,快穿：人家这么可爱当然是男孩子,6,-0.04971876512841744,-0.017952188435040494
2bb116f4e1afafce,快穿：偏执小可怜要哄要亲要抱抱,0,0.020430887352402505,0.008697022788295343
4deeb17cafbc6534,快穿：偏执男主他逐渐不对劲！,6,-0.05302618481819549,0.03253047899789875
ae0627a879926893,快穿：反派boss为我药石无医,3,-0.020064032967525902,-0.03639343582582904
f5b977333f4532c3,快穿：反派不听话，打一顿就好了,3,-0.009464902385966145,-0.07561862313883516
1489a5150e71cc73,快穿：反派太宠太撩人,3,0.0652964328715836,-0.08055896618839789
9855b0b3cdb223c8,快穿：反派弟弟又可爱了,3,-0.002791058949982772,-0.014934543385466292
0c7ee85774e6e16e,快穿：反派快跑，宿主又要虐你了,3,-0.002936901557008653,-0.040013970058015005
7e12a9b222e84820,快穿：反派搂她入怀，喊再生一个,0,-0.03089400701875189,0.07889514910939506
21721d391a189c47,快穿：反派的白月光又死了,6,-0.02321808763175065,-0.007792996399955522
9768ee8ba29bcdf0,快穿：反派装乖，勾我咸鱼女配,3,0.045903650501317284,0.009378595009834222
1a5dbc76b93d3800,快穿：变成动物后反派求我当老婆,6,-0.07719795251869249,0.0246425115106863
3f6790d8e8efabd0,快穿：吃瓜大佬拿了黑莲花剧本_7155486100692143137,0,0.0031725191467695257,0.0638278246134379
78a3cb1a549954bd,快穿：吃瓜大佬拿了黑莲花剧本,0,0.0031725191467695257,0.0638278246134379
69faf277ff662d22,快穿：向大佬献上HE剧本,5,-0.16184211271830856,-0.05787858053171178
acf60a8f3e9f7529,快穿：咸鱼大佬的小娇夫,6,-0.06974366176869262,0.03947990557474097
a457a5a60c564ced,快穿：哭唧唧的病娇小郎君又装乖,0,0.014977650586232683,0.04772597327996153
1d0ff14119230103,快穿：嘘！要乖！疯批手里有锁链,6,-0.07368747734037018,0.023996908690127446
df5018caef114b99,快穿：在甜文里被大佬们亲哭,0,0.019111964629387357,0.04223686565383352
8b1de2987ac909d3,快穿：大佬又穿成恶毒女配啦！,6,-0.141241673929471,0.020210371041545133
bc0ff4b9d8547422,快穿：大佬她是精神病！,5,-0.1611715804465209,0.008853870178184758
604cdd745b9932f9,快穿：大佬的小奶包身娇体软,7,-0.04956366856789751,-0.06064996987270363
aa18611c9ea154e0,快穿：失忆大佬追夫记,1,0.06377641420013469,-0.03292926996571094
1fd665d5b0970357,快穿：如何让病娇正常的谈恋爱,6,-0.05621535946429479,0.027010328183523846
fe2c06441fcd0dbe,快穿：宿主又在苟命中,0,-0.019141413403236607,0.03641185011965364
0998d3654b79a59c,快穿：宿主她一心求死,3,0.03706719100680711,-0.003275351347910726
fdcdf9502e892eac,快穿：宿主她总在吓鬼的路上,3,0.05431638480769718,-0.029179169893710815
a718e1d688643330,快穿：宿主她是大佬界的扛把子,6,-0.1552248871613558,0.03372936571981122
901a0b8727a44fc5,快穿：宿主总被黑化反派强制爱,4,-0.0783351427527268,0.11763279411646499
b24a1b5ba5ea0714,快穿：宿主疯上天,1,0.0804994482968272,0.007810619945688881
f9386e8f30f45314,快穿：宿主轻狂！万人迷休要作妖,3,0.017231385961124834,-0.0031986281322776114
4a97c23446ef6eb5,快穿：尤物穿成万人嫌工具人女配,3,-0.0072235327029871454,-0.01730336183303343
fc6d6545ee87fd12,快穿：当万年野鬼变成人她杀疯了_7179256058479643652,3,0.004094154362303315,-0.041001943455445874
17ad043ec177f79b,快穿：当万年野鬼变成人她杀疯了,3,0.004094154362303315,-0.041001943455445874
36fb9de9252cf58b,快穿：当深情男配拿了爽文剧本,3,0.03906542826889903,0.004456949132058749
b5c211072b108526,快穿：当虐文女主拿了疯批剧本后,6,-0.038210455864370774,-0.025140395090236065
0b48dca07ca8b4ab,快穿：戏精在虐文里当万人迷,3,0.02787543706162865,-0.03677593864965007
51dad97754dbc9ab,快穿：成功攻略主神后,6,-0.07478684480767556,0.05324545412692738
4aa5f5d70aa69fed,快穿：我是龙,3,0.06315987309615823,-0.013248017304270915
2df557c83fb7eedd,快穿：我的危险宿主,6,-0.0443426438137936,0.06604957273723347
b4ec90a6a6b18ea0,快穿：我给气运之子送温暖,3,0.05967312337809161,0.010778930198094077
c9075e72bbd3fbb4,快穿：我靠投喂美食拿捏虐文大佬,0,0.012120022860267254,0.026437743626624172
fb68fd3cdc6a4c56,快穿：我靠生子系统宠冠后宫,1,0.08689744426505874,0.00654661784950057
72f9430ce30c8b77,快穿：抢了疯批男主剧本后我哭了,1,0.07106838598122456,0.009253829284208839
1e1032cb786b3dc0,快穿：拯救女配后和女配HE了,6,-0.03979899357623834,0.034529453737722086
e08ed406c01f88d3,快穿：拯救的疯批男主全翻车了,1,0.07887861928212403,-0.009790399225334567
e4c7cd679e794655,快穿：拯救过的大佬都黑化了,1,0.15443517726569245,-0.06582629790544611
661abd220085b595,快穿：攻略对象是个粘人精,3,0.05032821984727087,-0.004649910914743488
f7a72d5951ab7729,快穿：攻略成功后她又挂了,3,0.03053587974990779,0.003098631469711281
2affaf45d1123aa0,快穿：清冷宿主被疯批壁咚强制爱,1,0.0959542626908978,-0.0951052152168396
c9da06584986201a,快穿：渣男，你的白月光归我了！,5,-0.20070642998739302,-0.01558336300283705
10d012e43727c10e,快穿：满级大佬她在线虐渣,4,-0.09621544026482004,0.09785258733377797
a3da5498f8c48c25,快穿：漂亮万人迷每天都在修罗场,0,-0.016789296732977743,0.05320863386344077
045a15055acdd469,快穿：炮灰人设又崩了,0,-0.016040732839713412,0.05965495041617014
1ff58f83ec592d28,快穿：炮灰今天也积极自救了呢,1,0.07675658216612458,-0.05469137722492996
58390b89c0994879,快穿：男配不是恋爱脑,0,-0.008726746446448053,0.02046073645018218
bd886c7e02aeb675,快穿：疯批宿主他又被病娇盯上了,3,-0.014823513195231286,-0.06124962609484391
884c139930c72050,快穿：疯批宿主他步步诱哄,6,-0.04306149147661764,0.009636330551650871
186d82a36116f3df,快穿：疯批宿主又在崩剧情了,6,-0.02942008781409322,0.01689729834636076
63111f51f04e3ab9,快穿：疯批宿主在线宠夫,3,0.046936469328099584,0.007811008032917181
c196cfdb17c9fdb4,快穿：疯批宿主她铁石心肠！,1,0.0770307253893524,-0.006227583767576667
9e47995b0ddcb6c7,快穿：病娇大佬他偏执又危险。,3,0.012057438999872883,-0.04651190394842098
0978bfbec7283436,快穿：病娇大佬他好黏人,6,-0.01638764486129385,0.02054021778964321
2e4f5119c2a7fb59,快穿：病娇大佬的小花仙又乖又软,3,-0.009114776170987493,-0.019201521669025175
d4df86385c20e880,快穿：病娇宿主他又A又飒,3,0.0572118181076795,-0.017978257310730744
c8b9912e597cb8d9,快穿：病娇男主他又吃醋了,0,0.003805132227322372,0.04942011292243429
b1a626bd73550c76,快穿：病娇男神的掌心娇又美又撩,3,0.05207922239011753,0.0012025358156989843
68913a3a166cf99b,快穿：睁眼拿的是渣男剧本,3,0.03169275430891105,-0.11402860417609047
63547dbae9f466d9,快穿：祖宗轻点作,1,0.09164350965617563,-0.014602371068594144
7f0310f6d5693b30,快穿：穿成渣男的我却成了万人迷,6,-0.02576261497916632,0.024105464139373204
608b12c38b1ff23b,快穿：穿进虐文后宿主手撕全世界,3,0.028270966022927002,-0.02836021509029778
e548409dea701706,快穿：系统让我帮反派女配逆袭,3,0.03140383982679318,-0.02933065202627388
6e20692ed9493d07,快穿：给男配甜甜的恋爱,7,-0.09678500865301659,-0.07390858656746575
22e27be0bcfb6845,快穿：虐文女主她是疯批大魔王！,6,-0.04809551715440907,0.042980971077234795
9b67e9ddbd65b9fc,快穿：虐文女主好像有那个大病,6,-0.05166522740979257,-0.00536403645359136
517a234969d6a5d0,快穿：警告！禁止垂涎萌新宿主,3,-0.018519125269547132,-0.020115298442193435
b4941085e7e4550c,快穿：路人的我只想养老体验生活,0,-0.019197908459242907,0.04639878898961743
54817355b354efa1,快穿：边缘人物又被迫万人迷了,3,0.008027567783432277,-0.0010030214007073703
7628289eb87d2a06,快穿：这个大佬画风反复横跳,3,0.02738907128366841,-0.047592464332474674
43a6ffe562987b5e,快穿：这个宿主不对劲儿,1,0.08949756303725442,-0.015980120851115148
944197167406c3c9,快穿：这个宿主她太魔性,7,-0.1066631700855275,-0.12180748021927106
ea35ea67549cf06c,快穿：那个炮灰我穿过,3,-0.017510347684053462,-0.033132823398289706
42bc05c5ed0e29b3,快穿：高冷男主在我怀里真香了,3,0.03421281198006132,-0.001964369393336323
7d025d62605396a5,快穿：黑化后成了全世界的白月光,1,0.10254854133189173,-0.004308493647066102
fc4e6a365cc95940,快穿：黑化女配手撕炮灰剧本,0,0.0487277849274278,0.04315889178033112
0294272f34e501d6,怀孕后，禁欲佛子抱着娇妻狠狠宠,0,-0.00919760541064607,0.023217378028572627
866d443b8062785b,怎么全是病娇反派？这任务爱谁谁,3,0.02587912736049902,0.00807320609705994
aaa60613396f7593,怎么办！偏执少年总是哭着看我,3,0.027522699783535276,-0.029704215158006555
bef2cbd9143f3c99,怎么办！我养的病弱反派成病娇了,3,-0.012961434122790827,-0.03730817150349517
fd33cbb4e6fce14c,怎么办，校花跟我合租了,0,0.006050321222596855,0.023581370404030473
c6d0ec6025c46a0d,怎么有人一直等到我走才说心痛呢,1,0.06697025743497709,-0.008625902625777171
1aa46540d64e718a,怎么有人觉得我一定非她不可呢,6,-0.06757689299196024,0.04283605875996371
d23ddb183eddc482,怎么没人告诉我这是平行世界,3,-0.017056816391726848,-0.014579966108094158
2057420b0f8347cd,怎么，我信息素毒蘑菇你有意见？,3,0.039371048301606426,-0.07016189676239
d4092fdb0133ebee,怎样写作,7,-0.01786010206248062,-0.0862682823154242
4fe43295f382b1a2,怒龙出狱,1,0.14300541284414547,-0.03742807315830036
88cc4da4f6d4a59c,思路决定出路,1,0.09484379571510149,-0.12091261487677556
320b7c68d65cba54,急！合租女友太可爱了怎么办？！,0,-0.029686701221359968,0.07906603820039199
db3ab35a49701759,急！开局被强吻怎么办,4,-0.13494774120370445,0.05460562292121656
ac3c16205bb204d6,怦怦只为你,7,-0.10033179374906093,-0.05934747593820389
d6bd2c1fb07efdcd,性别男，能力变身绝色美女,0,-0.012447153723895377,0.040422298769360085
9dfb12aef21f905c,性转狐娘：开局仅剩三天寿命,6,-0.08424991533013337,0.013751858269196825
5d7e74ee173f5e3f,怪物武装,3,-0.019037281533009875,-0.04378914578762945
15d06525950ada59,怪物编辑：我能创造邪神,3,-0.00933425000161825,-0.017948587748748437
238c69a62a5b14dd,总有大佬追着宠我【快穿】,3,0.012303845791320045,-0.05688839555286537
5be2ed49241a7464,总裁不准夫人搞玄学,0,0.030844843191251026,0.0461263228886507
be18cd48c9a1696c,总裁大人，不可以,0,0.0375112418019341,0.03304659328326068
a293dee65da8a7ba,总裁家的灰公子，你马甲掉了,7,-0.07053153452981487,-0.046280824360359886
0abd4a0ace4c0c9e,总裁老婆重生了,0,0.04429444693484441,0.037896950951988397
bc17f5d245bc0dee,恋爱心理学大全集,7,-0.0015759171707949715,-0.1207191928703388
dbfd6c290aff59e7,恋爱模拟，从宗门天才剑仙开始,1,0.12175376458961862,-0.047281393999189285
77d69272cc17f696,恋爱模拟：从白毛学生会长开始,1,0.1915078658968834,-0.06553102131242562
b054699da48c62f9,恋爱综艺出现死人，很合理吧,1,0.1292845175870373,-0.007665004283120202
9c4c0029ca407226,恋爱：和校花妹妹同居怎么破,3,0.04818629015057552,0.016990606871713568
ca3d0e5ccd3ec0d1,恋综上我手撕渣男，全网乐翻了,0,0.041386628375116974,0.014407158631134212
f184508cfbfa4f02,恋综上摆烂后，被国民女神倒追,6,-0.016018191838109763,0.0023896810430075444
306c8bc1e905d492,恋综修罗场！为啥心动对象都是我,3,0.059020877318150644,-0.03350309059347375
d1374e0e8e9598ee,恋综后影帝他撒糖了,3,-0.0017817831138575713,-0.019761986530934215
f5bc912116033182,恋综糊咖爆红，纯情影帝他出大力,0,0.025718958572147788,0.022531723855065203
235a719e825e1f1a,恋综：女主播和大哥们修罗场了,3,0.03283633686037224,-0.00399851059319572
3e947368b0cdb532,恋综：戏精美人在线反pua渣男,4,-0.0794239498764634,0.09556333106810058
212ab91677e54698,恋综：素人大佬是万人迷,0,0.025935786944758843,0.02294936993388639
892eebc028448898,恐怖复苏：开局成为无头骑士,3,0.05835570548898694,0.008816262084055266
d1f3bbdce8f46d79,恐怖复苏：贫僧三葬，送葬的葬,3,-0.008155739065963341,-0.06828039591017948
0a661839e3eda81a,恐怖女主播,1,0.08250956322557246,0.018862241222459154
4b373f88edcec479,恐怖富婆,6,-0.07424193020178982,0.07719909386736265
f4ab6f989ba8e36c,恐怖末世，炮灰女配神级道具开局,3,0.05350438308305028,-0.00773116202723865
25df9f832829a32a,恐怖末世：开局先烧十万亿冥钞,1,0.08885118508417533,-0.017942596482364823
95ba8675d126b8e2,恐怖末世：开局冥婚，强娶鬼新娘,5,-0.24172372560943595,-0.15980788982405786
f789ed7ea818b2d8,恐怖游戏，抬杠我就能变强,6,-0.06739406264564196,-0.014699248381507178
4903b4463b724788,恐怖游戏：抱小姐姐大腿日常,6,-0.06833942117472713,0.0736304080512994
6c4d4af36cc3e938,恐怖片NPC在惊悚游戏杀疯了,6,-0.04461125199260457,-0.019062913883159758
728d7b2ddecbad51,恐怖画廊：我以怪谈作画,3,0.03066776155878559,-0.04240397475257687
f0ffb1467e8b2216,恐怖的病娇女友,7,-0.035803953140701006,-0.09304748948773775
a35ec32ee1b49977,恐怖茶馆：我只卖大凶之物,1,0.1215346501126725,-0.0276874511620396
8d81713a6ef8eddf,恐怖酒馆：我只养大凶之物,1,0.10619800380240063,-0.019554904346581654
81c783bfba0c54d4,恐怖降临：别开火，我不是恶魔,0,-0.01563078724455874,0.04404611125841016
4970b070f20b63ce,恐怖降临：开局狂囤百万亿冥币,3,0.027502626729371427,-0.027444603535778107
a6f7127895da8989,恩赐的游戏,6,-0.033453910387775676,0.005087995183999036
1ac93508d5b8de4e,恶人综艺爆红，病娇离远点啊喂,6,-0.0682026685792596,0.07046288487297499
d2a5b8db0833481e,恶役大小姐反攻指南,0,0.0608012719937806,0.04981531995700374
28b5adf07b3ad803,恶毒女配今天也在作恶吗,3,0.022443483685681942,-0.02937002194800459
489f204682ddb4ad,恶毒女配摆烂后，被全家读心了,3,0.03406575379009524,-0.02421886635028
79602b49a38fe50b,恶毒女配生存守则，拿下那个反派,7,-0.07561575757113298,-0.13995173322564147
0c836e96d82896ec,恶毒女配被大佬们团宠后野翻了,1,0.09559328026298475,-0.01302305005791045
79f6d525ff8c52da,恶犬,1,0.08906634200769037,-0.01839245059952668
c9d483aadaa3aadb,恶魔少爷是女生,0,-0.0007148839838286847,0.011297608514307018
075e8fb0935cc4dc,恶魔游戏，我能驾御无双运势！,0,0.019616984459701725,0.04176909558077901
45a5f9b56f9e356a,恶魔逆位,7,-0.04631802402291163,-0.09725157635848217
933ff9f463c4093c,悖论13,4,-0.13037052077633715,0.1808373405223967
84f00844507ed04a,悟性逆天，我创造念能力修炼法,1,0.142918183048811,-0.026319016531129075
98fc53f03ec8b539,悟性逆天，我在诸天薅羊毛,6,-0.040332557500614374,0.011108269330276756
fff2bedabe51fbde,悟性逆天，我来此世开仙朝,1,0.0939303137581603,0.0018037419847634901
9a243a926c2e1071,悟性逆天：被师门抛弃后，踏入仙途,0,0.057772930878577156,0.027707784359343225
6d2d58e15a0c5cc4,悟性逆天：陛下您的机枪藏不住了,4,-0.10039824734112301,0.1320790678662485
8c82e2c775950572,悠然的穿越生活,1,0.1789945178221053,-0.03821926141128656
d5f6880df6b835f6,悲惨的异世界之旅,6,-0.03540639913116411,0.019706089065897246
9fffdf8ab36f3b8b,情感缺失的我找了个狙击手女友,1,0.06560215764204691,-0.013733273634964373
88b9809b9a5c9a34,情感缺陷的我在霍格沃茨寻求救赎,3,-0.012462261596291657,-0.03568138451516086
dcfea858a7b96c0b,情愫不可收,3,0.0597063830094412,-0.013025095271502219
f1fd115f25ac5b32,情敌Enigma的崽竟长得像我,0,0.0219318711277815,0.061795266906901125
8dd1211cda605d89,惊悚世界，我的小弟有亿点多,0,-0.016983416960666187,0.04477115516626791
71f021315228b062,惊悚内吃软饭，我凭诡异老婆无敌,7,-0.16859626200490208,-0.17281040670251105
4138b3f168169ad6,惊悚国运，小老太太坏的很,3,-0.007151870089374346,-0.058167717872488506
478afb264a130faa,惊悚末世：我开冥府银行和诡抢亲,0,-0.007220183361982935,0.034931072566601266
044e378717536ec8,惊悚游戏，我的第二人格是邪神,3,0.0023044458480467878,-0.029052416095509435
8b074f65963d3f09,惊悚游戏：全球直播我做三好学生,6,-0.06425932109577698,0.06247426796024503
c7503ef3bb571064,惊悚游戏：开局帮鬼怪做选择,0,-0.014092102548702912,0.03331355408673481
06ed2d761d5d2b27,惊悚游戏：开局强吻鬼公主,1,0.11675705414322812,-0.004416735033600124
ffe0e634d018c303,惊悚游戏：开局继承祖宗万亿冥币,1,0.07392993873893261,0.009156989270320135
881296dd0cd90d53,惊悚游戏：我家人都是顶级诡物,1,0.08383931686115809,0.001305301365920847
a33307cce06b8c3b,惊悚游戏：我家祖辈都是顶级诡物,1,0.08564086654148562,0.01425073681047229
589fcf9e6778ee77,惊悚游戏：我能看到提示,3,0.03645644545942417,-0.0015403201291741826
d09bbe1f60d3e72e,惊悚游戏：病娇系统怎么赢,1,0.08036264778372815,-0.021388461172389947
f41b7cfa07d3faa5,惊悚直播：别逼我花式反杀,3,0.020332662199536222,0.0072159125441699605
849ce44799ece1a6,惊悚降临：社交牛x的我震惊世界,0,-0.005179960156909802,0.1005351177484586
0d552d64aa4d764f,惊悚降临：这个大哥有亿点猛！,1,0.09707639925336942,-0.014027822293119881
7f9dd18fb7310bd4,惊悚，我的眼中都是真善美,6,-0.09880294444140436,0.041722440257723134
cb92070aac55cd93,惊悚：亡灵骑士竟是我自己？,3,-0.017109669477476053,-0.06968102396743416
5a03f0574925c502,惊悚：多子多福，从红衣女鬼开始,0,0.031028228399799018,0.05336602275914236
cd07c57eb77bc4f8,惊悚：小祖宗怨念大，百鬼手心捧,4,-0.09480533749922437,0.13155146688160707
318c1fe57d4bd629,惊悚：我只卖凶宅,3,-0.019074334354805933,-0.02072678132181112
4364c951f0040650,惊悚：有个鬼帝老婆还努什么力,1,0.07658113208272077,-0.016355261926411697
592ec71192095be9,惊悚：转生小萝莉，最擅以力服人,3,0.005003047799766791,-0.010725285345821595
cca3ec00442b7746,惊悚：这个NPC罢工了,6,-0.042943415678633856,0.049032976150935034
65c645fc446603dc,惊鸿,1,0.1259259858551175,0.013842064839337502
ced72d48d7d57e19,惊！假千金和真千金有点甜,4,-0.11370946111756092,0.14553972050012
3d2e90ef3d93a02d,惊！偏执影帝不给亲亲就装病娇,1,0.09177445014749486,-0.009134180135125902
365338fbc20e09cd,惊！她也对我一见钟情,4,-0.04012010491932139,0.11498057792236169
69b033521476c9fd,惊！恶毒女配觉醒后在末世封神！,0,0.001519699091018012,0.028239941628730527
a6eb2f4881bedf9a,惊！老祖宗看满级人类沙雕视频！,6,-0.06214919417963333,0.037740338501900235
938564872852e1eb,惊！联姻对象竟是S级大佬？,5,-0.2593984602095494,-0.050974565990194655
5acb58c6272b56db,惊！逃生BOSS竟是我网恋对象,3,-0.0031801335660890384,-0.056713461619928345
785f8129764b52e4,惊！马甲大佬她对白莲花横踢竖卷,6,-0.028526585579104924,0.0016826274925292222
1f2243755cbfe136,惊，玄学大佬她有九个未婚夫,1,0.07293392764176077,0.010504134379748448
c79bb6e743b1fde3,惨了！和高冷学姐坠入爱河了,3,0.005786743296098518,-0.0030190879322872523
7a8fbc25681450b2,惨遭污蔑，我科学家身份被曝光,1,0.13376339589328845,-0.04036410877856617
92dc13d55e2ce966,惯宠温软,1,0.13109792564192135,-0.05042468532763134
8ad2f55ddfb01a51,想当神医被告，果断转行做兽医,3,0.043423737670279516,-0.034605552981981993
b2f6893b8c78bbda,惹上女魔头，这下完了！,7,-0.08244965789275899,-0.09438066015497854
ae69f0ec8b254cde,惹他？他公会全是神级，拿头打？,0,0.04867203390642039,0.04996217366674685
29fa28bf950371fb,惹完我，高冷慕少成了粘人精,3,0.05798525717712599,-0.026938664033686204
0bd487543a21b707,惹金枝,1,0.08834378011708066,0.030121798514973895
ac67dec613e62c74,意识觉醒后，被白月光女配缠上了,0,-0.005086354503473722,0.004413084964892773
3e8fc2c18f17e575,慌！摆烂后，小咸鱼她被迫登基了,0,0.019383046978690865,0.004804453943342285
17a6a391352384e4,慕浅情深,6,-0.03641879548387528,-0.027483772405776118
ea9a31d50265a8ff,憨憨同桌傻白甜，把她撩成小女友,6,-0.02485609313220205,0.003916774821838556
86199defe1f92805,憨批宝可梦大师,4,-0.07103698760302374,0.0787316197940218
11acd8543e6dbb3d,戏假成真：演瘾君子这么像？查他,4,-0.0806098156856741,0.13414295139498433
5ad7fbebf5203f91,戏精女配：穿书后全员偷听我心声,1,0.09294245085291486,-0.011987135471077201
ebe206ae50b31638,成为召唤师后我被宠坏了,6,-0.04306256199594127,0.029234033548423355
7d873899e366d0ee,成为四个男主的踏脚石之后,6,-0.028726299102752206,-0.018052459027086906
bddbf4020a82682d,成为奴隶：被富萝莉买下了,3,0.050410346684282126,-0.033227245058471314
83a36c67f12ce6c9,成为幼崽后被大佬们娇养,1,0.08279543705480508,-0.038396397771727674
78910440bc5bfeb8,成为魔女的我，妹妹却是大圣女,7,-0.08153695011639223,-0.06284158319990323
b13f341a3ca3e246,成为魔帝铠甲的我，被仙子穿上了,1,0.1601916137168643,-0.047157072191084906
5a8ee8463b01eb2d,成何体统,4,-0.1325133466751131,0.062287916084666536
9dad428919833f7f,成全别人？不如成全自己,0,-0.03948529891881597,0.06710303091687908
db533a923eaea914,成魔门叛徒，清冷女魔头千里追夫,3,-0.006404027889051367,-0.033949091090711474
8cafbab774156a4d,我90分男神凭啥先主动？,0,-0.010109626735795185,0.07266830721063637
04e4067d15cdb5de,我Alpha才不做死对头的舔狗,5,-0.2140078218832776,0.0063057196184819805
bfc13dda381507d8,我一个反派拐走校花女主很合理吧,0,0.021256792515821132,0.023150637353327657
f99ff94a190f1e70,我一个好人，你们说我是祸害？,0,0.037203781343897235,0.06976121685967887
a310f0601ead6f64,我一个明星，搞点副业很合理吧？,4,-0.07209120653774947,0.10749195234309258
0f42b5f18ec639ab,我一个演员，会点功夫很合理吧？,1,0.08664362621852728,-0.03425527695778023
92067ac6ff7d96aa,我一个片警，抓个通缉犯很合理吧,6,-0.13359564327702655,0.02303223364024939
68bb4a1552f62866,我一个瞎子，要瞳术有什么用？,0,0.020348743463002417,0.04034384583277456
806bdca4409d3024,我一个精神病，不怕鬼很合理吧,3,-0.0035545271928288935,-0.032843554657596724
bf1103f62ce80914,我一个路人，底牌多亿点很合理吧,1,0.0661009947509884,-0.052884790177203406
157f0b61117c4f0f,我一假千金，有亿点人脉很奇怪吗,0,0.054592161077558266,0.03729753037541881
bf3874ba5c22bb2c,我一女鬼，你让我挑战规则怪谈？,0,0.021435867889791904,0.029209892132268492
106fa72c1ca14a29,我一小圣子，竟被魔教女帝看上？,1,0.09493123788672031,-0.035442768423929835
2a1ba29441f278cb,我一小鲜肉，有亿点黑料很合理吧,0,0.005165581924973739,0.06146215251809521
c7704eb9463f6275,我一男的和千金互换身体,3,0.019102299832533975,-0.02721814240020108
c0af84219a0e44ec,我不是戏神_7276384138653862966.1,6,-0.06153239691156037,0.01084933677094555
97bbac3a1f4140fa,我不是戏神,6,-0.06803321861692424,0.007355250488296498
69848f9bb2a6044e,我不是杀手，我是阳光男孩,6,-0.04092988703128003,0.07165101018989721
a58c101730482627,我与咸鱼画押，玄学大佬马甲被扒,0,0.027018989438744034,0.05841848858081489
9e83f9bd67eaaf18,我与神明画押，你们都变王八,0,-0.013840436315755433,0.02120782011270129
75df1088a2b4b936,我与神明画押，她的孩子管我叫爸,0,-0.01714660308555721,0.08467962496723624
57034c5d70a2bb93,我为剑神，技能强亿点怎么了,1,0.11040311017469129,-0.0054503506713865935
f6afdd82e60bcef2,我为祭灵，打造诸不朽华夏仙域,0,0.08050698334402129,0.04486184242896567
fe24d95b441c6c51,我为阴天子，开局被校花女神契约,4,-0.08315610030993081,0.08163133582411837
0ba9affcfc998ae4,我也不想喜欢她，可她真的太貌美,6,-0.023338473593579934,0.007801945412767117
c675bbd02c747ebe,我亲懵了那个孤僻的哑巴少年,3,0.06548604442258565,-0.08590371079057983
92eca9104e91dad7,我从娘胎就开始修炼,0,0.03982466631157211,0.033968969680753025
08d91566ee756ebb,我以狐仙镇百鬼,3,0.05668961231020708,-0.05347679957049363
e55f114a2a03bd9e,我们反派才不想当踏脚石,3,-0.02095439626626583,-0.05017531968302211
5ab7b9d2551ee396,我们的重制恋爱,0,0.026218387762894535,0.013325960301592955
59d7597a4b596541,我会一直一直喜欢你,6,-0.09230263581089787,-0.038696648085210686
4cc3fa4479f76dad,我体内有怪物！,0,-0.021353636072324433,0.10706564753768133
2b406024683b4b5f,我做老千的那些年,4,-0.05316747194359023,0.12843518030074735
058912a60984b270,我儿明明是纨绔，咋成帝国之虎了,1,0.08126120148293925,0.005270402970363568
f69844eae81f06d3,我击杀了道祖,5,-0.20550712401664573,0.03871098091814573
b802bf68f1b62827,我刚登基称帝，她就说我是昏君,1,0.17280616231585688,-0.05538084156577686
c878c76959ae3ccc,我创造了怪物序列！,3,0.056902761562074855,0.003428342542648749
1fc1bbc17d70ba56,我厨神，宗门上下都被馋哭了,4,-0.15406921111006322,0.08474827254986726
10f269b4488245f9,我反派他爹，开局女主认我当干爹,0,0.00936055548592496,0.027950925314340055
9d1b5b5edbeb108a,我反派，不按剧情出牌，选择摆烂,1,0.08868727344412564,0.03590268780378138
fff01c8e102cc161,我变成了龙？！,0,-0.006339306944450174,0.059333757192484286
d60cf84fa8b3a9cc,我只偷看他一眼,6,-0.12636213259813212,0.03867919698224922
81962f111ff0682f,我只想在幕后当一只黑手,1,0.10791085059700922,-0.020778708946067197
71f5960b3f7ba3b2,我只想毁灭宗门，咋逆天成神了,0,-0.02601233371319045,0.04193158079249017
475fd597e111de48,我只想被在座的各位打死,0,-0.023736613071761836,0.036392019668400936
9cd441ee7519242b,我只是个卑微的人族,6,-0.04648955664882587,-0.004321642692714681
97661d391fc7155f,我只是精神分裂而已,1,0.0779420420328808,-0.013148369768344114
2679f778a708a2dd,我可爱的妹妹怎么可能是兄控？,6,-0.09546411029166846,0.004344744985685101
26026cca8f69958f,我司马仲达！此生必不负汉！,0,-0.03250540149402831,0.061061443050526076
2780b3c2b871f07f,我后山养的妖个个都是大佬,3,0.03942490977665658,-0.059121206234897285
30a5f6aff250ac5b,我和伏地魔是同桌,6,-0.08549415418716022,0.013844928579328706
28c35d866245c11c,我和女神的荒岛求生,0,0.028305775352619467,0.02997490396673988
67c82df97b97357f,我和我老婆在末世开局就无敌了,0,0.06793590673745964,0.023722434105822088
232ce25485f7d312,我和校花互换身份,0,0.020332194308976814,0.001304316754425707
143790ea624ad96d,我和校花的神豪人生,3,0.05256550866640297,0.0025776500399656435
3e7ac05219dfad21,我和竹马成为国民CP啦,0,0.064014581080999,0.020649649366934173
749314bf49d360de,我和超可爱总裁老婆领证了,1,0.12792516269010767,-0.03442431800162824
94912b744f0f67a9,我和闺蜜带着金手指身穿古代,0,0.010782495028971772,0.037679253546254
7f3fcd7ab62e3b58,我哥是反派，男主暗恋我,0,-0.010719880945464333,0.08598005123534552
30a4af8f5b9cfa22,我喜欢你男朋友,0,0.06365957301939862,0.01827136278880579
9bb37903d90ecb85,我在万界开网店,4,-0.12397328010184716,0.1146068683861602
863012d58cb24655,我在万界收废品,6,-0.056808985977036375,-0.01091308988466477
73f226d9062ac2f8,我在万界送外卖,4,-0.09473876793745034,0.18632426988283868
6224ce32162077b7,我在东京的护妹生活,0,0.004369012793838167,0.02303356547417485
bbc11a0ecce6a15c,我在乱世娶妻长生,1,0.1095990492851503,-0.07294239069417825
d1e104a4c4734482,我在仙舟摆摊的那些年,0,0.056722393000363525,0.020964123687175894
6a6487ff6f149490,我在修仙界勤能补拙,1,0.09806135093583979,-0.013837891579944174
7b92c5da1085b2b9,我在公寓看剧情暴走,0,0.018507558702945404,0.040619751980927994
1e494fa61ffcf02c,我在兽世谈恋爱，甜欲兽夫太撩人,3,0.061788493508760256,-0.03472543557479961
012b52ec5b684a07,我在历史直播间带货,1,0.14768429965108942,-0.030860043858688572
653a48e3e9a86670,我在原始部落当酋长,3,0.021659111676715637,-0.009920514059371124
f31f3e1f49d3be88,我在原神开异界餐厅，凝光馋哭了,3,0.011792523648928799,-0.05027002132016062
cb605131fb015c78,我在古代种田养娇妻,1,0.09265796839829088,-0.018550796258333682
bce06b3d3a9781ee,我在大唐开超市,1,0.0792647222311752,-0.08488843326864409
6f9b5fbb79f7b1ad,我在大唐躺平摆烂,0,0.019085091208592586,0.06435667248215825
39a2a608ba9ef7eb,我在大明造航母,1,0.21375128133418797,-0.07516544047354874
4dc8541f6d0418e9,我在大明长生久视,0,0.020660796059779774,0.027535390214233846
4ab2ba13482feb7b,我在女尊淡然处世,3,0.043265403383894396,-0.03663514916098516
a587ecf328e301db,我在封建王朝造航母很合理吧？,7,-0.08446850705772574,-0.06014791367957224
c5ff9392910d8d4b,我在异世界信奉科学,0,-0.011399794587930667,0.050213911390860226
26f9faba021c283b,我在异世界开冒险者公会,1,0.1035739188793835,-0.011514584494628693
3964608b608a0e43,我在异世界苟且偷生的那些年,0,-0.019349700952005167,0.016023717770898376
36f0a4e29b85fb27,我在恋爱综艺里社交牛逼,3,0.0011979785530179532,-0.010025530232560403
f8dc56158982d34a,我在惊悚世界扮演杀生神父,0,-0.03654058675640881,0.07038323475849102
4e2e20da33594fd0,我在惊悚游戏中爆神装,4,-0.17475050680103715,0.14522353134632604
8a1c1c4226e1cd78,我在惊悚游戏中直播撩美人封神,6,-0.05072005731586826,0.021469129810927943
3b037bb9cb123467,我在惊悚游戏当BOSS,3,-0.008694979601881758,-0.059347711530419144
aabd42b84ad6c35c,我在惊悚游戏里复刻名场面,3,-0.00023518071098738158,-0.0875225230517597
39955f42643c3c84,我在惊悚游戏里抱boss大腿,6,-0.04440999058790385,-0.03694275804808758
03407ea55737f1b5,我在星穹铁道当团宠,6,-0.10925858254564197,0.03325142714283483
9e9523841ac3d6cb,我在星穹铁道当执政神,6,-0.12664782536639235,-0.014845930090809603
92d0d1f9261d007d,我在末世对抗第四天灾,1,0.08172001692546749,-0.047792173963394864
e8ba7490256bc712,我在末世里开度假宾馆,0,-0.014857319511500988,0.04942033354758802
0910d0bb8d62cb43,我在柯学世界当爸爸,1,0.1015801019836724,-0.026465237148908333
cc720dcf2bdc167f,我在柯学世界成为最强,7,-0.15169809124548672,-0.06284723944311199
4d4d6d015002155f,我在柯学的世界做哀殿的青梅竹马,6,-0.047831730795895144,0.0582188569230382
5570aa6b6b13480d,我在梦幻海岛当岛主,3,0.046063948138832966,-0.0073799613708840535
f86f69e4b355caba,我在海贼世界为所欲为,3,-0.004438231516656788,-0.07474542817156277
82ad3d1cf8cf661d,我在游戏里升级,1,0.09493240905764744,-0.04316382891599199
0a766a6afee99324,我在狐妖小红娘世界肝经验,6,-0.08533366614999227,0.01108132494358381
237959ef8dc9a937,我在现实刷副本,4,-0.04925777605888504,0.09558333670875227
7add69a71f4bd0c2,我在现实扮演原神角色！,7,-0.12656635356367163,-0.12618259661807113
34b77fece727bee5,我在男多女少的星际求生存,4,-0.1346574252372416,0.1524878539778885
0eb391609581827e,我在米国卖煎饼果子，拒绝米其林,0,0.00534978881541559,0.028855666927996657
15e023e1a4ffad26,我在精神病院学斩神,0,-0.01498548884592299,0.01380227944390191
95f13df432c92fbc,我在绝地求生捡碎片,3,0.03302488517483981,-0.0011470938005324013
3523b692849d0e8f,我在舰娘世界当大佬,6,-0.08708736519572019,-0.025075468857625863
66981535678b9e2d,我在西山基地工作的那十年,6,-0.03495699213443165,0.045689581702476584
60abcfdb82afdcc7,我在诡异世界，加冕女王,6,-0.0938502563510431,0.0517106384853487
272ee732bbe665a4,我在超神世界发吐槽，女神都疯了,1,0.060965864438118245,-0.019007918680414706
eb5bcfe7fa9cabe7,我在超神修仙,0,-0.029031791287893793,0.06564487118142406
8735d9f1cf503291,我在超神玩转诸天,1,0.05765761115437584,0.005702280255847002
348c70b204ff0edb,我在逃生游戏里撩NPC,3,0.03490862149058627,-0.02587680900887234
a4c13fac665120bc,我在长生加点修仙，道友如何应对,3,0.06302512090951384,-0.006961929738348969
8dfae7ec336bed7a,我在高科技时代把武力值拉满了,0,0.037871506340737326,0.05218663340943085
44d151f40fb13be3,我在鬼怪店里当老板,0,0.06089303691976544,0.025759220030078443
d0c7095464787abc,我在魔教教书育人,3,0.052792810182407446,-0.010106596709904403
446f4bb4bde88376,我堂堂剑圣会成为血族公主？,5,-0.2720305269107617,0.03356846143702828
47c3290287681325,我堂堂富家少爷变成了萝莉千金？,6,-0.058493978399554336,0.06972084783359295
429589b326e80feb,我夺舍了自己,1,0.11394317108933738,-0.03994077452956369
8b3b00883cb2a65b,我女子野战团，有点黑科技怎么了,0,-0.0036465549948517806,0.010465329232302482
1264feea4e94139f,我妹竟是幼年吸血鬼,7,-0.09635137090919454,-0.12093444828851613
6d70c8b6ef0a0441,我妻世界,6,-0.023596111903999628,-0.015459282373361551
a7e0dfc0ac20b028,我嫁给了游戏,0,0.012147570355356963,0.014013390324147132
4b0e12bd3d84da51,我孙悟空无敌2彼岸世界,3,0.034723740888551013,-0.10476285249048328
3891e5329b4c7e75,我家半妖少主从来不讲武德,4,-0.09246401065634907,0.10739171114643868
6feadb4f79763eaa,我家娘子不可能是魔门女帝,3,0.017520736182935703,-0.040782787081450236
2c529bc3d2d131f9,我家娘子不对劲,7,-0.11190861272285951,-0.14489838882533568
3bb7b3c2bc131409,我家孽徒天天想要冲师,3,0.0515466038364909,-0.08014976271961882
d1e13e4208ae14d3,我家掌柜竟是魔道魁首,1,0.1033940013708583,-0.03518700518974226
6ea94c8c5d73d718,我家的七个魔神妹妹,7,-0.1594725383310156,-0.12986974113161978
8d4b9c506a44edab,我家萝莉妈妈病娇后，青梅急了,1,0.11322180929294878,-0.06263249004866434
d372894b107b685f,我就买亿艘毛熊航母，鹰酱你慌啥,2,-0.36626924693506413,-0.28769292793151896
d9010a3e44eed42b,我就是传奇,0,-0.04241590730867095,0.08078304946714158
7277a0d51ee8cc5d,我就是只哈基米！你让我抓犯人？,2,-0.42655843779252794,-0.2067117220190776
dc81dbff9131a6cd,我居然认得上古神文,3,-0.016025184688938876,-0.0052407530697804496
36ce7a8f5b484566,我带领小白兔征战万族,1,0.12114928719883256,-0.04592047882964181
fabc3bce6b9cbd99,我开出租不拉客，只拉女鬼和模特,0,0.01127845915015846,0.07155276463882487
bf108b8b31b9f127,我开局转职拳修，以双拳击碎命运,0,0.02385403561242827,0.07490226837150883
82f67cd120d87d12,我开局震惊了女帝,6,-0.06411132294424604,0.0446836658474079
b832cef328116afd,我悟性满级，你让我剑冢守墓百年,3,-0.008199914036854161,-0.012761143826172765
6771d579d8b05d4b,我想救个人，可她活在一千年前,0,0.027558381735810933,0.033290305849813434
8919b7aede1c261f,我想许愿在身边,3,-0.006905812249420884,-0.01739743195709855
6bd2877bce135c06,我成了全球地狱游戏管理员,3,0.003582760689202713,-0.0008740127209768828
a5b0014cb982be46,我成了大学辅导员,4,-0.09463807964757243,0.07848953091110508
fb30d29cd769c4dd,我把惊悚世界玩成养成游戏！,1,0.10450846479096432,-0.032086591617441665
78ebe2576a47e67d,我把神棍老爹卷成首辅,0,-0.021721272191519925,0.07467865852489544
fbe8cd88d0db02dc,我把自己上交神州,0,0.027281024422116884,0.03598691254616106
e571c1e31cd6e793,我拍午夜凶铃，邀请贞子本色出演,0,-0.011082977903399627,0.017048330845562593
24fc166337e5c26a,我拍电影真的只想亏钱,0,-0.030909322860496136,0.07915658389445623
7035c246026cea3e,我捡回来的姐姐是病娇？,6,-0.1308623694740489,-0.005548559052880776
fed31d1e2bfe71d5,我收留的少女，怎会是首富继承人,1,0.11387711261694144,-0.01931290171539716
e48de63d482f3d8f,我救了你，你却害我,6,-0.12238663199896976,0.03833189581875981
c5fc5ea803613405,我斗龙战士，能斗龙很合理吧？,1,0.07368925405430204,-0.0026914740066545533
e68f6ab33de9ef72,我斩痴被人直播，收获万千迷妹,1,0.07623631609286974,-0.0023131580123951453
4d3d8f9c15df0938,我是一只小【老虎】,1,0.0855653242295753,-0.03928240087600268
bca475cb9fe30916,我是上单啊，怎么成顶级射手了,0,-0.02772814955030728,0.0927373778072453
d55b0bc4e3c5f013,我是亿亿富翁，我摊牌了,4,-0.11648670241820125,0.10611530475357228
375bb04bf3898845,我是原神大好人，系统却要曝光我,0,-0.010841529130040495,0.03397976814561258
d8018f9368fecd6b,我是杀手别来惹我,6,-0.040882860394129195,0.027476399648477205
3a33a53ed6d4c9ac,我是欧皇，吊打重生者不过分吧,0,-0.002640978503310909,0.08594098163746745
215fb221b0ca6938,我是漩涡面麻，团藏竟是我爷爷,1,0.09205926915921647,0.006091538645785216
5dd06bb68457eb3a,我是男团女经纪,0,0.014672036803752397,0.017843790536578686
1a71f1d70044f071,我是神级大反派,1,0.10012938919223902,-0.051076077859817166
9c5b1309ac4b342d,我是经纪人,0,0.040338679067336014,0.0046757279675191145
92558b67044e81b0,我是警察啊，怎么全是变态技能？,1,0.08687064672383649,-0.014636320111550489
b1d723fa6da0f893,我是谁？究极无敌琪亚娜！,1,0.10694477608899833,-0.030475556292463447
ae9d4049e86f7b74,我是邪神狗腿子,0,-0.016630128865517957,0.11449801558191469
e2ef9e8a09ff7200,我普通玩家，鬼王非要跪有啥办法,5,-0.2922329854144893,-0.10912489468597192
46061a3c62b97af6,我有99种变态人格,5,-0.21880268274971265,-0.20471574176574764
e3cd612187f3565d,我有一尊传功鼎,3,0.05329877071417266,-0.013037202241887143
fb40dfd88b8045fe,我有一本属性天书,3,0.06095466932922233,-0.050437445110864995
7f00ff5f91cb76e4,我有九千万亿舔狗金,0,0.06470049602209127,0.04196583383398472
a2e99bd96039958d,我有大帝之资，开摆又怎么了？,1,0.07013318406729407,0.023253611683410058
2a7395eb4f5c1069,我有百万技能点,1,0.09737678332579036,-0.02671823395851433
0446f2dfdf160cee,我本仙门正宗，奈何却是大反派,4,-0.20620184176703044,0.08087115194994755
2f8b38b5a088e5ce,我来解放全宇宙,3,0.023654857334203028,-0.13421112438672478
fa817bb5f8e4007d,我死后真的真的很凶,6,-0.035240186867490975,-0.036121931998014806
118604706af2a26e,我死后，美人质子他跳了城楼,3,0.03102299523904828,-0.04861912273345569
0aa3faee63384d1b,我死的时候二十八岁,1,0.07007176079208921,-0.02676007122905199
0219eebe425de761,我治好魔尊的眼睛，他说没脸活了,1,0.06742047779872595,-0.02668988387903358
4bfcb03819f96156,我法师加奶妈，用七把剑不过份吧,6,-0.045277896988311306,-0.04004439540694393
59b1e4f955664d11,我洪荒人祖，多子多福怎么了,1,0.11812402848185377,-0.042227808790923416
4fd4469588fe0c55,我满级老祖，养亿点崽子怎么了,3,-0.01957403024296278,-0.035475394482152194
de2f0b89a20ae5df,我爱莉希雅是芙宁娜眷属,7,-0.09817961852866153,-0.11149505232536903
c0930e9992bca4df,我独自升级？这次我陪你一起升级,6,-0.08386067912921918,-0.010339775153233657
d5521bc2a0afcf4a,我的26岁女上司,3,0.019053329236558225,-0.013081550596287576
ce441d9c46a3d2ee,我的26岁女房客,3,0.014098953463360875,-0.017483480687430223
ac6fe6958778645b,我的26岁女房客之海岛孤帆,3,0.0411208621789565,-0.04850908381425463
a7c153a72ced1414,我的28岁女房东,1,0.11478203051179514,-0.02346331983124229
66743bbf03d096ef,我的omega老婆是霸道总裁,3,0.009446366861405542,-0.11038506761364562
513063a2230deebf,我的七个姐姐绝色倾城,4,-0.11893461129165206,0.1290836364251339
6b159f9defdd94aa,我的万界女儿国,0,0.04077802921696605,0.04457994337035601
015b4356bab27438,我的世界之全球无限生存,0,-0.00420421946454308,0.03738030606051422
4ef5131a15d97f79,我的世界由我守护,6,-0.09691742331092168,0.030641024172074906
32f69749a22b3b20,我的世界：我有无限MOD,6,-0.051858915581158294,0.05371933095265333
b7792c629290671f,我的主动傲娇女友,3,-0.0007476023129958653,-0.0062563096030435975
85d422049d00475e,我的人格全部转化为职业,3,-0.01999935342352749,-0.040568794947151814
481f23784eae595d,我的人设是高危职业【星际】,0,-0.02674729312110763,0.11502908151837843
3fe2fb5c36cf3485,我的人间烟火：搞笑女的救赎,6,-0.045691213303101774,0.03143543000220715
163e699d2a1bf4cd,我的人鱼alpha,3,0.009676142877817706,0.019077665745908735
deff6a802b1f1474,我的体内有只鬼,3,0.005250621595582539,-0.006579332740064565
acd8804c84745fa4,我的侯府傲娇才娘子,6,-0.08086702460761558,0.0014638297508717494
50a19b96f1fcdf9f,我的克苏鲁系女友,4,-0.12187378994943193,0.10181619986931197
6531790edeb33b2b,我的冰山美女老婆,7,-0.12517367335321705,-0.02456049617835436
8634008a9c057b37,我的创意工坊,3,0.03831618434684381,-0.03755612234012876
d24b7fa989c06308,我的功法全靠捡,0,0.01791282656503046,0.07790583447622734
772683e722a1dfee,我的功法自带特效,0,0.05400905912880438,0.017810966336123515
a45ef8e8013af125,我的右眼是神级计算机,0,0.003243277906916142,0.07380727610221995
a8f50354deba473e,我的哥哥竟然是姐姐,3,0.009837122023283906,-0.017182453629173706
9c6f6c0357e96d31,我的天使，她的英雄,6,-0.050691962780322564,0.0807792010471045
b75565e083edce53,我的女友太甜了,3,-0.0060396876128037125,-0.0009852939272874455
b0e3c942fc459d03,我的女友是国术宗师,1,0.11540967621191278,-0.033581141823767646
d94b320221f1034a,我的女友竟是女鬼,0,0.006957556349105665,0.07527126269737906
1b7ab2b4b9d2de03,我的少年他爱我十数年,6,-0.05414062470619202,0.03194529749564909
510945f74c1f3a7a,我的帝国,0,0.05688889413437004,0.012139337911589825
fca7d9a5c9406f00,我的徒儿有点怪？,5,-0.3301918204597285,-0.06884293333983478
bdcfc9575b8bc2e3,我的御兽会武术,1,0.10836258812404553,-0.04288485198591412
6cfae1952cdddfdc,我的微信连三界,0,0.04125896217818614,0.03281628236456662
7674ca691a8ca362,我的志愿,7,-0.08391519749396198,-0.16865172859379868
fdc133593fc9bb1b,我的恋爱对象居然是Q版女孩,3,0.008868844719185365,-0.010670128416666766
e33ed06be2f123ca,我的恋爱游戏可以管理校花身体,0,-0.020656140784784616,0.030662376276840528
d7c3a4f2b152de52,我的悟性好到爆,1,0.13021851720834643,-0.03262674152323385
1e1f6c44a77eeff0,我的惊悚游戏，画风不太对劲,7,-0.05252421200255564,-0.058228236795855086
d6360141c7c38348,我的愿望实现了又好像没完全实现,3,0.04422093021678275,-0.025283712241429314
3ae150cb1bc4ede2,我的房东是偶像歌手,0,-0.03754370464076112,0.08920138873481871
5c39de31a3d7d302,我的房客大小姐,1,0.06969445968637322,-0.025869381967076235
f4f7822539e23dc2,我的智商能充值,4,-0.08521753442351476,0.08592911121882017
0c53debe80a90c56,我的极品女友们,3,-0.0006236810520161562,-0.02923315081395154
4351c43a60865b5b,我的林先生不说话,0,0.022370216839164514,0.023524508586606922
1ee74b4ae72e4553,我的歌星女友超凶猛,3,-0.024108584077979944,-0.029909144936757722
30820aab6e1a2321,我的法宝都是规则系,0,0.05268459443791507,0.025998236013381082
5a41dcd854222c81,我的清冷校花邻居,3,0.013057323940521948,-0.008600690525400152
f753dfaebc2571e0,我的渣皇帝重生了,3,0.062175143339249894,-0.050434087146984365
75c4a53781f65af2,我的游戏橘势大好,3,-0.019197030606794285,-0.04143207110363171
d5af993e7b5c59cc,我的田螺小夫郎,3,0.051875097162965234,-0.04908356521328723
63015805ae02d03c,我的男友遍及无限,4,-0.13916829708877382,0.06557061004001441
7393903bdaa7259e,我的病娇女友是灾厄boss,7,-0.0924758329867193,-0.06377206684010764
b007ebdcc3db45ca,我的病娇妹没有血缘关系,3,0.0015072731960669161,0.017161958724279006
0677aaa8e8aea36c,我的白月光女同桌太可爱了,3,0.00551512777085339,-0.0077683327689950146
0e98e93a5f3a2ea4,我的皇帝父亲会读心,1,0.06722618880122455,-0.0013805460674017498
81d8db3bca721185,我的盗墓笔记，被妹妹直播考古,0,0.045926872079569914,0.025616769682492414
b64d4bc8b7c483d9,我的神宠都是女神,1,0.08031834860775311,-0.020727627112393173
1eef3d30aa6ff015,我的精血创造了吸血鬼女王,6,-0.08382857183791215,0.057547026270749556
63cc4c34728c014a,我的美女师傅都无敌了,3,0.03572227308931675,-0.0026664742777353996
9d8eed3ddc0e34a3,我的老婆一万岁,0,0.04284557800342892,0.02088918358443747
ee35bd3cf0ad08af,我的老婆怎么能这么可爱？,4,-0.15337361020268164,0.10796435124685753
caf2f507a84d6105,我的老婆是剑仙,0,0.0021898708766476815,0.01966750877459645
c0cb9819d8c7ded2,我的老婆真不是猫娘,3,0.05786373263283029,-0.026215080911269065
6481693a94519327,我的郁金香小姐,1,0.0875232665131831,-0.04926025924093763
ca4b5da043b8c389,我的重启人生1992,1,0.08660106037114845,0.018390988180446325
2c88521aede706ba,我的霸道病娇女友,6,-0.03243767818023757,0.04558401046921509
b233049f75bf39f0,我的青梅竟都是游戏BOSS,6,-0.05082733693153585,-0.0315221285624525
6f99cfa8d6a86528,我看到女神的乳腺癌大军马前卒,3,0.03544914939878374,-0.024417397923449866
d264e63cb4751b87,我看警匪片装大佬，首富求我救命,0,-0.027458528054606357,0.0840136463049477
984a485b2989d8e2,我真不想努力了,0,-0.007182498339807664,0.07793888911352498
7e6e566befa7035b,我真不想吃软饭,3,-0.028927446862775597,-0.04816809074687454
0b02f29e0cf0217d,我真不是变态！你别不信啊,4,-0.29987169660252033,0.34666102359495016
8728e209fb747d37,我真不是坏男人,3,0.041928060020225866,-0.03808077958088599
f451b8db7e49d61b,我真不是莽夫,3,0.0018953324133882399,-0.08332949331873914
ff8fe4f284b2e550,我真没想当冠军啊,3,-0.024359977119343568,-0.0322721130376088
279c96b7ecc7491f,我真没想当反派啊,1,0.09826552796491472,0.009302162148717052
36acb77996f74d1e,我真没想让女主黑化啊,3,0.007610678031231721,0.002172957800429737
23154648284a5a75,我真没想过妻子是女帝啊,1,0.10264211909390286,-0.012824186913465622
640274c22c90c53e,我真没想重生啊：憨憨鱼,0,-0.021697017334824487,0.07826311155990773
e844b53995e07763,我真的只是出租男友,6,-0.07581723840328647,-0.012560514584581935
c37acc2e71ec5980,我真的是守法公民,1,0.0593663528506273,0.008472988851773026
a9ec4fa92108a399,我真的是普通人,1,0.12069893607607785,-0.023469727234004673
2a810b0237923b1e,我瞎编功法，你们怎么都成大帝了,1,0.1071032898551596,-0.03253395360801192
881896a96235f30f,我知道自己要重生了,0,0.01958966918435312,0.003998526740057171
64ead3a14d23c43a,我祖父是朱元璋,0,0.03073473715269559,0.05030922901601646
6992444d6b829810,我穿越999次，逼疯了疯批暴君,0,0.02425902605565511,0.05343854399494619
3cb2d8d3a38957fb,我竟是惊悚世界NPC,3,0.0419740113614131,-0.06561703930292906
b8dd21285fec4cba,我竟然穿越成监控人？,0,0.014001692036157642,0.05544383203469852
71c0ee7b20762dee,我算命主播，一个名额让全网疯抢,3,0.04788701529564232,-0.034341471232444104
059c791a362b53dd,我算命，你进狱，警局业绩666,1,0.11161679317738626,-0.04626781430644679
29d5ae820d723995,我绑定了白富美系统,4,-0.0921172096627696,0.06769456210196659
2c50c92c657f7741,我老婆有十种分身,0,-0.01020038408629792,0.02914313636755286
47fac1856ee52460,我老婆真的不是天后,0,0.0292062559403915,0.03354951381443529
b4ccc8e0cbf0c1fa,我能抗住最毒的打,3,0.030484541580503177,-0.029284679899585584
be4c1c7dce91ad02,我能看到万物法则,0,0.0035571158732597974,0.01988472427898348
d4a1c91fa1ded669,我芙宁娜只想当乐子人,4,-0.18780646143295177,0.099775595464141
dcd2c6a084509156,我苏妲己，绝不祸乱大商,0,-0.024516682457622674,0.008790937033580255
4b60ed17aa8205b3,我虽然普通，但我妹妹是最强精灵,3,0.053933866565481825,-0.013433383091961067
5c39d428afd33977,我行走崩坏与现实之中,1,0.1206468369731436,-0.005805627625861093
c706fd0cf92c4b0d,我被怪物养大,6,-0.04476027509878633,-0.016502165278625122
a1a7dc0d69be470f,我被改造成为精灵公主,6,-0.07763507461681318,0.0476288592502875
b71e6a0a59834b91,我被点名就变强,0,0.013672955221537664,0.0010388744097790178
ae11dabbe3a04875,我要你哄我,0,-0.02471495997395029,0.03995964533104778
a4d0b1b516dad056,我要在柯南发刀子！,3,-0.017645036878349785,-0.013751391382810972
ee6cdd97a0574a5b,我要绝世美人，不是要变成美人,4,-0.1581779744249664,0.09703907285345517
491373f000344f2f,我设计中式恐怖，冥婚吓哭全网！,1,0.0712218286542845,-0.038509327682657836
43671d9a2114ccc1,我说今夜无神，于是众神陨落,3,0.00928967229084321,-0.03194202972717479
ffde66d9a56f16d9,我说我要疯，你到处说我要二婚,4,-0.1369814236028385,0.10697759364422614
24b2c887058c7303,我身边的美少女们格外反常,3,0.018872221710476533,-0.012527987473607019
1b4e889d948ed1c0,我躺平后被绑定了系统,1,0.11271346420531181,-0.032803278149302714
656479fc913a23ac,我这么可爱，卖个萌不过分吧！,6,-0.033946760664554654,-0.031562167473099215
dc0f64116e3faf2d,我这口老奶你只怕承受不住！,4,-0.10859494789172824,0.06844829123747244
b53b2c72a0a87162,我逃！她追！病娇妹妹嗜我如命,0,0.03572948147623334,0.06085466527277768
aada4a5c8a4a9b04,我那夫君柔弱不能自理,3,0.014923004239702164,-0.05104925571604646
3f01e1df8da411d7,我都元婴期了，你跟我说开学？,6,-0.08889596293386876,0.0006771945764726596
12ea507aef981dc1,我都快成神了，你把我踢出队伍？,3,0.014522098523863325,-0.046703281579010276
65be6f2cbe90586d,我都快无敌了，你跟我说要退婚？,6,-0.04619583739723404,-0.0004299097311756539
c86e17912216fd63,我都摆烂了，女帝为啥还贴上来,1,0.07219278518234928,0.021970201402961968
0260342167d9d7a0,我都祖神了，你让我下界护道,1,0.06923811840053307,0.0024425319673877354
693f41be187633b7,我酆都大帝，在惊悚游戏开小号,3,0.0582752776315798,-0.016977921947332303
5363458b39596c68,我重个生，冷血家人们都后悔什么,1,0.11518225170823826,-0.04987516495074778
0568ef4db749f5ee,我重生成我的童养媳,3,0.019068108385430604,-0.03524006152301529
c58f9effa3a1a825,我长生仙人，被凡人吊打很合理吧,7,-0.0628748070432929,-0.06852978318945803
6a36045fa76a1233,我阐教首徒，请西方二圣上封神榜,1,0.06849816125660124,-0.03031649550093227
f08feea6559fc583,我降临在矩阵宇宙,0,0.05901597479919385,0.01757059993782329
fe3233c2307d92db,我零系法师暴打史莱姆有问题吗？,6,-0.04282179940638131,-0.03863507081755869
9fb479560da0a992,我靠打爆学霸兑换黑科技,0,0.010472548531999526,0.08097985262397786
b09d6860f0e91aa5,我靠摆烂拯救了全宗门,0,0.02521393298727359,0.01932809853548029
b9bc0517cda156fc,我靠流血成为万人迷,1,0.07147413966862437,-0.05971934350887749
fe7a9bb40cf966e3,我靠觉醒技能征服修真界,7,-0.07363574136661283,-0.046537279064795274
407f05b596b3c31c,我靠顶级茶艺，挖了主角墙角,1,0.09118115463576182,-0.005429735844841507
6879478c4c97391e,我顶级二代，女神穿巴黎世家表白,0,0.028700636044493688,0.029803044509746295
6316924e19da53d3,我顶级大反派，开局选择掌掴女主,1,0.17183394862095935,-0.07147951670751541
c54dfdf15c51874f,我驯养师，养虫族天灾不过分吧？,6,-0.03870325617784731,0.009066939688519937
d88cc7aab9b1235f,我！反派头子，主角们心态崩了,6,-0.10500365741494361,0.003442351776267068
4f9e8d1e23bd0a54,我！反派舔狗他爹，专打各种主角,6,-0.061539790944715456,0.0762319872244632
e39a2edf121d9d98,我！咸鱼法神，被萝莉师父偷听心声,4,-0.1830883190196549,0.03921432925934618
a40b3dd47c4593da,我！渣渣米，龙化！懂？,5,-0.2511814869988794,-0.05869869398505627
c805fa3e33aa5211,我！神话机甲师：校花女神抢疯了,3,-0.008409666720777143,-0.003095866393989901
6ddf4f5c44998eef,我，三句话，拐走了一个苗疆少年,3,0.022682925175403046,-0.05631715760454702
525c8d89b406486a,我，下山之后,3,0.05249850597053207,-0.014994126421045601
131ae2a75030dc40,我，为祖国富强而奋斗！【系统】,6,-0.054204227205611355,0.023118008129798338
a799aeacaceea828,我，九玄女帝，被人骗婚生子？,3,0.01886465995329467,-0.013978704948748238
35a7e8f30b3366f9,我，亡灵始祖，一人即是天灾,3,0.040130794587142415,-0.009827933141353992
5aad53595661fb23,我，从洪荒苟到西游,1,0.06194530594417247,-0.024414219044658483
99c7b2a1bdc1184d,我，低维世界唯一真神,1,0.19356929492885822,-0.0780102880136628
08a9fbebae8ac6b5,我，免疫系统！你和病毒得死一个,6,-0.13835338962690596,0.004146315327926581
9ac040447af87fd7,我，双面手术师，职业开膛手,6,-0.04362363929302654,-0.005796056866950379
0027b2ef9766e843,我，基层恶魔！,6,-0.018110949890755124,-0.005241640138220101
b9349ed3bcd7c42d,我，天命大反派，从拿捏圣女开始,1,0.1044400757847761,0.006037938954016622
cce1bf063256414c,我，无敌，从降生开始！,4,-0.2243661787782022,0.07981609725124844
16e7e8d7e997d64f,我，最强名师，敕封徒弟为众神！,4,-0.09844602019487364,0.12605039624724312
d2b9475808c6ab58,我，最强软饭王，开局捡到超可爱老婆,1,0.0789894328496542,-0.025260825994466562
f84866afc46d4272,我，正道楷模！身负勒索系统,3,0.03470145811898262,-0.04096602003625328
edd8aa64e1a4ff33,我，满级妖姬，欺男霸女有问题？,3,0.037125180746865105,-0.0006528668085328628
7ef7f32e48333ee6,我，灾厄星神登录列车！,6,-0.04203921254789034,-0.0035464712853709407
3fb8e043327e9d5a,我，琅琊阁主，发现老婆是女帝,3,0.05212725995338974,-0.009631379258445726
dc78c1c9dda9605a,我，白露竹马，豪横消费惊呆全网,5,-0.23760258619859614,-0.14367519382341384
fff369ff632cf1f0,我，肃正协议，加入聊天群！,3,-0.01586366071788048,-0.034134480665848795
da956d27482730f6,我，镜流，愚人众执行官,6,-0.050267877783182036,0.02023054931544162
594c510f045b1dd7,我，阎王，粉丝多点怎么啦？,0,-0.005845035377799457,0.04177739427805555
a8cc091e5c17e0a7,我，靠演戏成惊悚主角的金手指,7,-0.14719858559081006,-0.0784400957837894
ae34eb30de5687b2,我，高考落榜后去修仙,6,-0.0816830098807797,0.03764600175429423
141bdd04f38f4b04,我，魔族卧底，开局被女帝逼婚！,4,-0.07512297540334029,0.17569129001035755
5b50b145f0b0f477,战争和平狂想曲,1,0.06875058004593859,-0.07930973607748343
c711d83dc7672ff4,战忽局：让你吹牛，全部成真了？,6,-0.035455150903202726,0.02001271597594711
0c51a4093993fdd8,战神参加恋综后爆火了,6,-0.050211230248308425,0.0439074649606871
181767b297d32a71,截胡九星机缘，开局反杀气运男主,3,0.05710821784628817,-0.03487410257624711
c215eb9ff0b1f2ea,截胡各路机缘，气运之子崩溃了,5,-0.21413360980896473,-0.0790494098540339
59025eabad6e8af2,戴上性感的绿帽，师妹从此无敌了,1,0.07179828191875304,-0.06177187321396964
cb32410055f54f81,所以是谁把我变成女孩子的,6,-0.03268732738172336,0.0283047004508521
aac8dd8bf7b5842e,所有人都想攻略我的青梅竹马,0,0.024665933875210655,0.019218172954642055
a5eed39ac03b698e,手拿名臣系统，我在古代女扮男装,3,0.06237814153126431,-0.05051292498036743
c8d5738a270d77a4,手搓核弹，你说你是最弱科技系？,0,-0.030657938497208215,0.0889932319708942
dfbeec97292f042a,才不想当吸血龙姬,3,0.05382981566873579,0.0011149248090410592
463e5059e9dcaf23,才不要当冰山闺秀嘞,4,-0.16207526588472215,0.06077453354958201
de215abada270f0b,打不赢怎么办？只好选择攻略了,3,-0.003815310795552196,-0.006573397275133631
8ff6c45b1a685141,打工皇帝：地府升职记,1,0.165462766368903,-0.05138746187983402
7a5f6ea3471ea388,扮演水龙王，被选中参加规则怪谈,3,0.04748031787763385,-0.03608539620298996
6a21e09866fcd6b6,扮演病娇！白切黑邪神腰软易推倒,6,-0.06167472958687781,0.0006011860940177151
0ccc5d930bbc83b7,扮演范马勇次郎，以武道横练弑神,1,0.08318347178698526,-0.019949256616043548
49b104c4f4032b50,扶摇同风九万里,3,0.018253240903420953,-0.003036718195208833
dabc1e71521b5a7a,抄家前，医妃搬空敌人库房去逃荒,1,0.10705188449536751,-0.003021680206690132
00d0ff1351b9c15d,把反派撩黑化后，我死遁失败了！,3,0.03311141934164563,-0.024854418431179328
66e307c1caf568f5,投资天命族人，我实力是全族总和,3,0.05541048338256316,-0.05423989545884871
86aada7d267dfce0,投资惊悚：夫人，请正经交租,1,0.10400610749609251,-0.04892487023352066
5ae9634599544bef,抗战之烽火燃血,1,0.09528334815748862,-0.05601746108059786
c6952d8d4a7f9578,抗战：从血战湘江到高山下的花环,0,0.08021610147377833,0.04777060371019064
ea1c73ba00b2d444,折她艳骨,0,0.004267094441592234,0.022454996891242078
329859b5996187e8,折腰,0,-0.020249800891532332,0.04751896042137498
5801954eef46f500,抛弃病娇男配的后果,1,0.10441597042114381,-0.009004901552715312
8383d3abe96e1eec,报告公主！阴鸷将军说他甘愿入赘,6,-0.09613770932597127,0.04020074199965506
2e00183fd1db5755,报告总裁，您的傻子太太是神仙！,3,0.035493909970108484,-0.013068579249838399
801ea7576ab073ff,抱紧女主大腿后，娇软绿茶被团宠了,7,-0.04500327413140698,-0.052272492383540266
22c18dfb621d49ea,抱紧无限流男主的炮灰女配生存法,3,0.03889058450922178,0.013073897288111579
f4e8821134f02966,抱错被接回宗门，她却被活活冻死,5,-0.19667100526287262,-0.05780548119482868
c2200a1571362ead,抱错重生！她是顶级财阀全家宠儿,3,0.04745345192297512,0.008050811917797935
e926e062e4b9ca43,抽卡？不好意思我SSS级,6,-0.09523043502959228,-0.014370562938669375
88c3cc9703c60f74,抽除杂质，臭虫变真龙,1,0.08087756636002996,0.017011947219349975
0caef731813bf14b,拍流浪地球我造太空电梯很合理吧,3,-0.01932335963986659,-0.03290254112045278
cecf64ffb9004421,拒绝女神扶贫后，解锁混沌级基因,0,0.03439246422284947,0.04205352753237851
9031446c92730774,拒绝我后，妃英理后悔了,3,0.013642135768985764,-0.019827768590757643
8e110e29920326df,拒绝洗白后，修真界对我搞崇拜,3,0.007853394214913267,-0.009272469641428058
195185dcbe2311c0,拜托！穿成唯一人类香疯了好吗！,3,0.032577798032248806,-0.05547167048029002
0218eecd6c7a5e80,拜托，我真没想和校花谈恋爱啊！,0,-0.04186800826331222,0.091708800840603
c97c9a859b0bdab7,拜托，我真没想让女帝陛下怀孕啊,3,0.061673750365756286,-0.0027495409792253644
f0438016dba56c82,拜托，有一个怪盗哥哥超帅的,7,-0.08045693892109351,-0.07891715123958126
36b7427e93d2a520,拟定推导：我的未婚妻是哥特萝莉,3,0.024362529959626955,-0.05339381871828761
73723dd5d24b9063,拥有猫耳后，我被末世大佬圈养了,1,0.1064920065076076,-0.03188730930128259
ba3a3aa33a8b1639,拥有第二人格后我无敌了,3,0.037561886542490264,-0.014759898017560742
765817176c5f6d64,拯救了个自闭少女,3,0.05288848114650524,-0.005087861600214816
4ac85c3a47e6b4a1,拯救宇智波，从掀桌子开始,3,0.054044846607413155,-0.07565107094886549
983bc450a3184dd1,拯救师尊,0,0.03845720981064649,0.008215914189267995
0fd4bd775f16d004,拯救恋爱脑亲哥，我辅导他考清北,7,-0.13478110164903662,-0.08096177305831197
11dc082bc7b40441,拯救那个失明男配,6,-0.03502556712184268,-0.008845933861979464
d9824d08efb2dc81,挖矿十年，我原地飞升！,0,0.021692053178177684,0.0578943347083118
2bf9e76fc092a582,捕鱼大亨：从北海道渔村开始,0,-0.022648185733631254,0.046743108868498695
9bb22b849c8802b0,捡个妹妹混异界,0,0.01406019247874557,0.06166836857493765
4183633a7aedca0e,捡了个落魄歌后,6,-0.12648191298930633,-0.01621461047243089
4ab7ea7a8f70ea2d,捡了疯批反派后，炮灰总想自救,6,-0.031338033201628035,0.0014472171343984544
a83555125692ef6d,捡到小猫妖后，骗她做我的小娘子,3,0.005653104656943797,-0.0008825418626215598
760be12a79aafd1e,捡到死对头的崽后，我们被迫同居,3,-0.006491817486084739,-0.018389122267154993
e3368cadb48f04d7,捡回家的女孩是病娇？我遭老罪喽,3,0.010687424906222764,-0.015064559191494506
a7b0fad71e0dd781,授徒万倍返利，为师真的爱你们,3,0.04732265740364505,-0.01773284510156997
a839c963ed123254,掌上娇娇,6,-0.06166847004207082,0.05870656256715464
c8c7999c513bf599,掌缘诸天：我带宿主吃香喝辣,3,-0.021235958411623235,-0.036480976406373496
b46586fafdada4bb,推演天机：开局发布天骄榜,3,0.06287705181894987,-0.053100787786405645
a336c15cee9edf61,揉碎玫瑰,3,0.06422956804504021,-0.019252558535576177
1d308f9532dd7ff4,提离婚时，被形婚老公按在墙上亲,6,-0.06852251538292586,-0.02290442250728691
d8de621b650e1af4,揽腰缠吻，禁欲佛子疯魔失控,3,0.050509186101370895,-0.047571894030145535
2baabe6eb47c2a84,搂腰轻颤,3,0.05308061595599389,-0.026705846907890508
0874df452fbe2888,搞修仙的谁不疯呢,1,0.0716534604692527,0.022790913279558733
7c309dfc32c52173,摄政王他好像有那个大病,3,0.014133218714585727,-0.05700739385736401
bd5bc18702268158,摄政王是病娇，得宠着,1,0.0603222743853441,0.013686051123305527
34b6b4ae05d25735,摄政王的病娇娇是大佬,0,0.018741171922960875,0.04681738642616579
f62641a076566411,摆摊算命，开局被授罪恶克星锦旗,0,-0.0354995532174302,0.06984287008232411
1a23c8e7fe60c8d2,摆烂世子，我写百朝皇后入胭脂评,1,0.08454501944586124,0.018941644374000307
203f6303d456d3c3,摆烂五百年，圣女要我滚下山！,0,0.00576585225430104,-0.002248927190504881
f7e877c8fc06c57f,摆烂反派心声被偷听，女主崩溃了,1,0.11219059969325795,-0.043245300528704234
41576600c26a2b2e,摆烂太狠，我被师门卖给女帝联姻,3,0.04127804466655649,-0.0243524944142474
fd45801589984bef,摆烂影帝在娃综爆火，女友粉疯了,0,0.017137135026853323,0.010977720922660038
76377bc0b1941d54,摊上清冷仙子师尊怎么办？,3,0.020724193055133067,-0.053211508138452365
72417429d4a2c021,摊牌了！我就是骸骨大帝的领主,0,-0.003604274856063072,0.03518911112584119
25e8ce755001124f,撩婚,1,0.08794606722715226,-0.012150931835496329
7b203d086a778206,撩欲！暗甜！穿成病娇的黑月光！,7,-0.10877151560088705,-0.0482983101129789
e1a9b8a360ae9a99,撩爆！阴郁病娇哭着求乖宝疼疼他,6,-0.0970976220978863,-0.026854279108457543
f97be2d0298020d8,撩错大佬后，她成京圈第一夫人了,6,-0.09211582435658999,0.03842659276839093
d16355be280e4991,支付999，成为女神的共享男友,1,0.10784718001075144,-0.01997610129929081
c69f8072383fab50,支柱计划,0,0.005728539415888023,0.006655345008347031
5bc38047a8d0e0e9,收手吧鹰酱，外面全是华夏歼星舰,1,0.060731140318848076,-0.008707851382735471
710a8fddab5f9892,改变，成为不可能的自己,1,0.07919651576950804,-0.09995807360786982
cbeddb73799d20db,改嫁疯批太子爷，旗袍美人艳翻京圈,3,0.05730958875529224,-0.0032194097476335773
efe1e12f942642a3,攻略失败：给古人直播当今盛世,0,-0.0019598925486575824,0.04132593093191448
8bec35c36f4248c4,攻略最强打野的成功率是百分之百,3,-0.004221361424052605,-0.00920740109879074
f68a8f003b0901f3,放下校花后，被超可爱小女友倒追,0,-0.016167988563293212,0.05279884528930048
535ba5ca3e87183e,放弃表白后，校花哭着求我舔,1,0.1124280832784631,-0.02341771506760265
21a052f81a689817,救世主：超人,0,0.011976439406497952,0.04657133397772001
7d4af582bc60f990,救世游戏：我玩游戏拯救世界,0,0.0012840358976590194,0.04041071172888928
78e1791f2f23ed58,救世的意愿,3,-0.00623250462701197,0.006613910736286461
bf412c21fc543725,救命啊！我被病娇女友缠上了,3,0.03930895118942457,-0.010863116554254794
582dc899be79780c,救命！不小心撩到主神怎么办？！,0,8.693070855159135e-06,0.009638301156057459
2ba4165628c166da,救命！住在我家的美少女疯狂白给,6,-0.01178213525833488,0.0175593055596257
0506f345007ad8e4,救命！冲喜老公竟是我教授！,1,0.06897407637281372,-0.00800346543605062
893124f8f95a4a39,救命！女装被老板发现了肿么破,3,0.025883071879801434,-0.06717184163573556
d2fa611c08114714,救命！我的千金女友有亿点点霸道,1,0.07759601819458417,-0.044692077403780756
2a863af26de283d7,救命！暴戾魔君每天粘着他要哄睡,1,0.0750166272804319,-0.005305469832689008
ebc08d3b73dbea3b,救命！残疾兵王要被异能俏媳撩疯,1,0.09116929495303983,0.009205651539530001
3302f1815d59bc65,救命！男主他非我不可了！,0,-0.019661911605855287,0.08982927543558096
7d6d634b5562e210,救命！病娇反派喜欢我怎么办,7,-0.11420781302906463,-0.07752850242863553
e399b921afd42e1c,救命！直播被疯批大佬撩到失控！,3,0.053352708790413206,0.005515768201813804
1790f8992aac4f90,救命！穿成反派暴君和妖妃的崽了,3,0.008447982099263673,-0.014623188277596427
c80b6eaff4815c0b,救命！美人宿主摆烂要当恋爱脑了,0,0.03764287325561022,0.01772301232374963
80b61648b8afcbdc,救命！这个救世主太老六！,0,0.024357332870221682,0.004488023781382687
daa6599d5e32e066,救命！这只诡异萝莉想囚禁我,6,-0.11377440544857542,-0.021601734690222585
7397de9e3d6f4dee,救命，被萝莉女仆追杀怎么办,3,0.004770772592694539,-0.02009205926385916
1f2f1c8af284a6d1,救命，身边女人都是病娇,7,-0.05395163473172604,-0.07551161558447345
61d400254eb7e346,救赎！阴郁病娇少爷的娇软小甜甜,6,-0.05298590602044656,-0.04593655248155899
4c843a26ddba6766,教父,0,-0.04675853161431026,0.0744815939785057
e9b5d6c8467f924b,教皇大人，不要啊！,3,0.057540687021500614,-0.023019438763554282
d70953a27a8e41eb,敢网暴我？我可是邪修啊！,0,-0.041094343023567736,0.08273439106445775
3f3943c292ec05de,数学思维法训练,1,0.11873486876457018,0.0018360882930193497
058d316238ff21ee,文娱：刚分手就和女明星进了酒店,3,0.04545579797427246,-0.05515814416874381
3cfb4a7e6dc0a059,文娱：我的女友竟然是偶像歌手,3,0.040695267525391654,-0.04103613359484718
03c8b0ccd1d1f3ae,文明模拟：迷失舰队,1,0.14453618206592567,-0.018425590963981033
d080d59de88a1991,文茜的卷王之路,0,0.023057067856581126,0.04482946596916334
918fc379a24f6c9f,斗罗之心梓所向,3,0.011174526398217255,-0.019848518750772315
c95133d78383643e,斗罗大陆之千机百炼,1,0.09434532554238662,-0.017272682025979973
12df2f6d7f4ff8c1,斗龙：我是百诺师兄,0,0.00937543146953379,0.08934663673323655
39d2eb91b0de75f0,斗龙：穿成宝贝龙，打爆反派,0,0.009190870254992323,0.05808421300001639
78b14474d4ae6a43,斩妖除魔？贫僧只想还俗,1,0.15447526038352,-0.04893589740090182
9c796611a37746b4,斩神：我在地狱挥刀十亿次,6,-0.05172828189651296,0.05937969123454295
b642527e9e01f524,斩野,1,0.06938917590978255,-0.0033330352342336033
42c8074ee23ebb00,斩鬼者的卡牌游戏,0,-0.010587465840007027,0.061351712171574625
3391d7c663506c09,斩龙天师：我身怀奇门遁甲术,3,0.027155543789726955,0.0029825871403618485
79e29a43a24598e1,斯克雷提尔之无明行者,3,0.0037461080255888346,-0.01274520044365485
c452b514290656ea,新婚夜：我和病娇王爷一起逃婚,3,0.016153975046996116,-0.001455784335024688
659c422a9d09d722,新警入职：开局你就抓了个通缉犯,0,0.01265803473124627,0.023401293712752153
d791144fc6ddae7c,新还珠之十全十美,2,-0.33469464615438627,-0.2365925658666857
8a66e2d6209667b2,新还珠之改写,5,-0.2012334263630407,-0.1267608259165307
a354aec0b5989912,新还珠之明月逐人来,0,0.06618145319298852,0.03208901262156254
28d41e6a7ef3282d,新还珠之永燕翩翩飞,0,0.04062860662090084,0.02878315583707504
6b2e36fbd07122a6,新还珠之永爱相随,3,0.04273437694538218,-0.02357654737053481
c01e5d9f1376436a,新还珠之燕儿飞啊飞,0,-0.005058897798450146,0.09068312640732634
00f494ae9500237a,新还珠之燕子欣荣灵魂互换,0,0.0021499460371964263,0.03512062690542226
f0957a5be522f5b0,新还珠格格三部曲改编,1,0.07870224842506812,-0.02882229879313158
83c8c75d3f4455ab,新还珠格格之云开雾散,1,0.08225145584603588,0.005271778605122965
9a239ef8e2090b78,新还珠格格之人儿何处归,5,-0.25422748688976626,-0.06275540776568515
e4c21670f3c30d3f,新还珠格格之人儿归家,1,0.10171039699558371,-0.030026603167742024
b666d532711d74ac,新还珠格格之仙燕入凡间,2,-0.5083176884391004,-0.2596086900472804
cf4819806ca315b0,新还珠格格之医妃走天下,4,-0.09129713484235996,0.10154271006965249
f55c20af3ab7c035,新还珠格格之后起之秀,1,0.18933567638574855,-0.025217516391905302
c2b75810b1da7299,新还珠格格之大团圆,7,-0.10140001153968897,-0.046884743965575855
8b4ad02403692ba1,新还珠格格之永燕后续,6,-0.11338158251411967,0.019857649289589607
75fd776242c2f327,新还珠格格之永燕篇,1,0.07690859606135869,-0.006003821138138018
503bbd502a75af47,新还珠格格之永燕重来,1,0.08814485452990906,0.005333146688010859
bdcd4ba6cde70131,新还珠格格之浮生若梦,7,-0.12195678257314396,-0.08454769974363857
6e94596187477a56,新还珠格格之灵魂互换,7,-0.11926271607268196,-0.10527332855266229
b00ad5c89c3be746,新还珠格格之琪燕,2,-0.5328832990642318,-0.40497215047640145
412eb3506c78cc04,新还珠格格之琪燕飞呀飞,3,0.013192953891343562,-0.0655488740705825
b738f66b67c6dc84,新还珠格格之紫燕双双飞,7,-0.11290420165272486,-0.09076182844903523
cab5e0038d76fbb0,新还珠格格之紫燕喜相逢,3,0.014470274011793571,0.0002930305589223959
1e30dc3ab7129e33,新还珠格格永世相伴此生不悔,5,-0.20236929810324933,0.03309653245196715
c53d546c5a6ca127,新还珠格格眼前人是心上人,1,0.08198122546304831,-0.015202396263471411
5f4a05e2436b3e68,新还珠格格续,0,0.0432733543069852,0.04006315560032061
3e09168901860697,新还珠格格续主永燕,0,-0.027756105295678957,0.057175605987840376
ef827fb340604e31,新还珠：娇娇的日常,1,0.0893968190809925,-0.007947581039622353
94f6ff1b87c7d67b,无人末世，我带着玩家杀疯了！,3,0.04786282775251005,-0.020481256235553122
5e18c29032ae9f54,无双诗圣,7,-0.01423574436742786,-0.0976853539831666
1071c432e32b5ad6,无尽次元交流群,1,0.06368636031837038,-0.01391148959913167
32a2f90aa2fbd04c,无念者,0,0.016442721610768873,0.044688557438381384
c07ed7a1f5be3aca,无性神明的治愈直播间,4,-0.17943786904310122,0.19739019930297852
7db4ef0722dabf00,无所谓，我娘子会出手,3,0.020112814203155027,0.0055369584828931185
668b8fe459e9ea8a,无敌之后，我失去了目标,6,-0.04748041054841817,0.03245694295212122
511f48ce950e7695,无敌从东京开始,3,0.036708610364335814,-0.03596052927926893
88c39c74bf82989f,无敌动物园：超凡动物全都是戏精,3,-0.0068209947910427005,-0.0611063703377714
5c4ea3050c7c6b76,无敌宗主：开局魅魔弟子伤痕累累,3,0.016796758916265198,-0.016581319893871366
b4f937174dac4fda,无敌昏君，开局疯狂选妃,0,-0.048353052757061865,0.08256354831972021
c5e46ba6c76309c6,无敌的我被萝莉师尊缠上了,6,-0.036301192529557436,0.08253888282887653
d7a4ff487d821cb9,无良神明与不存在老婆的恋爱日常,4,-0.11841424783805726,0.09474638575732151
68d51931b531daf5,无言之症,4,-0.06487302927508831,0.09450595678864597
5da32a3fc6e4a01a,无限之大比兜传奇,0,0.07543291881145553,0.04007759627696181
d24a5730c9b96f0e,无限影分身，找到本尊算我输！,0,0.0006137639415983998,0.03958380913653912
a2d24dc82792de84,无限挑战游戏,1,0.08891368699158897,-0.04375848007918873
77f444619a877403,无限掠夺：我的逆天身份有点多,3,0.0429773012599054,0.007450300945611155
6b3b3da8e667a85b,无限末世：每次签到超级外挂！,0,-0.03335227449178918,0.0786187500501555
9bb34d1c26ca49cc,无限模拟，轮回现世女帝跪地痛哭,0,-0.005285840913614059,0.07561883840067465
e4f1e0a2599b74a2,无限流：万千厉鬼爱上我,3,0.004210406989878845,-0.02404887287909296
e54db6af6d9a781a,无限流：大佬你软萌人设又崩了,1,0.10664124554182874,-0.024267855674861047
959ecb0364888a9d,无限流：娇气哭包被鬼怪们追着宠,3,-0.02350244656318956,-0.01859087016210716
5b7404e2be73085e,无限流：娇软万人迷诱捕计划,1,0.06585012159735348,-0.020206881509504983
15bd02db08944fc3,无限流：当神棍进入闯关世界,3,0.05531254175778977,-0.030083019818487152
29bfe6d5046f42ec,无限流：我坐拥亿万粉丝,6,-0.05855431917441295,0.08597368171436727
8204512ed005b67b,无限流：疯批邪神对我穷追不舍,3,0.05811002114916952,-0.06963387821160956
0e9af0890058d200,无限流：阴戾怪物怀里的娇软美人,0,0.028006735756901824,0.010965522128456813
09f807ce329a251a,无限游戏：我靠抽卡成团宠小锦鲤,3,0.04612806538881575,-0.004960468027604392
4c600197ef988c6d,无限火力，神明我也杀给你看！,4,-0.11563321528454035,0.06985976108128165
154d3e8f376554ee,无限逃生：我在惊悚游戏里挣房费,1,0.0736659285863086,-0.060867486763081444
08e3cb0cf1130e6e,无限：成为信息的我只能手动开挂,3,0.060108537787468386,-3.4665859041033316e-05
2ea239eb504c1795,无限：月老来了,6,-0.05709990311580915,0.04064873532761329
9977abb7734bfe1e,无限：疯批美人被优雅病娇缠入骨,6,-0.06984330612161899,-0.025772699121816164
88fc86c2df43f70e,无限：骑砍大先知,1,0.12233340426387118,-0.016674769222239323
a34f8062cfe63f6e,日向家的万磁王,6,-0.028695883024709434,0.032141777603859986
43d4f9c7697987f2,日记曝光芙宁娜，震惊整个提瓦特,7,-0.14820167474537066,-0.2180660384519602
665841f60b6d5779,早通关了，你才拉我进怪谈,1,0.09157957471814604,-0.04853659354152083
22c39580190404d2,时不时吐血的我在柯南身边怎么活,6,-0.05584015492872335,-0.037676447658450206
85c6afb43ab563e7,时年,6,-0.062081133280622536,-0.01649406740979977
e7a9a6a4242664b2,昆虫记,1,0.10938665085733368,-0.02315361025345831
503a5cc486492c4d,明撩！暗诱！和顶流影帝恋综撒糖,6,-0.08401110369694237,0.03009542641267666
2f824485700dbc5c,明日之后：我有个末世生存系统,1,0.18778135881326774,-0.08213917904185682
ddaa93d0adb03557,明日方舟地狱难度的摆烂主义者,3,0.054932816839186605,-0.023038699856138763
f5ab1fe33757fcce,明日方舟里的带源石虫,3,0.003384665125242825,0.009193752238817916
1283b8ef34cb484c,明日方舟，成为企鹅物流的猫猫了,6,-0.07564469658236561,-0.016753817657258526
ff6a36c5ab66f9e4,明日方舟，来自道诡世界的我,4,-0.09130438208761754,0.11466399567124917
d411cfe056d8b3f0,明日方舟，罗德岛上的英桀,3,0.06004508284100507,-0.011521513669357244
e92579a11673d8ee,明日方舟：学医救不了泰拉,1,0.0811329566782627,-0.01592263507767381
76ea979d56548d61,明日方舟：溺于星空的血嗣,3,-0.013324972772905785,-0.05989420073256736
cf1b4e38b0a7d478,明朝那些事儿,1,0.10143037745135619,0.0005123288231344068
33ef3f5ed8286aff,明末：崇祯你先别登基容我诈个尸,1,0.06624163181497189,0.015458345187765399
69edc3ae57e45cca,昏君赐死，我杀敌成神你哭什么？,0,-0.007691547293806444,0.03847078550618881
a99cd24375a9bf8c,星星本就浪漫,3,0.03826911751597761,-0.059931227625592026
adec2edf250adca4,星河仙道,1,0.11942103868452913,-0.06100924046545765
a50abc86d600449e,星穹列车上的司书,7,-0.11002923020797123,-0.03439258858176893
16f1b922e48bde1e,星穹列车：但是英杰和律者都在,3,0.018637614400583757,0.003174437299473177
91faf8a4acab2df6,星穹铁道，剧情又崩了？,4,-0.1605045043677762,0.10823812848461398
f6a5afd74399fd1d,星穹铁道，我银狼包养流萤！,4,-0.1321696278536627,0.06240465931990329
6546015acd482ef7,星穹铁道：不要乌鸦嘴咒我！,6,-0.03327141712417625,-0.016945243443912968
a0e7a2d1efc6c11a,星穹铁道：从被卡芙卡领养开始,3,-0.028699062021968536,-0.04447160373008417
262c189fd647f07f,星穹铁道：凯文的开拓之旅,3,-0.03215636570307828,-0.0515496244144051
c9375f99cc14f711,星穹铁道：告白失败就能变强,1,0.11715806661461592,-0.06798004711706908
0064f4175943504a,星穹铁道：在下，仙舟元帅,3,0.040782008183027685,-0.013818858899258164
5dcf362cdc8b1e41,星穹铁道：家师镜流，房东符玄,0,-0.012198715775451896,0.029207973736727663
362dd28a165b0299,星穹铁道：岩王帝君的星河之旅,3,0.02430071628708308,-0.015765897514294056
4fbb9e532bfafc55,星穹铁道：带着花火去整活！,4,-0.06801097089114821,0.11018042074058806
450af3df156933f2,星穹铁道：带着银狼加入星核猎手,0,0.02263828932608125,0.009292297246880483
7336a34c05262ab9,星穹铁道：开局播放崩坏名场面,5,-0.19948395208464886,-0.11458413278078403
27808d97dff4204d,星穹铁道：开局生两娃震惊卡芙卡,3,0.040256237723460764,-0.011333817173953827
629f960ede7e390d,星穹铁道：开局表演太虚剑神,4,-0.18461922584808987,0.08791678615259542
6cd1df81ad77bd77,星穹铁道：开局被卡芙卡邀请,6,-0.09785595970520294,-0.028865682797059682
37e527040663ede4,星穹铁道：开局被虚空万藏认主,6,-0.022521608690141526,-0.009312302564481388
a36403f9012307c0,星穹铁道：我创世星神，加入群聊,3,0.03867570697228473,0.0034274231751467497
cd7c239784a64394,星穹铁道：我在仙舟当判官,1,0.08969743018507714,-0.04481215070768892
4b6f3a6f4fb362db,星穹铁道：我当丰饶令使那些年,0,0.07393032508099784,0.044973146473746436
98844d1182b6f5a1,星穹铁道：我是钟离，不是龙尊！,3,0.037985440018095895,-0.021621649957422256
fe4a802ab8de3122,星穹铁道：我景元！听劝就能变强,0,-0.006731537549253264,0.015621994886216444
70f2220f5126f056,星穹铁道：我真不是持明！,6,-0.041701273033514785,0.03990169670597004
2205137949fc40d1,星穹铁道：我编造未知，吓哭诸神,3,0.028239040980696628,-0.05366939007053212
fbcec95ba66fe85b,星穹铁道：我，苏羽！铁道组家禽,7,-0.042647244736145895,-0.08312661705058139
0a0667318b2d69e1,星穹铁道：手搓奇物强娶黑塔,3,0.03495238398322198,0.0027161286458944143
48e521005e85a838,星穹铁道：摸鱼剑圣被符玄包养,7,-0.09944993678759012,-0.0757893407803613
4270c7f59cb794b8,星穹铁道：星神？也能狙给你看！,0,-0.008871066042161868,0.05118109553991614
c1f50830169d988b,星穹铁道：星辰，为我掌中之物！,6,-0.04604146998868047,0.05691972808891394
9bc78bc9a6d57b4e,星穹铁道：欢愉座下第一令使,6,-0.030500427501214455,0.019619085185913144
0ea4be37fa774b1d,星穹铁道：活的久怎么你了,3,0.043527156230449005,-0.01601842486536442
939309df27b0ae3d,星穹铁道：流明,0,0.017088797966750557,0.0289245739301959
d9d246266854fc14,星穹铁道：识之律者的奇妙冒险,6,-0.01802419377176334,0.01321527984749173
6732ea77956ccdc1,星穹铁道：识宝的星河旅途,6,-0.02126423814407591,0.028413977371443504
cb8711709a192660,星穹铁道：谁教你这么写日记的？,3,0.03190916253688114,-0.0518334543760573
7eafdd1d64f29339,星穹铁道：贝洛伯格的大守护者,0,0.03497373971312201,0.04777386458000174
ed9846f2916efad0,星穹铁道：超级黑希儿,6,-0.021558630405539903,0.02365973093372562
9872ae273f180801,星穹铁道：转生之后变得太无敌了,3,-0.028813605052377733,-0.0557819878438167
75185dd7dd67c123,星穹铁道：银狼所至，金羊随行,0,0.023064555782743357,0.051806560973767235
def831fd41b8c97e,星穹：开局让黑塔抱憾终身,6,-0.03816543265450778,0.0030882379120529013
12c03e8cce665de9,星穹：我生命星神，开局奖励阮梅,1,0.07432972081474243,0.012924431428300583
6e5244d4304ce99a,星空坠落时,6,-0.04664655142092633,0.029516775852995544
c05472938b27026e,星空杀机：无限模拟人生,1,0.18044396382933292,-0.0393850029379525
6ac4e6e133ec686f,星联不过如此啊,3,0.0008041347246394714,-0.0012217797771527606
9a8d83058081e0b7,星舰流浪文明,3,0.03298395465902815,-0.02598424856907991
72b53f9f422a9785,星铁，我用寰宇支配之剑剑指星神,1,0.08644221470838953,-0.011803095183144385
11608bc7630c5d7a,星铁：从击败镜流开始成为星神,3,0.015135160304776574,-0.03411795515561014
6c1ab1172d0e758e,星铁：偷吃银狼快餐被当场逮住,1,0.09226178558898412,-0.024859853807021298
61a7727a9d242e6b,星铁：开局三月七捡到一名司书,6,-0.089411673578915,0.057631515988410535
686e8a723584ca9d,星铁：杨先生，我想其中有些误会,4,-0.15867452005231908,0.10111980382055107
396533dcf6321541,星铁：模拟中的她们也是玩家？,3,0.02002987365680442,-0.03940661917210939
6e4ee9931f7535a4,星铁：重生成猫被符玄偷听心声,4,-0.12529589238654842,0.18489761565742363
588a65e3fe7f3c90,星际世界：重生变猪猪,6,-0.06660252656888993,0.0762727899118145
dce23833aceb9b65,星际之女野心家她身娇体弱,1,0.10115756050037938,-0.005005574182025779
e2b263c3a59b3435,星际之小向导她天天想摆烂,3,0.008818317340251958,-0.058451798305118575
227e9c4f79c86af1,星际修仙：军校万人迷只想做咸鱼,6,-0.1599932038965169,0.017342272986129937
762a0531aad56da0,星际手游反馈战舰？我氪出百万舰,3,0.061296413694553076,-0.07739882200933755
553e18826a864590,星际甜宠：我的饲养员都是恋爱脑,0,0.02300340217810226,0.020673445487610378
0bef33434cc894b5,星际直播：帝国崽崽第一甜,3,0.010093984802814981,-0.0454345858385079
98f9f53f7a247db6,星际重生：在残疾上将怀里使劲撩,4,-0.1689538319445738,0.037228422598363696
32d5818b7b273630,春心乱,1,0.08112056274562796,-0.032745282727048054
8a0a0648c2ed7ca9,春日烈阳,3,0.05727833513868663,-0.015418895080145073
5a7ada3e5fb8d59a,春日艳火,5,-0.217776637643669,0.04048723194976385
e9a07648c23ce6ec,春欲,3,0.029183503288465973,-0.0009061594078722626
c272765922eaa1b8,春闺娇啼,1,0.0805393482332295,0.012111248113739122
c4925daee7e115a8,是你要分手的，我走了你又哭啥？,0,0.026706546842872547,0.03239491633068219
cccb7e04ce336c0f,晚星予你,6,-0.060443993726225276,0.0689228356504326
babf0bd476c281f3,普女也可以是万人迷,7,-0.057766866030798614,-0.06880655415644195
5656779e1ada76a9,普通心理学,7,-0.15676611077170344,-0.20404841428255469
3d60eada1fd51b4e,智爷重生，莎莉娜成世界天后！,1,0.08108263748379496,0.01596519304009757
1064aec0edf7aa8b,智者不入爱河，女配缺了大德,4,-0.09493942610065981,0.09070116165733136
c69f743427851a6f,暗堕清光的生命之旅,7,-0.08285160415341297,-0.10130902811290392
f90b0378c9db1dec,暗恋这件难过的小事,6,-0.022585256090950523,0.01219258818498712
37a3814ca77a9708,暗恋这场声势浩大的哑剧,4,-0.09533713179949349,0.14451834356849314
efaee166d50998b0,暗网,6,-0.03586268090359984,-0.04078555669939774
0ee11c86336c9754,暗黑界传奇,3,0.021165137780761678,-0.03456508697280833
b44fd3a8f99f8b21,暗龙之天下无双,6,-0.03607876273421351,0.02557455049790414
55212460408bbc14,暴君一家读我心声后，将我团宠了,0,-0.014559789143930912,0.0665362860973573
87b635c8069edeaa,暴君家的小奶团她恃宠而骄,6,-0.07726378914847382,0.05434179149203012
7c89026f31b491b8,暴君的小妖精又撩又野,5,-0.16090990057242427,0.005371942645375697
d34bb98bea496af5,暴富！从发疯驯化残疾王爷开始！,4,-0.15814254579986892,0.03750630014907094
0beb1003ac93a8a9,暴戾太子在我怀里喵喵喵,7,-0.12411168763448405,-0.0349768713669767
f9f2fbb5bf2c4b0c,替嫁狂妃：误惹病娇魔帝,3,0.04558168700939036,-0.07513232611388992
28634eff2f44b6c2,替身十年！今离去，她却追悔莫及,0,0.0030449128838040407,0.01989533931875495
3cd14d700c19d494,替身女配能读心！大佬全员黑化了,1,0.11975780108205014,-0.026338411041108706
d1dc054e3df48876,替身暗卫以下犯上,1,0.0973220689330947,-0.018578349175310947
1894c5ebc1afa14a,最后一个钟馗传人,3,0.020495372025431835,-0.013718042451132867
62bc4c591073d80d,最弱天赋？你可曾听闻真数千手？,6,-0.05830095919038314,0.03129738788747754
60b4dc36f84ee294,最强反派的我需要妹妹拯救吗？,6,-0.0457334762844947,0.06299282369908779
2235d2d82aba6855,最强天赋，代价是变身粉毛萝莉,1,0.06541586071894046,0.01203536566905188
a632a09f62f0521a,最强夫人：团宠她是满级大佬,0,-0.02683130952619589,0.03519026413508655
94be1d0046886e6e,最强学霸系统,0,0.0024148488564768034,0.014201720086863764
d9b05beb3a35e7c1,最强狂兵,0,0.02510162561313778,0.022700613547495287
08708dd7c48137be,最强班主任，竟是体育老师！,1,0.09534342906247273,0.023315375618222698
8899c6d998d22312,最强网红：胖妹逆袭万人迷,0,0.00255038225607096,0.04928327265108265
f1575bf5d084724d,月下红烟令,6,-0.06437379183018443,0.020273210410931816
8de9ae7e6c427408,月光热吻,3,0.06492457524912087,-0.027556356140884797
57c9d7117f976ef3,月入骨,1,0.08697583482216298,0.00910452987351849
94d30fbe92517e59,月的回归线,0,0.03090159944292481,0.010967514443972213
5660c2e52209abc0,月色在她身后低垂,3,0.05449473552950279,-0.05296178531882465
b73f9192f43abecb,有个剑客,0,0.026020203664233743,0.02062798465723282
715393d14ca32c59,有个病娇男友是怎样的体验,3,0.010908859191536724,-0.061766126282306585
32fcfa6f3f3139d8,有没有一种可能魔族公主是个男人,0,0.048626337141184806,0.032450791695539355
f959eed9304a7842,有病吧？青梅校花绑着我亲！,4,-0.050166788658698114,0.09872819226557857
dc7d966e999e940e,有那么多前女友，我真的是被迫的,1,0.06939617301860845,-0.04476368844763276
2eb56768fe39a84d,朋友借车不还，我转手送他吃牢饭,1,0.08705784024832075,0.015399423327621217
77399de50ce2c2bf,朕不想当狗血文男主！,6,-0.05484270378936218,-0.022670200556237582
11733b7cc5c9b320,朕心爱的丑姑娘，请多指教,5,-0.16925678123324228,-0.010876379037449261
8b5fc591b811841b,朝廷鹰犬？没挨过六扇门的刀,3,0.06096745512641388,-0.01777604905699446
638ab63fa9f6a5e0,木叶的疯狂戴夫,5,-0.2715838641641928,0.025133846051314992
ef6a44cf7777b1c4,木叶，开局傍上卡卡西大腿,6,-0.039096062265742915,0.04022277625716185
dabb0d7007f91558,木子的北宋生活,5,-0.3076914602013825,-0.11656761074906993
df157cc7b59418bc,木系只配辅助？我直接顶上化佛！,0,0.016154476329456657,0.07067306310023119
764b3916647327d5,未婚妻变废柴？谁告诉你我要退婚,1,0.07787953769689293,-0.02583980672034617
b2ee960009c1bfe5,未来的我死后，送来一个老婆,6,-0.061047375644293356,0.03787504318318425
027241507e19cbbe,末世万物进化：开局豢养数万猛虎,5,-0.2582620099436236,-0.1057857759788338
ef24c1186417bce5,末世之我变成了一只猫？？,0,-0.008390023943727787,0.029377267787227872
bdffca3f35b90d21,末世之源启之神,0,0.04161584821410713,0.023134687078357034
452a1fec592a6d8a,末世从核污排海开始,1,0.1577185165285122,-0.047847875851855896
e42fec62a48ec847,末世兵王觉醒无限空间囤千亿军火,5,-0.2146364224953744,-0.24081649035953226
2455cb63229d2698,末世反派：从截胡校花女主开始,5,-0.3426410956283621,0.03524065533953929
cd391f41e96bd42d,末世反派：找我借钱囤货？滚蛋！,4,-0.04563955339474729,0.09796635119999314
7988a5ba7c12c280,末世后我成了一个召唤师,6,-0.04239776445695126,0.06121239144952208
41693742e7442748,末世咸鱼农场,3,0.06628761432530605,-0.041958556800413216
f6c331af0517c854,末世囤物，我要通关这末世,0,-0.01855530754165874,0.04931944775988803
12c5aee71ad10d9e,末世囤货：携亿万物资只想当咸鱼,6,-0.15593701248455283,0.0074455767494107546
278d53985278b0eb,末世大佬甜宠七零清冷小知青,7,-0.06925397236066144,-0.0393293263941429
6d736aa1ddca8974,末世大反派我的通天塔只收女性,1,0.09997971558070207,-0.013760576894837107
7008b93574e5ffa6,末世天灾：零元购后直接躺赢,1,0.1248870072939764,-0.03198202351458099
bac8ae7883b3818b,末世女高,3,0.05621391808450449,-0.037177229245942967
67e019700939bb74,末世小趴菜，男友带我嘎嘎乱杀！,4,-0.11887011299123357,0.09843016186751304
214760b9e3d36eb1,末世开店，店主很强却过分低调,3,-0.012042646592640038,-0.0301524004729227
38d8a69611324788,末世强撩，在哥哥怀里撒个娇,6,-0.0839116881631552,0.0592072424575528
043e3a2cad2b0bab,末世来临，我跟着主角混！,0,0.00141009164385264,0.0669990290470077
de465dbadd8aa40b,末世来临：系统逼我当包租婆,3,0.05380871041685009,-0.0010494715570275042
7a845bcdd76b7133,末世来了无所谓，我妈会出手,1,0.12348753499119469,-0.05098370928758096
756e230a01e13d54,末世枭雄，我边女神多亿点怎么了,3,0.03696313791917827,-0.01996542108997062
81dc158f2ba031f8,末世求生：我能升华万物,0,-0.007333169427893416,0.020791807062391705
bbf2ecef3f95862b,末世求生：我能看到隐藏提示,1,0.07980318561042599,-0.01683099281779322
f966241a7708a964,末世渣滓,0,0.008104879905866502,0.04728206299205691
a3c828b7bdd01eea,末世游戏GM，开局报复校花女神,0,0.05214620964233907,0.020196390476690085
df3258de9b05e502,末世游戏降临，我黑成游戏管理员,6,-0.056965879287993904,0.06151608077716712
3dfc5749f1dcfbdf,末世绝宠：娇娇一重生遗憾变纯爱,3,0.008991044958989836,-0.08907397577310452
b05e771a7170c5c5,末世行，代号：文明之光,6,-0.05004155526808984,0.049246764389826496
8fdbe207134e2d65,末世重生之只为遇见你,2,-0.3587153114952796,-0.20672779415712628
b3bfd6f156d101af,末世重生后捡个病娇，人都赢麻了,0,-0.03467326958247585,0.10217534197836368
6398e47def6a319d,末世重生，开局捡到萝莉古神,6,-0.07613772039089761,-0.021619570194941214
187f375a271fd315,末世重生：偏执大佬的囤货小娇夫,1,0.07770286932077997,-0.0058581272197930825
db6ecb1136142c38,末世重生：囤货三十亿，坐等通关,3,0.03793516289083343,0.0015784627393755262
cf746876500aecd2,末世重生：大佬从百万囤货开始,4,-0.08059440198789186,0.0734491799700648
6a9cfb131f73b05b,末世降临不要慌，先囤粮食后囤枪,6,-0.06718945101056334,-0.019419783092724265
08f2dc0770af5bc4,末世降临：全球断电,0,-0.01584243336509883,0.04704192706818594
e608594bafdbeb92,末世降临：我是血族魔物公主,0,0.01323970136503494,0.0204655840833115
ae955ba54a9aa30e,末世集灵人,3,-0.0014070662639431575,-0.06076821987689085
7c654f1540ac1923,末世，我抽奖神级旅行青蛙团,7,-0.036632242360053746,-0.05975767109533735
f50d30e99d9ff3fc,末世，掌控进化商店，成为流浪商,3,0.03522548821446081,-0.054201971817470496
75ad3e79d96210d3,末世：变成体弱萝莉的我,4,-0.09588507823454612,0.09589666972232887
73a5433817aa4b88,末世：吃软饭后，我赢麻了！,7,-0.12311765613472075,-0.022589286979029063
6ba9b17037c3db0b,末世：复兴人类？多子多福自己生,1,0.15011330856777094,-0.015871284330401147
8c2aabeab907356b,末世：多子多福，从高冷班花开始,0,-0.03507668524487445,0.09696001104153987
a1c6a3b79d82d3a0,末世：奴隶系统，从扬蜜开始,3,0.07125467441618472,-0.011412286814193269
eb701d446e683245,末世：姑娘莫慌，我物资够用百年,3,0.06374934620576267,-0.02286042662321749
1776face9faf73b4,末世：开局先囤十亿物资,1,0.16003811057717265,-0.0488630125099524
46d2c478f93d7b60,末世：开枝散叶，从校花同居开始,5,-0.2759958196663652,0.012628784028908355
5cd3aac1e57b886e,末世：我囤个战略储备库不过分吧,4,-0.077287114206602,0.09069133180419932
b17d2442cbed25d1,末世：无限物资，女神都想住我家,0,0.043898902455965505,0.02449209329554646
61c63a9caa8f5f97,末世：目标三千女神军,3,0.053581216121981745,0.0004339948332486975
e7ca04d1dfc3f729,末世：神话复苏，开局收大凶穷奇,6,-0.044537608595923484,0.0016799826527943429
ada237e3b5d69923,末世：获得人口复兴系统,3,0.014076177355096142,-0.013570817412110397
8ce9ef8a1014b9ad,末世：重生的我，与国同休,4,-0.15640959647397268,0.10525854132422675
c1595c00f938812c,末世：顶级杀手的我变成了萝莉,3,-0.014171240731918833,-0.038461797991526624
e87a9a6f14bfad45,末世？但我军品佬！,1,0.12459165145206896,-0.045475663874608815
c0faf27a58057218,末日中的现代化强国,5,-0.26676124631376996,-0.23546783874706884
24abf2a7c672bdf3,末日全球海洋，勒索校花百万物资,1,0.09702772186430997,-0.012135379561456104
a7814ad9e3349c82,末日将临，我已模拟无敌！,0,0.007391541887986963,0.022792593095288277
2c0e173cc62ee2e2,末日求生：我在末世开店变强,0,0.018287046033705123,0.06223244016729269
d08b6cdff9c038f2,末日游戏：开局手刃校花女友,7,-0.04826299834882547,-0.0887369548144652
491ac6319cea0e83,末日萌行,5,-0.1905314439834057,-0.019272249800287182
78f0391b364ebbd9,末日诡异网游：我开局征服鬼女皇,3,0.05557343505824308,-0.14364218748791227
c51c5cb481bff59b,末日降临：女神校花求我杀了她,0,0.0025619784428775327,0.08964811670723391
e374d3472cb672a4,末日，我契约了顶级强者,0,-0.012605346265448347,0.02684821945136632
f7634c8a83a1ab0b,末日：变身女友闺蜜，杀疯了,1,0.11428526111295811,-0.03229534192529499
2709926a6f53c7fc,末日：喜欢囤物资？拿来吧你,3,0.04107093289154384,-0.07304552820500713
e8d0d1bb32e1cc3a,末日：开局在丧尸宿舍楼极限求生,3,0.05044829604705714,-0.048097995029376124
0cabbd380654c598,末日：我带着女神校花环游世界,3,0.04801220833884334,0.003672266110876622
faf22384ab296c5a,末日：我的轮盘比别人高一级,0,-0.02866844004980207,0.05654263368303144
404c507f17997384,末日：我真不是土匪,0,-0.01854358130967665,0.016003984563464056
2637c1061b18e072,末日：财阀太子，开局反派巅峰！,4,-0.11284139652048375,0.08452168301308624
00b951d9ae7fcea6,本尊苟到无敌，无限分身制霸仙界,4,-0.12533636532178266,0.13571355819064085
5fcec5adf599432b,本王这袖，断的彻底,2,-0.3527644271053456,-0.17679269951348664
fac038a0c3aaa46e,机甲过时？开局打造暴风赤红！,6,-0.0404898058432559,0.07419644092863235
d1c4484a959881a0,杀了我之后，仙子师父疯了！,6,-0.02525091555579595,-0.0019861662009855526
e4acb68daf833af9,杀人规则？我来，我破解，我收容,0,-0.016106097865855484,0.07096942978228293
8d48b56b4a038038,杀怪永久加属性，阁下如何应对？,1,0.06736064344867332,0.01684714618870914
ffc772738cca4b2b,杀手重生指南,6,-0.06624424493124337,-0.032431788439775816
740322a9a4b56fa3,杀穿副本后，我在规则里养大邪神,0,0.010602928156612679,0.03545680606100279
85d2d9bb90afc616,权倾万界：在黑心美人撩宠中沉沦,0,-0.0071720296467571165,0.038198860870626156
54f540fe6e8413a2,来到提瓦特的我火爆三次论坛,0,0.021758948778401677,0.008947601853793183
ed88a5c10c8955f3,来到明日方舟的悲惨生活,3,0.0148408877317866,-0.012952629445909044
b26ca869332b1d0d,来自游戏世界的火系法爷,1,0.0851627107333498,-0.02441332160720863
3ca9da53c9914de7,极品皇帝爷,7,-0.1500992976847062,-0.06707173480648142
a3f8fc1b00106ac6,极寒末世：我用聚宝盆囤亿万物资,0,-0.01509018184791805,0.052867474937510796
1baa75fb7cad4285,极致宠溺，她被坏师兄抱回了家,6,-0.1017140395667831,0.02701009364494685
491eca6fdbd008d0,极限撩惹！邵爷的白月光又疯又野,6,-0.04111319897437615,0.007691631047046864
4e888ace19369ce5,枕边热恋,0,0.03773026386205214,0.024648921178737168
51daf61b78586a85,果宝特攻之三果乱世,4,-0.06528525042786348,0.13329825133187953
b24af9544e08c0dc,果宝特攻：我成了上官子怡的哥哥,4,-0.05989866323949938,0.12834746659436316
da068392839b3f93,枭雄渣爹再娶后，我带亲娘去逃荒,1,0.09936480598707165,-0.036911694718441
59093a8a8b1604dd,某科学的定数偏移,0,0.017517610365237912,0.02711539763277915
1270485df8cee8fb,某科学的时空特使,3,0.018485976125653614,-0.050037963891837144
9aadee0813832ade,柔软,3,0.03985248729193691,0.006363233237960434
b260e51264aed50e,柯南之动漫模拟器,3,0.024747432129828772,-0.007138944678102535
4b15a8164ba94a6a,柯南之对不起琴酒，我也是卧底,1,0.11192851527409842,-0.015773408310132093
95f189bb72b26a91,柯南之我只是个普通的怪盗,6,-0.034952831287898944,-0.0028102401379696755
07ffde3ac7e84c82,柯南之落地满声望,3,0.03669892183699397,-0.026586626351621373
32b6626e897ca8cd,柯南之超能力大魔王,0,-0.018956527847000026,0.06989032520757323
c4f3d86a29d339df,柯南里的自由人,6,-0.041560297571847704,0.015159193563080415
520dd3b6996de1f8,柯南：和小哀秀恩爱就能变强,6,-0.0760085496134782,-0.009865438881705128
4618cbc286769873,柯南：在酒厂当一个疯批二五仔,1,0.08252380089881006,0.004930593768491914
dea62aefdd6bc680,柯南：开局成为智慧之神,0,-0.004970874182258833,0.023808887270717078
f144dc1ae28bf004,柯南：开局捡到小哀怎么办？,6,-0.05880679231888264,-0.026792746166380263
abba56ea2ee2072e,柯南：我才不是万人迷,7,-0.13864613493803396,-0.049639440996821514
2ba741846112aa3a,柯南：我拐了那个傲娇的小哀同学,1,0.10315996253619741,-0.046692644681711845
e6044bd6ad6e04f0,柯南：我是道士，不是侦探,6,-0.06381521996088713,0.04411291047845979
0db7392a6baf596f,柯南：我有一个合成台,3,0.04935584096730794,-0.035966208889670954
f58b97b495eb321a,柯南：我真的只想和灰原哀谈恋爱,6,-0.05856358905768577,-0.02876572228625163
bb9acfb5936ff184,柯南：我要成为灰原哀的青梅竹马,1,0.0718198277786477,-0.00924691653659131
be27fc3fb96693b7,柯南：捡到小哀，我真的不是变态,0,0.014756777771935736,0.04541862620607683
b66f96d08cf4537b,柯南：武力之上，皆为真理！,6,-0.09792648640292262,-0.014736956401394701
4a7af8175a0c185d,柯南：猫猫和酒厂不得不说的故事,3,0.037953410952517475,0.002701246315206672
66b96ef3ce9b651d,柯南：琴酒你想不想和我学犯罪啊,6,-0.06907787500515283,-0.007021865690274503
2ada23425e0dd424,柯南：系统把我变成猫后炸了,6,-0.021958979371471232,-0.006267503153345816
758b60084dc3ee6b,柯南：跟灰原哀一起上学的日子,4,-0.13613422033298606,0.2016637891667515
ae2136cadf2f75bd,柯南：这杯雪莉酒有点上头,7,-0.05469777004227938,-0.08614903209811696
1df3840be8313c9c,柯哀党穿越进柯南世界,4,-0.11542775603095623,0.08156476104860146
fcfc1bcdec29b9d1,柯哀末日文：弱肉强食,6,-0.013428257352571416,0.0020258993711631664
16481c19b6074378,柯哀校园录,6,-0.13154804296349137,0.0013541154750993942
2743f948d0c0db43,柯哀：人在游乐园开局给琴酒喂药,6,-0.02997565818179132,0.03316463318562992
fa0b19c9fdb7fc25,柯学世界不科学,3,0.027924569825846346,-0.052323062640818326
2c1c73b9bb7e5433,柯学世界生存手册,3,-0.031585617540626665,-0.04145817034578138
d797a47168949677,柯学世界的我每天都想躺平,0,-0.01099402718943987,0.05298611478177866
8ed1189fb0313d92,柯学之宫野小姐与我二三事,3,-0.006038442031095048,-0.00240493104765449
184d45d697ef68c5,柯学：小小的愿望清单,4,-0.15380953954809307,0.10370596716657388
157c269cedb3efd2,柯学：开局变傻，小哀姐姐求抱抱,3,-0.014012531917097837,-0.044160864636886524
1dea6f4ff5b367c4,柯学：灰原小姐今天又想袭警？,1,0.07591553036466814,-0.065047715312304
67c5aea4102edb47,栀子藏毒,3,0.04216612281164578,-0.06764728510553134
4702a52efdeeedff,校园团宠：这个学妹甜炸了,3,0.054895690444592304,0.007122297613362253
7fa68dea340f3a40,校园王牌：大佬又在扮猪吃虎,0,0.0482539792008172,0.020051044681781205
c850749ad9ba7420,校园王牌：雇佣兵女王A炸了,5,-0.22474984585234448,-0.03544336753079012
28c97cea958b5b53,校花别傲娇了，我都要结婚了,6,-0.04659984489084007,-0.024933724042952604
3e33c5bc26481d1e,校花别哭了，我的深情你不配,3,0.03379176028125774,-0.05622460275732555
2d1897f58b98183d,校花女主别撩我，我是大反派啊！,6,-0.0366035955929388,0.013519645741907423
fefee2101bd89e19,校花女友背叛，激活鬼畜系统,0,-0.02708651281985086,0.11984338785192891
98441455ef616510,校花女神别脑补，我们双向暗恋了,0,0.01635236617829483,0.07465534675541342
3782d3a4b825e4eb,校花是我的合租室友,0,0.010420477038033171,0.0272620259292373
815fe0620ae4dfcf,校花的贴身高手,0,0.012821053348613387,0.030605846136205005
3046b64a5bddedc4,校花请自重：在下是个正经人,6,-0.07934067270300854,0.06138429045420975
012273e9188183cd,校草甜宠：学妹超呆萌,3,0.02890011896539002,-0.008079411905264162
c05139496798a055,校草的小青梅甜爆啦,4,-0.07701509719129884,0.08188060540957408
9ac5f8ad4d792cbf,校霸B变O后，撩得偏执A失控了,0,-0.000413356996559644,0.024390474802435613
b858669ab464489b,校霸小少爷alpha被攻略了,7,-0.12895346229653015,-0.052292063150896545
133370ea701e5c3f,校霸谈的恋爱甜爆啦,3,0.0245310033147369,-0.05663698861065518
16e3d1fe08b14a1b,栩栩若生,6,-0.105757084976847,0.03567523073415393
d372b63ec46bae5f,桂林古本伤寒杂病论,1,0.20620270988140543,-0.02609622921102086
e8082a56c98a14dd,桃花剑仙赐福：开局强吻高冷校花,1,0.06916042226274843,-0.028830055280943092
3b46bad12190e719,桑年有只鱼,4,-0.14623722803267153,0.040246852635542174
a64935feff08a0ab,桑式暗恋法则,6,-0.05410764701050508,0.06761241156207791
56554ff5dd3300ec,桥下轻生，却救了个犬系女友,2,-0.3803302220689373,-0.26292601664177717
dd58b9d42950872d,梅花易数,4,-0.212598843971947,0.17986181290099168
f6c5c4f11b973ff8,梦中证道，开局算计修仙者,0,0.04809759078895115,0.07615658831166644
212616f7c12d577e,梦回大秦：我成了公子扶苏,2,-0.46277462661229096,-0.28903031100471616
2ef9b970704a0905,梦幻西游：我以天启战天元,0,0.011481867947032542,0.0584302282652261
6c92402de55b8fc9,梦幻西游：我能看破一切,0,0.052333277284307256,0.02409456635846192
ec16e704246fb53e,梦见天灾：打工女孩的囤货日常,6,-0.07660868456998199,0.05164205576607473
cf2fbd81e3d7b755,梦里壁咚校花百次后，被校花反撩,1,0.10456057319391898,0.008351033137266635
4fd951513310feb3,梦魇游戏：这个狩猎者也太吓人了,6,-0.05394134904941322,0.053955431899691673
39b86d9fb517e3d5,棒打鸳鸯的恶人主母，重生摆烂了,6,-0.07003192149296994,0.05513650675734625
cf14b084233f0414,棠梨吻雪,0,-0.011547069182107184,0.0659958697165509
227b6977fa4c0d24,棺香美人,3,0.02004239973639743,-0.0076497136914983905
20201e891c005603,概念神，我只会规则类能力,4,-0.16871324241967156,0.08276079171565334
809925145b4964a7,模拟一千次，我有逃生游戏速通法,6,-0.06850245666620908,-0.007191092397357131
cb3ad2033e75902e,模拟人生：我掌控了因果律,1,0.08937694739499968,0.036515533066729174
11663976431ef013,模拟星铁：开局让阮梅抱憾终身,1,0.07819342618094605,-0.01241602545239365
854c982644b8bf57,模拟转生：修改命数我举世无敌,0,0.00651999569928674,0.04920396557831292
e7a207e989e298e4,横推游戏都市，我开启外挂自选,1,0.09167226610046086,-0.034213948518179924
b73550903b1066b4,横推诡怪，我是极道武圣,1,0.09398298064260358,-0.014974676890638468
3cf43c3b0b381ae4,欢迎来到实力至上主义的教室,4,-0.12729858192778964,0.15484812733206718
046e73f840d870ed,欢迎来到星辰公司,3,0.05563809235016326,-0.006172236109062703
95281aa16a87c051,欲念凡心,6,-0.14259809519001931,0.009625482905792437
f6738983f5b07093,欲撩！妖主为我裙下奴,3,-0.008233252288291026,-0.01826819063980883
90d8105010205523,欲罢不能：刷屏时代如何摆脱行为上瘾,7,-0.09784740783409146,-0.1582992841742711
4c8344c70a6344c3,正在逃亡路上,7,-0.03270105699452597,-0.12236419651398836
8542f805eef606bd,正经养崽四年后，豪门亲爹找上门,0,-0.016581289428386325,0.04091320151524462
e028464a9c7a6745,正经青蛇的进化日记,1,0.07933897049938621,-0.013879958153109304
545cd6a1b76d822b,正道潜龙,0,0.04159840076112076,0.060862972317114766
fdabac8c9159554b,此刻，全球进入精灵时代,4,-0.27377210059298906,0.2347343242067265
79831a7765968331,此刻，逆袭，从实习医生开始,1,0.11350940368471807,-0.02434642060910451
fa5c6eabae84158f,武圣：我成了天道的漏网之鱼,7,-0.031794228219473974,-0.08479610980035072
c69ce392a98b2cf9,武技特效拉满，我杀穿高武！,3,0.061516634205864396,-0.013842305757068414
300bb13186f4f4df,武碎星河,1,0.06564182240136784,-0.011403649244201097
32a3c8ea377295f9,歧路亡灵与银翼双星,4,-0.12798365751575713,0.08746150976585758
4069b6fc2b13fb6f,死亡亿次，我复制天赋杀穿万族！,1,0.09148930217771967,0.0018784987478082694
375be0cdefd771ff,死亡公交：在副本里捡宝贝,1,0.07143982077352706,-0.016281006429470963
ed295afcbd3ee2d7,死亡奖励神器！全服玩家求我别死,4,-0.13404718328229648,0.19031327737009393
8d35b0a1e84bda55,死亡游戏：今天又把游戏刷破产了,0,0.05810901329693652,0.03935222684087122
551861468d2fbe4a,死后，病娇女反派全找上门了,1,0.068901289435231,0.02291535382063293
a8c8685cc3faa919,死心后，豪门前任跪求我回头,3,0.024639007981199224,-0.02961039522778908
c562a009fc02080a,死遁后我成了那个病秧子的灵宠,3,0.011820291417897089,-0.038687581762856194
795451ad4cd46dbe,死遁后，直男宿主被疯批强制爱了,3,0.026884628128116095,-0.006223284266111696
0e0b402163adad84,残疾老公死后，娇妻重生了,4,-0.07664747583031134,0.08543360176956104
4573be89a553dc8c,殿下的小青梅她又乖又软,0,0.019833270958066307,0.02162284861936929
e9f6465777067719,母后奸妃，儿臣这孝心不要也罢,0,0.04697070187698271,0.019866769843946478
aad3b8ea7e707af1,每一天梦想练习,0,-0.010802535905731825,0.0866303118418863
e725995b67813339,每周一婚约，我被病娇包围了,0,0.009414619688979164,0.06771106237088442
de4ed3d9e9cc4c38,毒宠心声：让毒蛇叫爹开始,4,-0.08883782173809451,0.1211380962999571
6d1f1aae4bc3a0cc,毒瘾缠身，禁欲夜总彻底病娇了！,1,0.0817273937367472,-0.037743808910149855
3cf366761bf8d0be,民国：双胞胎花魁在怀，我成最强军阀！,1,0.09253962025011231,-0.011898018639754503
df19d6c89c7e9593,民国：横行上海滩，我小弟有点多,0,0.059805053888368986,0.050669841435369574
e6bf76ca70db26a6,水默，重生后王默杀疯了,3,0.009480094784352966,-0.023125118949784463
5bdacc2a6f456d33,永燕,3,0.04062234886180416,-0.08832129201466525
8bae5f3fc93f1b49,永生游戏降临，被我玩成了速通,1,0.18544910132957537,-0.03320219803720701
5cab02351513ca8b,求婚99次被拒，高冷校花强撩我,3,0.04734081388176625,-0.0026773930027401715
e089e5d548ec6e0b,求婚校花被拒！娶姐姐闺蜜她急了,0,0.03649678818628266,0.06615922418616417
7bcff683cb2f1171,求求你，别飙演技，靠颜值吃饭吧,1,0.10679930808434424,-0.026823649150152912
1c08ec4fc001ee6e,求求姐姐了，和我谈恋爱吧！,1,0.13903000379030783,-0.03794291322783235
f5beeab93c52a1ce,求生游戏：开局召唤汤姆猫,4,-0.2551757048740548,0.09804877967201947
935868ff74a5e8d5,江医生的偏执占有,1,0.10971522635574493,-0.055083520212312415
5fe4ef25878ede95,江湖救急：软萌萝莉竟是病娇女帝,0,-0.0006495491073734705,0.09875617995206869
0aa4e10fd04ffe83,江爷的白月光驾到，京圈炸燃了,1,0.07586506460734077,-0.018827873870902186
97809faa7ef5aa20,沈少，你前妻又在打脸别人了,1,0.06812471470527226,-0.0076582764568608516
9e9f05d3d26e4793,沉溺蝴蝶,3,-0.015881108090446405,-0.022677683449691757
97a27c3a75909972,沙雕千千万，反派家占一半,0,0.004317166315529808,0.050343654191774605
d9f67d5110004583,沙雕女穿书之美强惨女配拯救系统,6,-0.02618358876147847,0.003562302325929887
a41ad816138b517e,沙雕直播：你管这叫民生节目？,0,0.026852476221104427,0.04881349416288315
032da470a583f918,没有修炼天赋的我只好偷偷无敌了,6,-0.05887903063086891,0.0066407603618192975
d48e64a1667220f0,没有安全感的我在新手村养魔王,0,-0.007720585469982055,0.030217459211167842
0b60c2bdddd2a909,没病吧？你和食人魔谈什么善良？,3,0.05748481826425822,-0.055770133723995786
edc2f547871c646a,没考上大学的我，只好选择屠神了,0,-0.02380669784794437,0.07432782811083054
be34ebf57b1d0e44,没考上武者高中的我只好去拔刀了,0,-0.03659952207174977,0.064570253761563
022a5fb1ed186063,治愈神经病的女配你威武雄壮,1,0.08408245153163452,-0.07539510125893394
4ed5086e6c3216ff,法兰西1794,3,0.013527955127777713,-0.1274903350591671
72e1fb27fec58e3f,法治的细节,7,-0.0486118976142208,-0.15980479030674108
b6c5f84fd1578403,泥步修行,2,-0.3322281186238482,-0.2459413750756474
3037275dc85a4ac6,注意！软萌小丧尸出行，众尸退避,3,-0.017701967949266373,-0.026231559338324044
3e420e13057033e9,泰酷辣：为减刑，冥想室温超导,1,0.11548482826824313,-0.016939984425847824
5198754cf8cefc2e,洗劫全世界，我和姐姐们无敌了！,0,0.04188709459073159,0.019734264065523664
8a8a4967e71005b6,洛洛历险记：从黑甲兽到赤甲战王,1,0.12854405699882587,-0.06714162138624699
85a00ec7e374ccd8,洪荒之开局镇杀穿越者,1,0.10734896882361022,-0.005342950087246896
ce9a75b7fe358638,洪荒大监狱：开局捉捕异兽穷奇,3,-0.004685391706678921,-0.04395352246253229
a8bfef4efc85616e,洪荒：人道之祖，开局娶了女娲,4,-0.031010228425873476,0.13767243304568466
a7d7f1ab1f139a8f,洪荒：凤凰老祖，求你快出峡谷吧,3,0.01798813293930046,0.0030393654409957413
35781491715efa2c,洪荒：只有我知道剧情！,1,0.09397153906275679,-0.010029744898326453
9ac70337e8efac30,洪荒：吾为第二魔祖，稳健不出,0,0.005887331918197569,0.017768779077034096
cfb640d47274ca9e,洪荒：大道聊天群,0,0.024467223178903152,0.08992332707739534
9d7947fe5fb85c22,洪荒：开局一个大道空间,1,0.060213209788899325,-0.04695526480791884
252e8eb0bb1ba233,洪荒：开局无限实体分身,3,0.03197223142686412,-0.035947564134132984
afcfb942737407f1,洪荒：开局昆仑山，化身亿亿万,1,0.1065196284062927,-0.05005278028995342
db30f616841c9eac,洪荒：开局给女娲剧透,0,0.009720727130504758,0.015180883833927931
9e1d7c37d5241faf,洪荒：我为冥河，砍翻诸天,1,0.06952096657729645,-0.061379648507497456
ed72766bdf0c00bd,洪荒：我们巫族就是这么硬！,0,0.07290143930262127,0.049362710654021875
6a487cc4657d3c23,洪荒：我女版通天，魅力无限,1,0.1558519111030765,-0.07673883484778973
b01a413b326c97a2,洪荒：我有亿个分身,1,0.12305566984369021,0.003605604343999043
ebe829dff6260508,洪荒：我比别人强一点,4,-0.04522708305152434,0.11901512001177245
49843f0b51ee9067,洪荒：我烛龙，加入聊天群,1,0.07127684981034699,0.022148275543563505
447e1c3e5e48557c,洪荒：我盘古和系统势不两立,0,0.01362817999652255,0.05675511358132708
cf2a011e937f3e54,洪荒：我，无敌强者，被系统骗了十万年,0,0.006673440911963091,0.0546242859589589
856b17f1c795c817,洪荒：求求你别再加防御了,0,0.009051683200911986,0.015439323916391492
837c182e8eb51ace,洪荒：沉睡无数年，被弟子曝光了,0,0.01708488524917351,0.025835914019916594
624c554b1968ae89,洪荒：祖龙遗嘱，我有个圣人弟弟,1,0.08198475195766775,0.03750328328026512
01f4bb6e8008bbdb,洪荒：系统教唆我打鸿钧,6,-0.018092575637849384,0.026029957952079553
81493962b6f612d1,洪荒：西游四大霸王！,0,-0.02115401994149535,0.11337706896016275
ceaf2cf5fea690bc,洪荒：证道大罗了金手指才来,0,0.04524300273400372,0.06613720325858279
159f4e3dd740c425,洪荒：贫道申公豹，请诸道友留步,0,0.003088891808793348,0.06610223806931038
66309eb44ba4ffee,洪荒：重生时间魔神三个系统联动,6,-0.05678428468952029,-0.010288320074283458
1b8666997cfa2132,活人回避,3,0.017450455541222265,-0.022258025758421743
1b3069d413a561bd,流放？逃荒？小医妃搬空敌人库房,1,0.07803047237609351,0.031476473850643706
4aab52014d2da132,流氓赘婿：女帝裙下臣,1,0.08929941039269051,0.019741192411440584
79040107138a67f7,流浪骑士开局：我有简易数据面板,1,0.10512582585579122,-0.044672632628157266
e1889f6144e3179c,浠爷下魔都，众大佬抢不过江纨绔,1,0.07990882708761671,0.021216205958983856
b817d89c6529227f,浪子回头：我的手机能预知未来,0,0.06200227911650846,0.02067771507002081
01bc810d805735f7,浮柳夭夭,1,0.13506260273559656,-0.05148607707075739
0c839abe0f3333e3,海上求生：我的木筏通桃源,0,0.03950267576076749,0.038527958051120165
4bafc70425cf6db3,海王穿进男频文，我教龙傲天做人,0,0.0022593067494118824,0.009933206498211002
77b2ff1d9f8e01a7,海王魂穿舔狗：开局拿下美艳女神,1,0.1171467416453742,-0.023779990049051663
ecf4802011bf5843,海贼，为解放世界逐步成长的剑士,0,0.0009318312135327966,0.010560070694127332
eea10c595411034d,海贼：从俘获海军女神开始无敌,6,-0.08577203035436742,0.05080702698770139
9f77a8719d2c3988,海贼：从推进城开始,6,-0.034932214155782404,-0.026587283575740056
17c582b3645dfb66,海贼：开局吸血鬼果实，救出女帝,6,-0.04102325081869723,0.05738439226904071
00c4b558df4a98aa,海贼：我的模板是艾露莎,3,0.0012707543241202712,-0.0010207961407325212
d4f6f53fc0622ef2,海贼：最强正义_7030795190302411810,6,-0.06373191853183552,-0.02662467346780205
39d86e3737037bb2,海贼：最强正义,6,-0.06373191853183552,-0.02662467346780205
d098470473d1a1e1,海贼：海军史上最大败类,7,-0.049841283020830074,-0.10148001223330355
043aa2e1bb1fc848,海贼：让天龙人再次伟大！,3,0.008268007846491732,-0.03460384513883163
b09273ff235184d0,海贼：这个时代名为红鼻子！,3,0.02715472728145074,-0.04181016245789891
05e1dfff45293054,海贼：这个海军有双轮回眼,4,-0.060539697430361084,0.08817761354245632
faf1f54ea6d6a08f,消失20年，我归来即最强天师,1,0.10228273270162092,-0.029007373327281923
3793161663783114,消失三年，校花女友到处说我死了,3,0.041136264909931164,-0.00875090039246625
d2f950d4dd92702a,消防员：烈火中逆行，感动全网,0,0.013972980485265296,0.015350720711777618
fdefed3f522fbf03,深渊中的黑月光,0,0.03219739232903762,0.06994489729186303
a8f064c567e02883,深陷酥河,6,-0.04728359453947856,0.006927892492910091
13d6943638d5e617,混在后宫的假太监,6,-0.040075797282252634,0.05980510942147659
2a0bc154d46a0f41,混沌之梦幻无瑕,3,0.04884923129740015,0.005649178153243531
e0d50d78ea48ba59,清军压境：穿越民国带回百万巨炮,1,0.09704402419150215,0.02240776339068154
fddfd634a74a72c7,清冷师兄是我的契约灵兽,0,-0.0036383204471506225,0.03936914112754376
4bd1191738f486cd,清冷病弱系统又被疯批反派缠上了,3,0.04294903955605145,-0.007444247896868598
2a50dbbe3bed251f,清冷美人入后宫，征服多情皇帝,1,0.0859484020509712,-0.058185810725686675
49a81d86daa9fc34,清冷美人分手后，疯批大佬红了眼,3,0.05111895408629996,0.005861159303529595
0a19854d3c550092,清末，这大清不保也罢,1,0.15693380520567768,-0.044306285800015485
96a431c812de3f60,清甜有七分,6,-0.05206264991408377,0.008685937155704445
f9bc8b6a6d26ac15,清穿之四爷会读心,0,0.0024631733698537994,0.016029844225151
f4231f247d5497b0,清穿太子妃：和废太子互换身体,0,0.020350296955287672,0.015467097946695749
c070bb2731eae0e5,清穿：贵妃娘娘她灭了德妃成太后,7,-0.13483001505636827,-0.17249113030333155
8014510ee40124ed,清纯小奶狗哭唧唧，姐姐你疼疼我,4,-0.09307870428486353,0.06553478951643843
1724b64c5375c5c1,渣了疯批A后，他黑化求负责,6,-0.06115426014077158,0.04453933432779371
7fa4aa5f1c9e8edd,渣了顶流后，他上恋综来抓我了！,0,0.022858760526821675,0.017317209529050467
639b0ed7247bdbf0,渣大佬的100种方法,0,0.015084885096613876,0.05485056217282324
131bdab6dc01577f,渣男要洗白，男配快入怀,3,0.07013610432635908,-0.1185199737862353
4a8de22102754a1a,渣过我的前任们上恋综后，我红了,6,-0.03326406918908775,-0.001340825438481505
49a1cbd53318e786,温养小玫瑰,3,0.02543170248638882,0.00685092703056389
216aa34d9080884d,温柔学姐好迷人,3,0.0248594550840312,0.006796792066995877
8269b5e306afb99e,温秘书别撩了，顾总跪求你上位,0,0.023390735316875855,0.019847828477233993
80dedebb498c85ee,温蒂小姐想要活下去,4,-0.03861246047382566,0.1190106989689434
4478f7138f2f0f9f,温软玫瑰沦为他心尖偏宠【末世】,7,-0.07421985489150223,-0.10713726411201273
141830d803a7eb40,温驯,5,-0.1774877200825738,-0.013149965039796888
6c224c476d61cedd,港片，让你卧底，没让你当老大！,7,-0.11123618232764027,-0.053220832842375505
86ae7783753e67ec,港片：无限下载的我无敌了,4,-0.06834983370683773,0.15636306792240376
abe02b3139af0b89,港片：苦窑三年！大佬靓坤被杀了,3,0.017778759951759704,-0.016499243645965254
e080db28846cff24,港综：古惑仔大佬,4,-0.08693130521540415,0.17366427091861114
6945766662513ba3,渴肤症患者的贴贴指南,0,0.03485593264593412,0.017003248930001137
841c98eae5df78e1,游戏创世神：开局创造第四天灾,5,-0.26372710501623997,-0.10700793324659716
04f08095403129cd,游戏制作：网恋对象竟是当红影后,0,-0.042901397587537304,0.059348032703804156
7fee3667453f5a90,游戏强国：我没想砸锅伪史啊,6,-0.056081754269936335,0.05852147445398898
cf2162ebfa4a5778,游戏成真，我打造了万古第一仙族,1,0.09310757425158633,-0.012063477075528408
d585bba3318dac89,游戏设计：开局气哭百万玩家,7,-0.05042597905876278,-0.05839531318921456
c4aa174b2b2bef59,游戏降临变身小奶龙,4,-0.12043608676153111,0.11444811764148759
3e2130d6caab3e23,游戏降临后，我变成女生了,3,-0.005676739220385918,-0.027450800864382636
9068227caf52f407,游戏降临现实我开局变成猫耳萌娘,3,0.03471735107515739,-0.01835120621325662
a4f0cc58825eb4ae,渺渺仙路,1,0.14416293319697848,-0.013595468479091356
cdbbb113805b6143,溺亡【抑郁小男友的反差萌】,3,0.032075836090329046,-0.024757280532253054
69175b73debfff41,满分狗粮：我的白月光女同桌太可爱了,3,0.004838776924554922,-0.007226412942316728
6fee10a0b91b071f,满朝奸臣：我竟昏成千古一帝,1,0.10602584559794537,-0.02164279182211253
425e9e436f1f073e,满朝文武听我心声，我摆烂吃瓜！,0,0.04951563435283135,0.036441870791801036
4703984a46ce5994,满级大佬穿书后完爆马甲文女主,0,-0.017669968290557114,0.03257452656990292
aa2250b1113aebc3,满级轰动：真千金一言不合就砸钱,0,0.027208073280791223,0.0369622729083707
b4ee554c3350cd8b,满门冤种炮灰，皆由师妹带飞,1,0.08520954574179096,0.0006887334394390656
07b1992e8f4df745,满门反派疯批，唯有师妹逗比,0,0.007473441970177963,0.07610455630677145
fcafeff99b1f4f7a,满门炮灰读我心后，全家造反了,3,0.05430400724664053,-0.016246961182799106
3a911d7bc1dc219d,漂亮笨蛋她被偏执校草盯上了,6,-0.03743712641325775,-0.001440579817222815
180e5232a64e82d0,漂亮金丝雀分手后傍上金主他亲哥,0,-0.01633136385370909,0.03043330598993825
55b2b68908f0e220,漫威之超级毒液,6,-0.03479933055025414,0.04388547670303814
393449653068403f,漫威：开局签到冰冻果实,6,-0.040045140802909995,0.026094443882470623
0a23318055457a24,漫威：我就是钢铁之躯！,6,-0.1356844033786117,0.004590442538637569
e9383c9e99d43a5a,漫威：连接进行时,3,0.0661357080200351,-0.04972002951251407
68f278574d3d98a9,漫步诸天,0,0.0427693543844595,0.02979595494270105
92caea038bc073b7,漫步诸天：开局获得超能念力,3,-0.03090208868263883,-0.0454550090716184
ffddfbaa517a5bb8,漫游诸天,1,0.10644336601582638,-0.012779723228456311
d4fc2dc03a648b10,漫综：我的同居室友是花子,3,0.02394375664079118,0.011725782281524799
a9908cef202f4fb5,潇潇雨声迟,6,-0.025205202166397378,0.024146699588469333
fa899a7739ecebf5,潜意识与第六感大全集,7,-0.016767900006720682,-0.12036116866275638
9f1d11383a721997,激活帝王系统，开局召唤典韦,0,0.03413428835497179,0.06780511557512468
31572558eeb67287,灌篮高手：成为篮球巨星！,5,-0.21809165622095006,-0.03939585899494418
1a34139221e4cf1e,火力不足恐惧症，我只会觉醒技,1,0.13732945107913053,-0.059452355660188874
33c065e531654aa0,火影之全靠九尾C,3,0.023178134824086927,-0.006831955748490987
fa331e19ec46a702,火影之星见千羽,3,0.03463092227031228,-0.05144268482251583
f7da9b0753b93ec9,火影之最强势力,1,0.09311093734133502,-0.009117666936661674
10c1464a0a4f107f,火影之笑对人生,6,-0.03457914348620439,0.005497515984992707
39ed6be7d6c4510e,火影之鸣人归来,5,-0.15491214493383676,-0.01302627562839714
d2bf6f454d614644,火影乐子人：黑绝大人忍界无敌！,6,-0.07497951177091011,0.02624697319879998
9440823781070ddc,火影女装忽悠斑，柱间不放过我,5,-0.19293078109249995,-0.09331718800308147
8a687231652effaf,火影忍者之博光之恋,1,0.0958653168174064,0.028410129300339513
c77d79c34fe8de8b,火影忍者：我叫波风面麻,6,-0.016013947594408662,-0.0007381555298212085
e3c1889474eb00f8,火影手游：全世界变弱后我无敌了,6,-0.033942636041637,0.04751933092967934
f7c712679eedb37d,火影：九面苏婆诃，杀穿忍界！,0,0.038633326339397756,0.01653925226582939
06f8549f67dc3bcc,火影：从双神威开始,6,-0.14059198617742674,0.018995273033957493
f2ecfde279433b8e,火影：从女装开始变强,6,-0.07380925702329416,0.04256064517048539
c1faa4e12a68e7de,火影：从追求纲手开始,1,0.1425925308965036,-0.03824576630577407
9888da711bff37e1,火影：十岁万花筒，开局叛木叶,0,-0.0029474214632840834,0.050321793727453615
507483d528999229,火影：博人传向阳之光,3,0.03329090033795712,-0.04012663913021811
fa02c7dea77f55c0,火影：回复忍者的重来人生,1,0.06449030543715184,-0.03374940199663579
2e2ac1afcb2a37c8,火影：宇智波火芸是女孩子,4,-0.1300988599179176,0.1993206662421799
45ad59c68939cb75,火影：小鸣人的小青梅？,3,-0.02278564607992578,-0.02874728436261531
59668a05e3db083c,火影：我带着满级号穿越了,3,-0.01446834331398128,-0.05721474397077552
633cd4a5aba06b3e,火影：我的写轮眼快撑爆了,6,-0.12196843504291066,-0.03693681926507823
298cc0a8d5581f98,火影：我的系统越来越不对劲了,0,-0.035450379507926066,0.07863481122923584
e8924738afab3364,火影：我能一键满级,1,0.1029108426123071,-0.045979835866724696
ccab75214a8be922,火影：无敌水之国大名一统忍界,2,-0.4088405703487102,-0.22633146604907087
08faa5126fdac93b,火影：木叶虫群，十万白绝当口粮,1,0.0680622692243642,-0.02581928482113604
412ed23067f1ca36,火影：献祭全忍界,7,-0.08381525820428698,-0.05793959023924736
fd9713c9dc4a00d0,火影：神级签到从无限查克拉开始,4,-0.09674791391834903,0.08330703160779762
07fc6daa3f3de552,火影：重生鸣人，开局拯救自来也,1,0.1315931120426792,-0.02983476179715065
0e2949969dbd565a,火影：除了我全部性别反转,3,0.05553511632828989,-0.024888676686293933
a1d112cf0d039a59,火影：鸣人，我们黑化吧,0,0.006748841211111967,0.0462776617725902
17c322c780b2f489,火星遗迹曝光，忠烈十三子,0,0.027032933990020158,0.05176237669727024
ceba715d6bc57588,火海重生，一首漠河舞厅惊艳全场,1,0.07119448352826951,-0.024932008619757477
b9f30119d382a4ca,火葬渣男后，我上恋综爆火了,3,0.04895907011534606,-0.035419482638498076
734e11c915e66e97,灰雾之上,3,0.004402354847000467,-0.0029218541275865075
2e15ae1e42cff9b1,灵墟，剑棺，瞎剑客,3,0.029753247042633713,-0.06161064048174983
d8484adb2e029e3d,灵异小天师：内卷从娃开始,6,-0.028150095899962035,0.03635648593162196
69bba18aff77a6b2,灵异：暴力驱鬼，我把校花吓懵了,1,0.06498006699844727,0.009253651022855646
495f68e0a57f050e,灵气复苏，我的系统它真的有毒,0,-0.01688292457631929,0.07718475738444938
8d0571776ba935cf,灵气复苏： 妹妹竟是女帝重生！,4,-0.12306145126740431,0.13290901302638491
1ad842f1382abd0f,灵气复苏：从送外卖开始无敌,0,0.010787859428064706,0.03598613689482051
37a673b4ccd9c11b,灵气复苏：国家邀请当诡异局局长,6,-0.02812973403738417,0.03750948035126993
4a55806138648750,灵气复苏：女网友竟是顶级战神？,0,-0.0026209160568025913,0.020182781989860944
28853787a90c2988,灵气复苏：开局抢了轮回眼,3,-0.0036264387667827025,-0.031178547804840546
da0df8737a4faae5,灵气复苏：开局获得魅魔,3,-0.017687809713401503,-0.03225006079061573
c550e80fb7efab9d,灵气复苏：我和女帝妹妹都重生了_7257012140001725476,1,0.20459079786849343,-0.04094533542332296
057a74d878960ced,灵气复苏：我和女帝妹妹都重生了,1,0.20124467765389364,-0.037559752408033525
d430021672072c34,灵气复苏：我妹妹竟是黑暗女帝！,7,-0.023836715820574006,-0.06871110091398394
e95aec19edb72acf,灵气复苏：我家萝莉飒又萌,1,0.1037794139620174,-0.043012147817620465
b8a11c94fe099583,灵气复苏：我有万能合成台,1,0.07957282133782484,-0.008219391298962205
d3068917c8c99782,灵气复苏：我每天get一个新技能,0,0.055527193381697315,0.03877036409632155
e0e487de7a38f75e,灵气复苏：我的武魂是村霸,3,0.022187390167139442,-0.07504222673402233
40eddca69b12dc76,灵气复苏：我！开局用校花祭天,6,-0.036733566853597355,0.04916853403201049
80a4f76eb4b52ad6,灵气复苏：我，逢赌必赢,6,-0.045998965353827526,-0.023934866721366
7e23dd9684494dfc,灵气复苏：这人的兽魂进化太快了,3,0.03213070915682725,-0.004370559855843073
b81fe97c8daf5990,灵笼废土：地面最强战力,0,-0.03531835243618525,0.08893129359635198
f830d194e0aa566b,灵笼废土：开局营救白月魁,1,0.10094472035526036,-0.03192712449153722
694b9d672875123b,灾变时代：我能点亮科技树,3,0.031125911309275334,-0.030588201757606643
8007e8706b95ad5e,灾变猎人：我有一个经验值系统,6,-0.06755726981279486,0.03225492499074406
ed22918753098ce5,炮灰女一身反骨，沙雕捉鬼赢麻了,0,0.00391141740512968,0.07302039395114375
69da150cd64f3fab,炼气3000层之开局收女帝为徒,3,0.0534257800412139,-0.014728494683591713
b438cb3892b90757,炼气3000层，开局收女帝为徒,3,0.05451654994393751,-0.014447808484589673
39227d5b9279472a,热吻玫瑰会上瘾,3,0.018563553033725477,0.0019613465809732653
8b571f2a8e858356,热吻盛夏,3,0.02587356148467801,-0.032221796067264385
c72fd802b0ea0444,焯！转生亿兆年，我被孽徒们挖出,7,-0.07314947364966362,-0.09598138260182017
93564889411732d4,焱帝,4,-0.05747460948903649,0.12447415985214927
fbe0b568057be17c,熊出没之熊圣归来,1,0.06670178223253809,0.008342067360628865
58eaca0742a72cb7,熬通宵也要读完的三国史,7,-0.1007726642703764,-0.1271703574334572
7dfb79d18255c2f5,熬通宵也要读完的大宋史,7,-0.09611447269562379,-0.15140495623353514
5bbfe0742bf4df17,熬通宵也要读完的大汉史,3,0.03661939268583703,-0.05977995653442278
c77c1ea65fc173ee,燃烧,3,0.006290255629968322,-0.013865641495721538
b7857b47d4e09701,爆宠，绿茶丞相的心上人复活后,3,0.06229145906031908,-0.0694987700497573
8a2d2eb67c6e1d7a,爆火出圈！反派亲妈在娃综杀疯了,3,0.020581808726199635,-0.027824046090175393
1d39e002a1197837,爆萌双宝：爹爹，快追娘亲！,0,0.025664940456361363,0.07374723690746077
b50bb1360ec0542a,爱情公寓：从婚礼接车开始,0,0.055723229863478996,0.03601883761905344
ec8e0b1ed47b7e43,爱情公寓：开局被子乔忽悠到国外,6,-0.042526198594735276,-0.022996031146663515
4486bd61a8ff7edc,爱情公寓：开局震惊诸葛大力,3,0.047009447562142426,0.0021494402988689936
b26105e72ed1eca7,爱的刻意练习,7,-0.14176540975739327,-0.1258196943843582
9b49ab82a765d047,爷爷，您真在地府造反了？,1,0.10564558255138878,0.01610846491164173
14d64e27af23062c,爽爆！杀疯！嫡女千金成皇室团宠,1,0.06835632477093889,0.008137995898394243
c1069076df830645,爽爆！真千金她平等的痛恨所有人,1,0.09051711585960931,-0.022854572884503415
975c0804df70e4ec,爽！她复仇他递刀，佛子又欲又撩,3,-0.0006363683683532351,-0.04517038026881203
9e6c8d2b7a9e2462,物理修仙法力无边,3,0.014073814669419038,-0.0453872910693426
7627fddf4374b8a3,物语系列：伤物语,0,-0.03344337516061707,0.06791251338214475
591494d161f12395,特别宠她的小青梅是个A,4,-0.05525891942937983,0.11257183859075513
fad0335230629b19,特工易冷,1,0.1110252374691455,-0.03768734949363178
79d12d5472d6ccd2,特种兵：开局捏了一颗手雷,1,0.1463347863161778,-0.04612100393258643
3008aba125f9b046,犯罪游戏：我真没有绑架女明星,0,-0.0111558756621844,0.019338412145006964
4b4ee47ff4af03e6,狂人日记,5,-0.19749537846584359,-0.10562675629441558
bb21b5caf76b317c,狂婿,3,-0.01741725002533806,-0.0763650691668197
8c0d943d34ad4dfa,狂徒张三：他把对方律师送进监狱,3,0.055653238769310276,-0.018340549587746224
881dc5a7466ff67c,狂渣富家千金，女神提刀上门,7,-0.024750124232617354,-0.07714353531318054
1d45785199f29811,狂飙：从制霸京海开始策马奔腾！,0,-0.04040646154584432,0.09137886824755537
5c6a07ef4ecb49f2,狂飙：高启强叫我京海教父,1,0.10469835651903003,0.021688556094466516
640078162eaaad21,狐妖之纵横天下,3,-0.005857060821727655,0.007926548145581034
3ad0ad697fefd3b4,狐妖小红娘：我在涂山厨仙双修,5,-0.28241757602746625,0.008192201540412175
f51ba5793c67c9c5,狐妖：圈外入侵，无所谓我会出手,3,0.019667786683765454,-0.020390382891483254
5f82a5d5b44af1c4,狐妖：开局让红红和容容给我打工,3,0.05779400770142806,-0.03816351354563616
aea484d841329b3a,狐妖：负我琴声，伴我长生,6,-0.08439858541347284,-0.010082906413470675
a46f0874755353ea,狐讨妻,4,-0.15880419530004208,0.05228875892560262
4cb402b53c385baf,狗粮心声：超可爱老婆又凶又甜,0,-0.030123288045566632,0.037134932289935176
0d73d1c1916cc467,狗粮文：我给老婆花钱就十倍返利,6,-0.1446850363350683,0.019560437610375157
07339fe9f264640e,狗粮超甜：开局青梅拉我领证,3,0.033645865493863614,-0.0021929150916976067
c649933b9ab9924a,独家甜诱，禁欲王爷太宠妻,4,-0.04819607606834847,0.139110991418247
a3537aba4757bd27,独自对抗全世界，开个挂很合理吧,4,-0.0535243407005625,0.09105732049112851
875cd2f11ca79ef3,狼人杀：我猎人，滴滴代跳,5,-0.20748966251113993,-0.22918612822212664
09cde04462b3b35e,狼崽子他又欺师灭祖,0,-0.013834220015626786,0.035055941818918614
bae7623ca2d22f6b,狼道,7,-0.03999669956165702,-0.11022367041604075
b617a88ddacf206b,狼道大全集：强者的成功法则,3,0.025992646336982506,-0.09679172487842683
1a5aa603cb0917fb,猎杀都市：我，传奇调查员！,4,-0.08808343440397753,0.0812463723044948
1da32b2659e2bf68,猎罪神探,1,0.09935641898205327,-0.03579728415612018
2d665310771ec25e,猜对金手指，就会死,1,0.08154832882858276,0.014385618852070823
57ee61b7a715bacb,猫系偏爱,3,0.052580002581932184,-0.019855174003101078
1d075dea22e5975d,玄学大佬冲喜后，在豪门斩鬼,3,0.047075374615010324,-0.05207557582111069
27d74e9990a9bc1a,玄学大佬她拿错了剧本,3,0.062247533938742716,-0.031067444404190656
af42ad48d3d7d2dc,玄学大佬穿书后被糙汉扛回了家,6,-0.047467750486710425,0.04976415483535558
5bc2bd0ea10e807c,玄学大佬穿成真千金后身价亿万,3,0.03179091661555544,-0.020164106762218425
f9568fc5df28d2be,玄学大佬路子野，虐哭阴阳两界,0,-0.005645130035495716,0.027651490502002742
9f33160a48bf1ded,玄学老祖宗今天也在还债,3,0.05901627141251031,-0.011704228015805809
747a2de9ebd94951,玄学道姑水泥封心，哥哥们哭惨了,0,0.016041086023605544,0.034160592792150855
260596f1ff18e0e3,玄幻世界当炮灰的我，被女主给缠上了,6,-0.06927976474502517,0.021693981152195126
5fef16ada91b1d50,玄幻，我观测到了一切,1,0.093406459614913,-0.026320268783743033
0c589d2cc03aa589,玄幻，我顿悟了混沌体,1,0.12000421712324827,-0.02843847566601316
393628d6a8fd8202,玄幻：一脉相承，主打仗势凌人,5,-0.1941797000288762,-0.04589969791536425
9be64654e3bad4a6,玄幻：不死游医，带丫鬟悬壶济世,0,0.027115178416738495,0.021241448403940117
fca8bcd1f3efe633,玄幻：与女帝师尊的日常,7,-0.14219721843244187,-0.16708008090778942
a935239bcfc497be,玄幻：从埋下机缘开始修仙长生,1,0.15137514586703849,-0.026785210683891218
b7ab0e598b833d55,玄幻：从神王体开始无敌,1,0.06578303816494735,-0.0006488347322991788
9fc8c5976ef6744a,玄幻：他们修炼，我玩命！,6,-0.04800933632764709,0.017805646407278133
8b8d9636c782a24c,玄幻：以武入道，斩仙屠神,3,0.04850320990880097,-0.018847759001649863
795656144fa8ef5f,玄幻：化身太古狂魔，屠戮诸天！,7,-0.09318811567554086,-0.1034699448541732
4f027c71c4803c43,玄幻：叫你去送死，没让你无敌,3,0.030203116842249522,-0.0022354493393345275
be4ae16dc55fbc80,玄幻：夭寿了！我怎么就无敌了？,1,0.10858353711841151,-0.016624264532641615
f1ca9665ee23afa0,玄幻：女帝和魔尊转生成了我女儿,0,0.026476184328062424,0.03542762298672342
f4d11c0a9a5a54d0,玄幻：娘胎签到，出世即是大反派,4,-0.040087928779009796,0.12300199533292615
ad41ff19c48a0251,玄幻：将萝莉养成病娇,6,-0.03079334761299607,0.00452786016440855
c57e5e60787ca6a4,玄幻：开局一身无敌大招,4,-0.08786792540247362,0.11467367346624852
3d0060ea49dce6ac,玄幻：开局九个仙女师傅,0,0.042707438189323654,0.023012243562979803
e0956b5260d89ccb,玄幻：开局太强怎么办,1,0.1546388530273043,-0.03606649736968694
4c363edb6221028a,玄幻：开局拜师女帝，签到混沌体,0,0.04028577298279312,0.04483185741865231
c2b95d80d3c9ef8c,玄幻：开局瞎子，从拉二胡开始,3,-0.011670697153298049,-0.00646785881763679
4c0dcf646aaab58e,玄幻：开局自带地图，杀鸡爆一切,0,0.054486982197636924,0.024950829108245504
8fa3a98a0549ae5a,玄幻：开局送机缘，获得百亿补贴,0,-0.01781581858895076,0.03761618376463614
5e8de9ccab94cee7,玄幻：我只拜美女为师,1,0.10398732003021993,-0.03256465803432841
21d6619840c72bbc,玄幻：我可以查看人生剧本,7,-0.11159002627019071,-0.1598559252972924
0ebfef63ea89c6ff,玄幻：我和女帝的九世孽缘,6,-0.08851320765734155,-0.007795676915062111
2da2133aecba1056,玄幻：我在御兽世界开盲盒！,1,0.07756550964861864,0.0011128612572308347
5f6fac328b0db9a4,玄幻：我成了位面大反派,3,-0.017908720316615778,-0.05512994053745497
941f099508a6562c,玄幻：我是超级大反派,3,0.0417078112523378,-0.005374342029485212
074dc0d9cd72013e,玄幻：我的青梅竟是女频主角,6,-0.13942914889181668,-0.023663899447349326
f2c33c8a4740a9c4,玄幻：我，无敌从败家开始！,0,0.006638837027883371,0.07470913080897963
e92d07346cfb6511,玄幻：拒当舔狗，摆烂后气疯女主,0,0.01800436495883162,0.019121380718113465
b794bbc7cbdffa7f,玄幻：授徒返还，开局收魔族女帝,3,0.04152469715712803,-0.04016034726592608
eee1a7a0af7eff0c,玄幻：生前不愿，死后又冥婚嫁我,6,-0.13024836237010906,0.04513277607384232
17ff96dd7e9a0311,玄幻：神女的秘密,0,-0.020777258425767553,0.01981343658356564
e18bf79600d6a87b,玄幻：穿越成萝莉，被魔教盯上,1,0.09100561924510331,-0.015057163417033292
b64609abb1c25675,玄幻：表白失败就变强,0,0.026304350680901756,0.048389698632206574
c6308503a6703858,玄幻：让你劫机缘没让你劫红颜！,3,0.03668733928675605,-0.00048085586196160764
40b438dd606f9bdd,玄幻：赠送机缘，奖励翻倍！,3,0.025763974383608,-0.11310557602590973
6fad9f9f196daa3d,玄幻：震惊，我成了女帝守护灵！,1,0.07068201360902704,-0.0063189121071555165
c553eb8cdd647689,玄门神算卦太灵，火爆全京城！,6,-0.044901963363474406,-0.020354107877276036
dd265f47d3994524,率土之开局满抽,1,0.10633494139503985,0.04641368247962797
78a7967072ea6818,玉生烟之古代生存纪事,3,-0.016945642874364064,-0.014863583268234427
6a2d533f304919f3,玉葫仙缘,1,0.09468599222750662,0.01340116814379539
f82fce2e8cfcb42f,王小明修仙记,3,0.0580253688193858,-0.042571532060970675
4a381b300deed16f,王爷，王妃说此生不复相见,1,0.08203288135011111,-0.021453228906284295
02ef1dc477e95526,王者，真人moba开局创造李信,0,0.019487636658194973,0.05826062615036289
d1e1248f1b72d061,王者：开局长城守卫军，吓坏李九,0,0.04505876524853181,0.04937199387625693
34721ebdae77831e,王者：设计超标英雄，我虐哭全网,0,-0.03747141761441203,0.08440609473245043
13ce77dcccd5baf5,王者：靠着摆烂我成为了FMVP,1,0.1920784889796575,-0.04313503819862585
bc7c2cbddb947cdc,玫瑰与烈枪【刑侦】,3,0.05774145385027274,-0.0013705401248933907
768f7fda6612ef7a,玫瑰利刃,1,0.09030780112030667,-0.006484673866686162
87014e570b2ce35e,玫瑰无原则，心动至上！,3,0.06063162007795708,-0.020543136092261723
2d882c40a30245d5,玫瑰轻颤时,3,0.02860937842003841,-0.05892028425248659
b4cae917ea57b04e,玻璃焰,6,-0.049794185610519515,0.019306478706529275
36b99d174179d479,瑞克和莫蒂：无限,5,-0.3063932930415516,0.007834629281464266
ba2dd9ed2b88f403,甘雨姐姐，请嫁给我吧,0,0.007163131670874123,0.05223406557424793
b1fe1fbbf606527f,甜哭！禁欲影帝怀里的娇宝在玩火,3,0.039863901134081337,-0.0742968306245435
4016fcc0cdb24e0e,甜爆了！偏执顶流宠我上瘾！,0,-0.025804603147523475,0.04095838202907819
aa5c993fb6803cbc,甜疯！禁欲大佬把女王宠成娇娇崽,0,-0.021345680458526473,0.0512670362507676
093f8a93acdd148b,甜美可爱：女神同桌太酥了,0,0.047943126319107576,0.01681964877416015
26826111c777cf4e,甜诱！傅爷的心尖宠她娇又撩,0,0.03887727707669608,0.0123594483338927
312f5b4a4762a1f7,甜软囡囡六岁啦：全民沉迷养女儿,1,0.07084444281512081,-0.004604903014460138
ae508b706caf5c9b,甜软！奶唧唧的小狐狸被装麻袋了,6,-0.03560864942930919,-0.003396879433057902
421863a0c62a3624,生化危机：从融合杰诺瓦开始,1,0.14492284613847883,-0.030372752873683694
904fd13337219ebf,生化危机：开局召唤十万铁兽军团,1,0.1502570803061073,-0.03628878743278014
38b519767e74ab24,生命倒计时，我成为了女神的幻想,3,0.05181609206378779,0.0035283239706854685
f14a482b1e88b7dd,生崽热搜后，帝国总裁夜夜来哄娃,3,0.038698216926867146,-0.0300704810547357
2535e4516a564fe6,生崽痛哭：豪门老男人低声轻哄,3,0.03248167810520064,-0.014097936985704097
584bd22379011c25,生死狙击之死神游戏,3,0.05659871471211497,-0.030180396978920786
e0e847660cf2574e,生活枯燥无味，发疯拯救人类！,3,0.03437104809257341,-0.05822518809292197
794df6511a496e3e,生活职业有亿点强也很合理吧,0,-0.02932454587932598,0.10832592565604458
c25767989ac3799b,电梯求生，我能预知楼层信息！,0,0.04309043402994872,0.023573786397894377
63c8a64e5028d6f8,电竞团宠，荣耀女神A炸了,3,0.022898785876571348,-0.056896502626336345
aa9f512dc9c50e3a,电竞：喷子女主播打职业很合理吧,1,0.11178490016603015,-0.0293019520617112
7680885b7a41ca21,男主的绿茶妹妹一心想撮合兄嫂,0,0.009682975965929153,0.08398329276761414
f50626e2cc169b15,男人太多也烦恼，不知该宠哪个好,0,0.04217243339137555,0.02320388095075212
d58aed06c91f74ff,男人，挣钱才是真本事,1,0.061224545091575044,-0.08967568110335422
9e8c8e8a091b2cb5,男团选秀综艺，女配C位出道,3,-0.009080033746343807,-0.04636673690387897
ed72e553ee89cf3f,男多女少的未来世界,6,-0.10174038838455596,-0.012816075890664132
4f8df93d9f2a3406,疯了!穿越当天，病娇世子爷他要以身相许!,3,0.03049940788719252,-0.06138625454716665
cde03b6a9e3357c3,疯了吧！互换体感，校花成我舔狗_7094975772154137641,3,0.04221018594388337,-0.0008457057377229751
1ec3e9555a441e68,疯了吧！互换体感，校花成我舔狗,3,0.04221018594388337,-0.0008457057377229751
8a630a82572ee4fb,疯了吧！救赎失足校花后被找上门,4,-0.14927922421274642,0.0882830083897225
e61de650c3313128,疯了吧！高冷校花竟是网恋对象？,0,-0.013609232063274357,0.0029057886238891533
4aba70fd1589ce24,疯了吧，网恋对象是校花？,1,0.12389485263043665,-0.020196495826587772
fa89c46825949ca0,疯了吧？女帝徒儿要跟我同居？,3,-0.01169150384867107,0.001330668547739255
f501cc10063e337d,疯了吧？绝世女帝竟是我老婆,5,-0.25306782152174995,-0.05777956334865762
6d1881b9b8629d7d,疯了！校花妈妈给我当秘书！,3,0.01944643971840254,-0.00029190399287748123
f2f666fa2e39a9cf,疯了！火灾救下的少女说非我不嫁,0,0.009989056677883967,0.016375686999143463
60bef234fd2f8d39,疯批妖姬洗白后，诸神皆为裙下臣,3,0.034690819526727035,-0.026985047608435918
09b06c07f037a683,疯批师姐一身反骨，拔剑创死原著,3,0.03167134469061261,-0.04946921630526299
4afebd9d28c476be,疯批帝尊洗白后，天下皆为裙下臣,6,-0.05572470914612426,0.07938621858340947
ebd2e7baae1dbd7f,疯批王爷，您的影子孕吐啦,6,-0.078398877850263,0.06947017971148282
797e0b4d7334185d,疯批男主别害怕，我只是单纯变态,3,0.04666605898785514,-0.05118434809074007
07ccd2e7e8487004,疯批皇子被读心，皇室全家都傻了,3,-0.02664870893774257,-0.022619621978386104
26a2b12104a037ad,疯批皇帝读我心，丞相她马甲掉啦,3,0.027376556563414645,-0.01597152667123404
d9c30ea13894a73f,疯狂作死的我却被女帝宠上天,0,-0.017758045302242786,0.11320309654633769
efcf0cc7c12b9217,病娇人设崩塌了,3,0.05035742983278402,0.009460666103385963
8eab2f233185778b,病娇们和我一起重生了,0,0.06028015951007981,0.03163835870382794
b4b1bc65caf5127c,病娇你们都牛,1,0.06918189784661388,0.0135416748136894
22f6e13a762d53bc,病娇厉爷在我怀里恃宠而骄,0,-0.010956220168565456,0.0012451274750526033
e4d324385239245a,病娇反派夜夜入梦：姐姐你是我的,3,0.043342637941779394,0.013830610759745796
81b87dad364ffbe6,病娇反派疯又野：无限穿书求自由,1,0.14463571191234004,-0.03915940804447912
b46e6393ea8fffe4,病娇大佬，疯狂囚爱！,0,0.049565656472474795,0.019043458945939895
80b18d71a899387a,病娇大小姐天天读我心,6,-0.05720618994486437,-0.0048307300159311835
e0914bfe247ba58e,病娇大小姐对我穷追不舍,1,0.09338325687296267,-0.02823133303407682
eb3de5fb1eb0cde3,病娇女帝竟是冲徒逆师,7,-0.08560070517356588,-0.06691576761332715
f4604c714ca45b36,病娇女帝：仙尊？冲师逆徒罢了,3,0.0031550508102449193,0.0009115177525730557
0379fff5b76553c9,病娇宿主甜爆！撩的大佬嗷嗷直叫,4,-0.08896559653896219,0.09493280739909123
8b61021095fe80c2,病娇师姐刀割我爪子,4,-0.141650292214337,0.11949815432232479
8a15e3af9a13daa5,病娇师姐别追了，求求你放过我吧,7,-0.061139023733344344,-0.08120113541353033
7258d7e347a901b4,病娇弟弟欲诱撩，又用狐尾缠她腰,6,-0.023718336377054616,0.0007288474979619674
f3bb9f5cf0eaaed4,病娇摄政王盛宠，娇娇公主重生了,3,0.03142787869306718,-0.07957326804476757
205c1f4488139a15,病娇暴君他白天冷冰冰晚上要亲亲,3,0.060175246931091,-0.030783348432316
7f3241e38e545f6e,病娇校花几个菜，谁是你的小可爱,1,0.08091905809170197,-0.03118580410717921
d4eb787726f507a6,病娇池爷是朵白莲花,7,-0.14887466995775633,-0.040794167977869444
541f7b1d1522f6e4,病娇狐仙缠上我,4,-0.07999045037671026,0.1314116559582446
0f8b69263fba5311,病娇王爷会读心,0,0.005568054957086344,0.03119297187484681
2674cdff44a2b3d3,病娇老婆抑郁症死后，我重生了！,0,0.017757705079202712,0.02091881100715401
fbd5ec421ea0b82c,病娇逆徒太撩火，禁欲师尊动了情,1,0.07708071190600863,-0.09243591939584876
4dccfe22437cf858,病娇：前女友再多也要搞纯爱,1,0.08859186181772771,-0.052202022638874135
92364e2023f8c675,病娇：女帝师尊，我真不是渣男啊,6,-0.02864212267628824,-0.018065507765979327
eabd7782d5927b85,病娇：女帝毁我一切，只为独占我,6,-0.059698782178659926,0.0327162870846304
643bf00ff12e9974,病娇：年幼的我身边全是疯批,5,-0.29902203951221584,-0.03704438325497106
e0829b43bb8b36cd,病娇：我被黑道女友囚禁！,4,-0.17250329427925387,0.12464038231696438
be4cf66883025c13,病弱反派撒个娇，疯批大佬掌心宠,3,0.037119614245062715,-0.011156826369647892
fea7d2263ea8e1d1,病弱反派撩不得,0,0.03644328358951543,0.025266683476859227
c2781e6fc516b743,病弱少女在璃月港的日常,1,0.07521368148547225,-0.02391344741600134
e81ec63f41b04aea,病态占有：年下弟弟对我蓄谋已久,6,-0.01932740999850807,0.015597295996016286
8f5d734cc9027cb8,病态吻！错撩反派后被亲懵强制宠,6,-0.06819444651508877,0.04247599049082944
230ecb77cb5b92c8,病态溺爱，小娇贵被迟爷抱怀里哄,3,0.0010692127712071953,-0.023305192711497134
dae63bc4bc3c7a71,病态热吻,6,-0.06659305691178441,0.005764785383259164
7328d89d8cd132aa,病态绮丽,4,-0.05203082654335134,0.09363054614422746
3043c6e4854ff1eb,病态诱捕,0,-0.03768338387165815,0.08477374934084726
91b9a251d88390a8,病美人竟是无限游戏大BOSS！,3,-0.016608405250392755,-0.0673523260368945
ed4132758aeebd2e,病隙碎笔,6,-0.10843618045263098,-0.00716982690752512
4ca61b92e9880f0c,痴缠诱捕！落魄少爷野又欲，真撩,3,-0.02230014286931603,-0.02743182353034587
bbf771d9d55fb3d5,白天偷偷打赏，晚上疯狂返利,0,0.018518998313176382,0.06432263944583995
a4bef1d18edf3f50,白天冷冰冰的指挥官晚上在我怀里哭唧唧,3,0.05620541907482046,-0.075673620213715
cc3dfe68c4433544,白日祈愿,1,0.12394785743484515,-0.043462798807035005
e908647b39d31f9f,白日缠欢,3,0.03106591330519337,-0.014461393024783477
eb8930d54a5d1b9b,白昼情事,0,-0.013334021829541354,0.05362916207057054
d37e8f9b37f838d0,白昼流星,3,0.0400151452269093,-0.05707403425827282
e2a4f5450aae6d34,白月光与宝藏，你好我的人间理想,3,0.03911277650226186,-0.03290712154755641
f7bdf6723c23a4fd,白月光学姐又娇又欲，我们恋爱了,3,-0.0016874183846581348,-0.012047744333872096
42c51fc77cea215c,白月光死遁后，病娇大佬穷追不舍,7,-0.0980657165272667,-0.08990436534259683
0e9522bb233d7128,白粥其实是甜的,1,0.07904312664027047,-0.0031029294070076025
44c69c66fb2df1cf,白纸与喜欢,0,0.004347465660250349,0.03990536209538142
a2a91872913e7e11,百万返还：我家师兄超大方！,1,0.06579887092501979,-0.025042050851042476
642624e21806db19,百世轮回：前女友找上门了,7,-0.09574507993252546,-0.03956693684122919
34fe588c585657c4,百世轮回：我，女帝们的白月光,1,0.11723258516674906,0.004359911733411803
05b0d837e6e4f765,百倍修炼系统瞬间升级999,1,0.14930258457586942,-0.0503610650829817
0feee377a9456c06,百头蜈蚣：吞噬诸天万界,5,-0.19554008891361363,-0.1641263578730553
6c73056375739c8e,百妖谱,0,-0.020063984772346277,0.04002752123434477
3009a687e83a8d43,百鬼末世：我成了最强御鬼师,4,-0.09346293722647647,0.0989036396224358
393553266819ebb0,皇上家的小娇娇，哭崩你江山,7,-0.10168137667821603,-0.03691505950329788
edb202ab1b6bd3a4,皇后纵身一跃，疯批暴君哭红了眼,0,0.05253599020282085,0.020269381380442354
389141b17d61da4f,皇后绝世倾城,3,-0.021772752951219387,-0.02503435470630612
890d83fb32d760bd,皇妃殿下今天也想做掉魔王,4,-0.16019413520988068,0.08447153969524349
27638360d27c4a8d,皇家金牌县令,0,0.01314442435128682,0.06294885801866816
dc47c64d5bec5f71,皇帝旅行团：开局带嬴政看兵马俑,7,-0.12523856443155496,-0.08245293939332442
3708d352bcda2f2d,皇帝游戏：sss难度我推演一切,1,0.0645847291956162,0.0030667904044994797
359abff896fa3576,皇族祖地开挂二十年：我举世无敌,1,0.07030656573864225,-0.013843900408542754
c61b684df886debd,皇贵妃今天出栖容宫了吗？,3,0.02771305535380364,-0.01844828299846793
1477a55208c62ed1,监控人：誓要把gman冲下水,5,-0.24359204436563225,-0.15458846249804425
2ce3ec13818e0e05,盖世战神,1,0.07961922602482208,-0.018845854738160504
2b8ebfcaf597da0b,盖世武神,3,-0.03875216604188492,-0.05853024480116384
bba9eb310f069647,盗墓哑巴张的小姑姑好有钱,1,0.14127073207374752,-0.01561171487133928
c28b57724f478467,盗墓：一睁眼我成了白乔圣女？,1,0.11035878391187348,-0.05248441262732515
18700f40b455b75a,盗墓：为保研，墓里把校花卷麻了,3,-0.009053913803006686,-0.010164939174327342
6063165342a2494a,盗墓：从老九门开始长生不老,0,0.017382101668461214,0.010059133910997433
cb2da4d3a409bfb7,盗墓：听说吴家有个疯批小姑娘？,3,0.022490732087974252,-0.0761620173492279
911002548d6f6c10,盗墓：在盗墓找对象,0,-0.029103919550502066,0.07637199813423659
c0a663b1777531e8,盗墓：她带着执念走来了！,0,-0.006141801417587134,0.019990993424976698
419159eb61d8f844,盗墓：寂静之主,0,0.05695936575779392,0.047688640412339875
8facd70e3d6a6103,盗墓：开局只有两年,3,-0.00670172594037266,-0.0825446076038551
4555876acd150bb3,盗墓：开局获得万古邪体,1,0.11025845327294692,-0.04318536411030878
ccfd99ab729eaf2f,盗墓：当普通人被迫入局,7,-0.056678517427173725,-0.10818881262197573
5efe605d04675c4b,盗墓：来自神的救赎,3,0.028120385053941988,-0.05777578718981783
1041e4580fc80677,盗墓：疯了吧！你管这叫下墓？,6,-0.08633434859184286,-0.04541312481574226
e1ef71aec5b431ba,盗墓：睁眼在格尔木疗养院,1,0.10789521856335593,-0.02043312301939484
dcce2533b3f48fe8,盗墓：被迫营业后就疯了,5,-0.1679812508470686,-0.05662948555779232
773c39401c91af24,相亲当天，豪门继承人拉着我领证,1,0.1643202971142761,-0.033107551136289326
10cf54c2506b1f44,相亲走错桌：相亲对象绑我结婚！,0,0.05144654793945436,0.023244849530182896
4ad8f4525551c927,相公靠我砸钱上位，又嫌我铜臭,1,0.12286411917719842,-0.07070963309567699
f0d2c45412499e7d,相声：开局怼哭德云太子爷,1,0.09730835162424245,-0.08477427443193587
a457b0a37dfb76df,相柳这一世我只要你,0,-0.01932826851071373,0.0849068824356372
df3733ec8dbcb30a,相柳重生之今生今世我守护你,1,0.09888222003684033,-0.05866284914334697
a97b9220f7106b70,相柳重生之只做防风邶,1,0.06500112667175362,-0.023882466283827192
e36d76820c492a6c,相柳重生之追夫火葬场,3,0.04958134644356993,-0.015718612484669926
cad2c04d35ac0fc6,秀翻整个学渣班，你管这叫班主任,7,-0.10658292820576065,-0.03602787461701278
d86fe5c7d144b12d,系统之逆天狂魔帝,1,0.08607689041304234,-0.01367105847027611
2dc1825b3182f011,系统天生反骨，创的魔功过于鬼畜,0,0.05344408007106827,0.03493990446067304
f895b215b145c7be,系统太宠了，变着花样给奖励,0,-0.023571057585627442,0.02198148301607004
96a242922a08f90a,系统掉线后，整个人都神精了,3,0.061686640635529755,-0.04832891597833049
6a466736e1e7591f,系统提前一年，你管这叫末日？,0,-0.02542496101799485,0.11949284951072198
c8b10c3762713fb4,系统炸了，我成了系统,0,0.030689917158445157,0.02019617165600397
baaf2e93aeb76a77,系统让我攻略神明？反手攻略系统,0,0.014658435943070924,0.020885346890356645
e9b971c058588515,系统赋我长生，先结婚生子再说,1,0.06806240851965062,-0.03459495671689683
58dd8edd2a835656,系统赋我长生，我熬死了所有人,1,0.1459475362439745,-0.03908170297564556
9665a36c209a1aa0,系统赐我长生，可我却只想寻死,4,-0.045325206094430415,0.12498308997708057
16be8a20dde5a0f4,系统走后，面临柴刀的我人麻了,7,-0.03547550936699301,-0.06624879181530874
1090e2c2244ca589,系统：异能觉醒水变成镜流什鬼,5,-0.24139336831612473,-0.15766367613135046
4734c63daa43b778,系统：我的目标是培养绝世美人,6,-0.037961380996379857,0.014903111399413834
3c8c8d0914763687,系统：蛮荒太子妃只想放羊,3,0.04978175735396084,-0.03238577753080013
f78c0825dcfc1119,细胞人在原神,3,-0.007964666340291693,-0.02549701983500018
835517923b820c66,细腰藏娇,3,0.016584249729354683,-0.06294960184487285
1f3537e6ff07dd96,老婆就要从小养,1,0.08185492067245981,-0.029104515189364143
8e8cc2806700dfce,老师别误会，我没叫你老婆,6,-0.052186493679504786,0.06312386010717806
94740558d52922a7,老板，你家动物园不太正经啊,1,0.07413114840462187,-0.008773399912233033
2d77b35d7e4f6d39,老爸嫁人后，总裁姐姐倒追我,4,-0.05320850090670759,0.10554717648986514
dc0f2d1662dbe36c,老舍文集,4,-0.15657706156272855,0.19320176660482372
c52edb82c97de23f,考场睡觉？不好意思，我保送！,1,0.11465357447629554,-0.008077181622032196
b6b3082dc94fd82c,聊天群：开局成为天道！,3,0.029442840120087466,-0.018271164430754782
758ac9ae0d95a195,聊天群：我们嘴嗨而已你来真的？,3,0.023784055950197502,-0.014347394307684651
9f24e43f075faa2a,聊天群：目标是债王之王,4,-0.2319586807519644,0.19761185252308547
b0692f5a6cbfa79b,聊天群：被骗魔门，我模拟逃生,1,0.14621720988853548,-0.015156059252777514
8c03d79310bdf020,职业挑战：开局卧底记者火爆全网,3,0.03606893027642266,-0.015855840302083972
8b62c2ea6ac4e1da,联姻后，苏小姐想当金丝雀了,3,-0.002701865258751268,-0.04835565120214392
2f3e5cd68ac780a8,联邦特区,3,0.02299226948652855,0.0036497639708716672
c1d6e92d94a337be,肆宠甜婚：柏总的玫瑰成精了,7,-0.0513392930387494,-0.06013252942058729
7afe185e5f36d21f,肆意娇惯,0,0.03878913668175488,0.014983787737707087
5c53270bf281f6fe,肆意温柔，周总他又撩又茶,3,0.050319078163392206,-0.022577520353489998
49e88932888f4ec2,肌肉健美训练图解：适合中国人体质的肌肉训练书,7,-0.02893857604243133,-0.14016584094476953
e1e62e5f72e9fe13,肖申克的救赎,6,-0.04862955431153959,-0.013229408144277467
60cd0781e256e3ef,股神：只有我能看到隐藏信息,6,-0.04095013279393206,0.031061198682962744
4d74de260f8fe056,胎穿小娇娇在竹马掌心野翻了,3,0.01624607972708969,0.016999880512022968
f79007ad3a09f894,胡图图别怕，牛爷爷我是龙王战神,4,-0.10097352330917825,0.14233084825840128
9374a0b272dbc563,能修改剧本的我，破案破疯了！,1,0.13743194948300552,-0.041219749850148944
94ba1470688ba618,能力很多，但是我不敢明着用啊！,1,0.07917809882489979,0.020918639953119603
d1bae2582cc016bf,能读心的我不想当大师兄,4,-0.13168135682167487,0.044200087280884405
9d5c5cd4231d2631,腹黑县令：开局拉女帝下水，刑啊,4,-0.08808760525635445,0.08014623640688068
485f9677f033ea16,腹黑阿弟要黑化，每天都要哄,1,0.06526010826076101,-0.018901528643849065
c5ee53e31b8dde6f,腹黑龙傲天夫君，总是对我真香,1,0.1094335175994181,-0.039971665375675584
853f53b5f5915c1d,臣服上瘾,0,0.015686396017274395,0.015073960792336598
0a665e88f782cba3,自研科技，我的神体震撼了凯莎,1,0.11510974574234134,-0.05650084738832215
1f930369349a199d,自称穿越者，震惊十亿谎言节目！,0,0.05643539825252564,0.049894837986012276
b75e1359a82b1b4a,自首,0,0.06479344878933535,0.03433322857673394
50f270e48741714d,至冬执行官，开局绑定冤种系统,3,0.01461440616509424,-0.036555736773136296
17f0e0aae6641407,至尊神主,1,0.10956391150815359,-0.06009088277022892
b5de31c60614488c,至暗凌晨,0,0.002965573836129387,0.01717488931199927
18d229361e00df26,致命心动！,1,0.07258515602147475,-0.03690113625271628
31659123e97f4ffc,舔了四个大佬后疯批反派会读心了,0,-0.002575012277930999,0.06529168498128789
040222f7ec962615,舔狗反派只想苟，女主不按套路走！,4,-0.07021092817409857,0.1459958221745569
3264247ddfa41637,舔狗系统：美男都是ATM,4,-0.05120949970566785,0.12641539872319982
c9ebe91bb05d0ab0,舰娘：我的提督有亿点点强,5,-0.21201431993046344,-0.01748050585671395
aefcfea8151b44cd,舰长，你是不是强的过分了,6,-0.02587811531075379,-0.01420427725433505
15db3822f4d31a98,良辰美璟，宜赏月,3,0.05715959488152367,-0.004249838428794717
68304baac0a792f2,芙宁娜大人，我只是个护卫,0,-0.00423055751676038,0.05806188741032016
b7f2234498e8871f,花与梦旅人,0,0.03646247671797098,0.015430035035173335
31672a763ad219ed,花会重开,4,-0.1533500506475448,0.1000825762449177
b0553ecb3950a734,花钱不减反增，双系统的我无敌了,1,0.12842749281319743,-0.03896130107658533
42ad903dba6b06b4,苏维埃之拳：二战苏军单兵武器装备,1,0.09720138913372389,-0.1825956716461313
067142a0946ac303,苟到天帝的我被女帝老婆曝光了,3,0.06159678725304396,-0.002671484157263876
5d06a142a459f795,苟在东宫，太子竟是女儿身！,1,0.15520491804566916,-0.019870421943458415
b8dd95a2e35050f9,苟在仙界的我，能在下界薅羊毛,1,0.130246722815767,0.005133598677786064
d8f05379a4b8580b,苟在仙路,1,0.09462016496722958,-0.05254560845864696
8e920091740c8d65,苟道长生：我在妖诡世界刷熟练度,1,0.12095335665221485,0.005921174348517067
58fba74085118da0,若幻想成真，我的老婆是另一个我,1,0.08081581105939517,-0.018152138792698263
fba5a617c0f3de77,苦难给我的21个人生哲理,1,0.06763181851376088,-0.08395122403353612
f4a3fce561d33c0a,英桀重现,6,-0.038455559250915705,-0.015522600042198211
97760e8f8643e02a,茶系皇少又菜又野又爱玩,3,0.06554479060911589,-0.1061972161734754
f31b27ac740af812,荒岛求生之开局幸运值9999,3,0.018100412759597062,-0.048477132542750774
69c1eb31ec706923,荒岛求生本无忌，校花当成暖脚婢,6,-0.051455582075276673,0.07312511444586292
029ef5a199dc27e4,荒年锦鲤：多子多福，美女找上门,1,0.14509774546158993,-0.02302733938247083
0dc1face2b0cf53d,荒野大镖客：西部财团,1,0.216159574316785,-0.08072117881084476
a49366da5e3fdaa1,荒野求生爆红后，我退圈养老了,1,0.10569996423907213,-0.01024406422789367
7a00bd2153ea2052,荒野求生：我和五个前任火光四射,4,-0.08322071678741172,0.10439158734165174
3a3274f6e6f6804d,荣耀王者,6,-0.08414950951974193,0.024347212241178223
0fddff65ea12afff,药罐小美人是被护食郁爷宠大的,0,0.016271784542561507,0.024277237977944705
fa9815038cd2b91a,莉莉安无处不在,0,0.002442584637701639,0.05716762344744585
4b9fbfa4ce5e37d7,莫若凌霄,3,0.057463572662715956,-0.030508451999175745
dbf2913a6f51426f,莫道娇娇不销魂，世子扶腰倒插门,1,0.09349288194339245,0.0021687750613759533
ff2e88026060d93b,莲花楼外花隐莲,1,0.07584273415919984,0.02508556180927701
191560aade3acb1a,莲花楼：COS段誉后我穿越了,3,0.0683350694758541,-0.03944647318107496
6ffe1336bc6e9ede,菲梦少女之追梦的征途,5,-0.27543157701681453,-0.10060979270007549
a28696da0e64fa84,萌侦探纪事,6,-0.0373229826594661,0.03718359038933356
76d076e4f8e7fb7b,萌妃天降：腹黑邪王惹不得,6,-0.04538237509069348,0.02830576490485649
1c2e06b0e2001749,萌学园之双生花,6,-0.11749541542279224,0.06010563394031009
0ceabec64479bb0a,萌学园：我好像不是路人,6,-0.03320016223774436,0.026549785049128995
814b58e8a20028de,萌淑女驾到之天使候补生,4,-0.10746820292089027,0.12026500300711095
55e4c68153bda4bc,萌系猫娘：和姐姐们的日常,3,0.057924784040332744,-0.035234200580474745
6ec94e6a1d158881,萌萝除妖记,0,-0.0005065138904429833,0.06822589030757463
9e4efb9c524c374e,蓄意囚宠,3,-0.00021043740676351952,-0.06266264188444362
3ea1f56a33a75245,蔚蓝回响,6,-0.03994600330482384,0.052768981095395226
14c928ef68ae8d7d,蔷薇少女馆,4,-0.06597138020085425,0.08491035991084331
773f812eed6025fb,薄少，夫人马甲被爆了,6,-0.04615949526111268,-0.013820126762342864
780c523b807655f2,藏于盛夏,4,-0.14028027826091155,0.1302429348357508
6afd7e0083b37a5f,蘑菇屋：十封遗书曝光，泪崩全网,3,0.011080763183242137,-0.04836985656271881
73860ffcf4724654,虎出山,6,-0.08103490337149705,-0.020201329846887116
80b6058de0a87382,虐狗啦！高冷校花又双叒壁咚我了,3,-0.004955688289647986,-0.02616331952237554
6cac87bb589de9a2,虽然圣主今天什么也没干,4,-0.11235315450098404,0.10426861803369693
c5e489739fdb9d8e,蛇仙：开局吞噬仙帝,3,0.03985166527645234,-0.024451962852309383
f238240be4c27188,蛇瞳,3,0.037970700454934336,0.0007063785226184922
d9b6b47a93adc49b,蛤蟆先生去看心理医生,6,-0.10654559261898255,0.010596670088743217
80f2f33fe2ab044f,蝴蝶瘾,1,0.08393936202526942,-0.007456652655175533
df38e1811ab69700,融合电脑：我的技能不正经,1,0.06732969272421352,0.01753192700888248
2c444c7ff9b2a298,蠢萌舰娘：提督，她又偷吃啦,4,-0.12979423820188296,0.13716688707055058
a28046d478d45102,血祖的我重生成了银龙公主殿下,3,0.048260847406224605,-0.02071016618306651
9be307537ce79a55,血色海报：从咒怨开始签到,3,0.017588093489678047,-0.03262020722223807
267a1d7a5ae8873e,行尸走肉，无畏战士,0,0.011339390424889295,0.10243879009916824
bda6d86a97f4476b,行止晚,0,-0.0022733194763072673,0.06317923763808096
09409fb3f83c679a,街头左转，捡到民国女大学生,7,-0.045474062857049025,-0.07843021144760863
e333dc39ae3486fc,表白不接受，青梅忽悠校花勾引我,6,-0.03245820023201207,0.04149395920951099
a4ca5e292ad7f2d9,表白你不同意，变心你哭什么,0,0.07346840780357022,0.041516211177515285
10df55584353ead0,表白你不接受，我走你哭啥？,3,0.018255316882851758,0.0015076565193212373
d401418e6a47f3a2,表白校花被拒，我被校花闺蜜求婚,5,-0.3369119460983744,0.0636059830027584
ad128a5c35160440,被人夺走命格怎么办？我直接嘎她,0,0.037453221803935954,0.06444282110907552
0797015475fbb385,被偏执男主缠上后我怂了,6,-0.11840680170353957,0.03789796736233745
1302e49c0f706fb6,被刘备抛弃后，曹操跪求我当军师,0,0.009910785131623356,0.08543455610613843
9250cdf5772aaf5f,被剧透后，冤种女配和反派联手了,0,0.031726671440234666,0.030090514267705794
a68653835b283385,被大厂拒绝后，我成了白无常秘书,3,0.009898304275702263,-0.029202044158142818
64af97bebe267bb7,被大小姐盯上以后,7,-0.0654324381425766,-0.055867579360327976
c46bf9abd5fb2edc,被女友抛弃后，捡回家一个萝莉,5,-0.16259381945048895,-0.04264498646763157
1a70b996d07b8b75,被女友赶出门后，和美女校花合租,6,-0.023687170782044187,0.006168929060961382
102edfd63a30d4b7,被女娲养了一万年，我终于化形了,1,0.08084059397629462,0.03417355582047732
e9b45de1e95a9722,被女帝倒追，求我开枝散叶！,1,0.09387584320206876,-0.008609262800727076
ec262298193cf945,被女帝听心声，这弟子过于妖孽,0,-0.03165027949209315,0.09296864259432058
217cae2df94945bd,被娇养的仙人掌，躺平爱吃瓜,1,0.06931655293427763,0.015526015597594103
92d9fc055ea39dd7,被屑姐姐变成萝莉,1,0.06274786731458437,-0.036642201308668125
bb7e4ece112bf2ad,被扔狼山，她靠驭兽风生水起,1,0.10778866804355292,-0.035019243176270295
8eda115880ebd762,被替婚后我捡到了帝国元帅,0,0.00266622468086819,0.0723496709535976
6ed1e6135cc75c23,被朱砂痣扔了后，我捡到了白月光,7,-0.06455838020164312,-0.06243730501368841
05f5b2f464eef215,被甩后绑定神豪系统，我签到变美,0,0.0510452832159668,0.03418900739634998
171d318ee6dbf05e,被甩后，成为反派魔法少女,6,-0.055861027043185685,0.05576286947251064
f2cf563945a8baae,被糙汉买回家，娇软媳妇超旺夫,3,0.055547368619966675,-0.01081493546223376
8bab88fd09ae80f7,被血族校花看上后，我人麻了,1,0.09953588665217972,-0.041889633785908216
2926790c94fdaeaf,被诬陷性骚扰，我国士身份曝光,1,0.11705855434484158,-0.053721533330224204
e1476651a4c65142,被读心声后，小公主成皇宫团宠啦,0,0.030509152816940666,0.017253067022218568
a61f537ced5d2ceb,被读心，奶团带反派舅舅们杀疯了,1,0.10517279839125193,-0.011763167382158416
2a254eae000037cf,被赶出豪门后，哥哥们都团宠我,7,-0.13688718622511448,-0.0938516113675849
662aa867a2ca7cb1,被迫女装，从迎新会唱囍开始,5,-0.2013726157517986,-0.022385607890478783
d32c068af057d572,被迫营业后团宠大神爆红娱乐圈,0,-0.034586781053222715,0.06807946591189915
bae077346733bffd,被逐出师门的我，只想逍遥天下,3,0.011331972762198994,-0.010379185621847666
ef3189aaf3929059,被逐出队伍的我，被魔族招揽了？,7,-0.12144832695709556,-0.1402792262313347
4d3fa08227667af5,被逼婚后，成了偏执右相的心尖尖,3,-0.03206173595928252,-0.04858668715596301
59620095365a891f,被遗忘的樱之吻,5,-0.18355361395153524,0.016103528271351933
ee962387d0e62a13,装乖，疯批总裁日日缠哄,1,0.10350365201208622,0.011525128501788494
51d66e8684d37769,装了两年舔狗后大佬突然能读心了,3,0.0547286560721747,-0.05578227402383266
04a572d4b30b7c97,装了十年舔狗后，我上恋综爆火了,3,0.026957780497365635,-0.10009094905065181
fec98d8c64df4491,裴教授，你行不行啊,3,0.025716636889709377,-0.09276619802814175
57bc15a87918c790,西方博弈往事,7,-0.06757919220334313,-0.1591191955100524
a5131c4bad01f2bd,西江月：公主万安,3,0.026680401101863316,-0.06749661549473551
20fb7d193a00d76a,西游从满级唐僧开始,1,0.07546384586371291,0.007509750576115085
c4b8bad3f66df5a1,西游模拟器：成圣从花果山开始,1,0.0797751099806352,0.03424313574450515
a3d849448bb05330,西游，我六耳，全知全能,7,-0.10730608642458961,-0.07024154579549004
268df3acb73d4b81,西游：人在天庭，朝九晚五,1,0.08244785128811571,0.02379633714358859
5a85e37f822a078f,西游：反套路气哭如来,0,0.032527188739249424,0.05172681148528664
4f635127f9582c51,西游：地府改革，开局发展互联网,0,0.0539861547693995,0.027120267728439812
d8b6203b28e91bbb,西游：我是如来，卧底灵山！,4,-0.07475722808075635,0.07950259387717055
cb555fa61dc6a828,西游：我炸天帮称霸万界,0,0.020106272542255055,0.04683873128137927
49fa2b43a3ccc387,西游：道友，求求你别再爆料了,0,0.04945859218408544,0.029420915547388564
35441a9e344a7b6a,要不要一起修仙我的小竹马,0,-0.007668116087900578,0.10955495204843357
05f701c548feb514,要姐姐哄,3,0.004934355790057521,-0.012213677660037205
492af8294a32eaf9,要知道他是天君，我就不调戏了,6,-0.03414603194364091,0.005755345084034002
8dd45e5ef147f23f,见野,0,-0.000893179993827542,0.014380120600654188
20b4fd75eccf1ea0,规则怪谈，欢迎来到甜蜜的家,3,0.04775373043427844,-0.0024820701255226876
062de495f424641c,规则怪谈：从动物园怪谈开始,6,-0.1219142578180833,0.017254398978257455
4b42d26174496e51,规则怪谈：从妈妈的纸条开始,1,0.0972528413756325,-0.0003865516216682626
c9451bce242a68e7,规则怪谈：从爸爸妈妈的纸条开始,3,-0.00947437013206276,-0.012166670208580104
89431ff18ad02ac5,规则怪谈：他们说我有多重人格,3,0.04119516823119007,-0.028224106269200324
f3717d6be11b6c73,规则怪谈：你们都给我变鸟,6,-0.0367928101626212,-0.02696903252053512
e86eaa3621721c0d,规则怪谈：偷听心声，诡异她馋我,6,-0.074007884052612,0.07020833150552996
eb8ecfe1ed678fa2,规则怪谈：可莉也想在怪谈里炸鱼,3,0.01338155112874262,-0.06684544706283166
6216184f24f25802,规则怪谈：妹妹不是亲生的,3,0.020656983933935447,-0.022706483100658467
7c7cb60e1d9d4567,规则怪谈：开局嘴硬说自己没死,1,0.09249723602312432,-0.0024804823196539635
e4573de59b3053bf,规则怪谈：开局将小萝莉卖给邻居,0,-0.011301205304360185,0.006118655766660635
f19dc8081f5acd6f,规则怪谈：开局替室友照顾女友,3,-0.01392458933482571,-0.08470031676585146
79e2269cf886c5ba,规则怪谈：开局靠演技拿捏女怪谈,5,-0.2116724849768143,-0.0428589032761573
5650741372c3ae19,规则怪谈：我一疯子你说我开挂？,0,-0.011044247774391447,0.04041512722904551
ef5293a91b407a4a,规则怪谈：我即怪谈,3,0.0026368641495062572,-0.04511734060243679
b26a1eb4901a3762,规则怪谈：我听到了成神之路！,4,-0.2941925125453454,0.15346091370152382
86f9bd176bfc7973,规则怪谈：我的家人不正常,3,0.017186185738685245,-0.05353175602038726
e5e90fe9e95a70ae,规则怪谈：我的第二人格是芙宁娜,1,0.07722620489211884,-0.04785249896898791
6cb59197c20bd002,规则怪谈：我能回档不死,6,-0.07466201975090714,0.010322608656959059
a0cfeb55550d53aa,规则怪谈：我能看到隐藏提示,1,0.1274206528277223,-0.04422038114317677
593fa534c4f05fee,规则怪谈：我能看见隐藏提示,4,-0.20692917413808554,0.10408320467175856
49f2495920799131,规则怪谈：我，恐怖里的最终反派,3,0.0186667012130336,-0.108447447518046
43ec2d836227a82a,规则怪谈：摆烂人扭转国运,6,-0.060734329623326755,-0.012608482582094498
a8adb97cbb6e0815,规则怪谈：撒娇男人最好命,6,-0.020496363797825656,0.022755316940606472
dc150aca1edb7260,规则怪谈：看广告能得到格外奖励,6,-0.05087726603652165,-0.032898054971141164
404e0e8108a29af6,规则怪谈：芙宁娜把诡异玩坏了,6,-0.04318956720192296,0.04556533427128761
3aca9aeb694088d0,规则怪谈：草神今天也想萌混过关,7,-0.06947417721199217,-0.13296038619444553
17242b45b0199a1d,规则怪谈：说我残暴又爱我如命,3,-0.008781301050071688,-0.02901361065924427
791585f2fe410a30,规则怪谈：这个寝室有亿点点恐怖,3,0.0043785858158000845,-0.03717333698193547
cd541140ebc6c9c8,规则怪谈：银狼可以随意篡改规则,3,0.027758949517101783,-0.014961265186590366
2c3415a8e04f91f6,规则怪谈？别慌，诡异会保护我！,3,0.05055782480143489,-0.06392619266096475
ae254d8b04e74012,视频通历史，我打造十大帝王金榜,1,0.10903796325370863,0.006005596549308184
4b248807f3f933de,视频通历史：开局盘点唐宋八大家,4,-0.07465642551029922,0.14556687068275687
738ea5cdfd0916d8,觉醒白死神，捡到双人格魔裔少女,6,-0.05351361632693352,-0.026416638202934346
108fb2dd590ca425,解锁兽语：冲喜小可怜成百兽团宠,6,-0.06711424840786429,-0.0056880176322782715
541ad080d0b5376c,警告！禁止黑化男主强制前男友,6,-0.036067371169660634,0.008197837744875354
fad2db38f82fe137,警命之光,1,0.09475248341129794,-0.024948614280761425
6affbd4279e5009c,警察叔叔快查他！他不像是演的！,3,0.04171307279114256,0.005790498403490551
a0c569ef09032bd0,让你上恋综，你带天后三蹦子狂飙,7,-0.14515396923671742,-0.03764507384069131
864cdb74dbd5ac2f,让你做交易，你引领了时代,0,0.07263771066865166,0.033217371511350596
2edb41ea8dc3f505,让你做卧底，没让你娶女帝当魔君,4,-0.05102374645080987,0.15176731506105492
7826a013a60b92c5,让你写家园，你现场写流浪地球？,0,0.07801843051816015,0.04423329354567047
7abf5f042d4a0094,让你卧底，没让你勾搭大嫂！,3,-0.012398748943798166,-0.005383988628086445
0fcf0f2ba47896d3,让你去历练，你却去开枝散叶？,0,-0.005500804338009702,0.03864780768344373
5e9c9b73a3adde96,让你去反扒，你顺手抓个通缉犯？,1,0.08932477273182537,0.002998177439899973
00d944dc27823de0,让你去心动6，你恋综只打高端局,3,0.05750481532583518,-0.02262483055168543
f4527ed3505270fa,让你建设星球，没让你养异种族娘,3,0.029810016910250092,-0.01667425998102117
b3e45c5047a711c1,让你开维修店，你掀起机战风暴？,0,-0.02679318948655035,0.05087321296415084
87b8ce206fb393ee,让你当军师，你和女方军师好上了,3,0.05353793311017896,-0.008065322582303162
88600c20b6f4aade,让你当昏君，你一统六大国了？,0,-0.03110707877798824,0.06959888208303824
d68f813f36dedc48,让你当面壁者：你反手投靠三体？,1,0.12017223801372223,-0.03566117095355617
f6ae93bf6b150a80,让你打造装备，这黑丝是什么鬼？,0,0.04932462015626993,0.023138497049287537
b0fa5bd7b191a1d5,让你捉妖，你跑去攻略兽耳娘？,6,-0.06417168727033273,0.06151129588399416
2e0c36505e420454,让你捡破烂，你捡出来核弹？,6,-0.07428291448890212,0.05594380514916638
41245eac43711e63,让你模拟犯罪，你却制造完美现场,1,0.13027676170016134,-0.08294974135596042
ed6be66995c4fe1c,让你照顾家人，你怎么还无敌了,3,-0.0036945264686064627,-0.0052592132309531425
57400b451a32f870,让你看一眼，没让你顿悟鸿蒙三千,0,0.07473821661857627,0.05792485585695578
44ff7cfad75c41c4,让你装鬼吓人，你把地狱搬来了？,0,-0.01876163221117827,0.08169144282521569
f71664a4c2996e38,让你讨伐深渊，你成了深渊之王？,1,0.09104724743071535,0.020538324519447027
72d0c1a7b41ce199,让你赐福你赐祸，美艳神明她来了,0,-0.0033571711062286846,0.016863348067077545
d12cdcc841b70541,让你进去娱乐圈，你怎么炫富了？,1,0.09196672758617896,0.030834366447644722
24fc45ebc95beecf,让哥哥抱抱,0,0.030246103117432366,0.05786850371399322
e99787795640f023,记忆审判：妹妹举报我震惊世界,1,0.09388439196861997,-0.029589988737827293
36e6f29f5277281a,记忆审判：那一刻，全国为他痛哭,3,0.026272112334341235,-0.029815124329950368
c5dbd079244da4b5,论文被曝光？我的科研震惊全世界！,1,0.11718196881472576,-0.03855861788102784
3e1ec498efd0fcb0,诗词曲赋常识十五讲,4,-0.18225730108134014,0.041306358860852835
fd75490a415f595b,诛神殿⠀,1,0.09139999598570692,-0.041877303060171
1ce9f06855c45fe8,诡异世界：穿越被病娇少女收养,4,-0.12964160471581015,0.11257284706949243
ddc5558ea2bc3597,诡异复苏：我老婆是女王大人,1,0.07387822227723873,-0.02652634735924201
08baf5e106273847,诡异复苏：我能化身大妖,3,-0.02260273713736799,-0.04460961945443819
d9fe9a572f14a89c,诡异收容所，你收容我一个人类？,1,0.10534462814813017,0.0009838602495474452
be58fdd28932b1ba,诡异游戏入侵，氪金十亿当鬼王,6,-0.05364139882504171,-0.0330215198205317
d224854880c8aa1c,诡异直播：我的追随者全都重生了,7,-0.14085228726126348,-0.11990579908931773
ef068e48054f3089,诡异直播：我能无限推演,0,-0.005407332643322604,0.0766092302664741
bf9a233c6684818e,诡异降临前，捡到一个怕鬼的阎王,1,0.06700750106014064,-0.0318519402264669
7ca29e53c9de76e3,诡异降临：开局拥有万亿冥币,0,0.024123799095126297,0.02898447374733997
6351bd7dff805dda,诡异降临：我不死不灭,1,0.09455710193988964,-0.06416488916103816
baa68f67747690ad,诡异降神师：我的娃娃真能显灵,0,-0.011744687627662065,0.032221271165199045
6ad9fba1197d25cb,诡异难杀？抱歉，我才是真正不死,0,-0.005304647735337342,0.043452196645384446
3a74026e1527ebdd,诡异，开局锤爆八尺夫人,3,0.007157403741392621,-0.0816408887885872
65031f03006a31f4,诡异：半吊子侦探成了怪谈魔女,6,-0.06369224024412384,0.008412458969905875
1803e3886af095bb,诡异：卖萌？我是技术玩家！,7,-0.017047448526759656,-0.09502425158306374
e0dc4138f5b2cad4,诡秘：我一刀斩神,6,-0.027051157805129733,0.012678505456374724
38be1c03f9cdcb60,诡舍,3,0.036540343927589536,-0.02139600970987116
25e677e31d53319d,诡谈之主,3,0.04147495017048053,-0.009368276347178356
0e37c97a50244070,诡谈：邪神再就业,6,-0.04132844835457128,-0.011093106561104252
9275e2c17a179b26,诡道修仙：我能无限回档,0,-0.036615968734579674,0.07958918091009598
3bca9f6218407d37,诡道长生：我在诡异世界封神,3,0.02788311574636304,-0.04195123345225245
405a8de9c93d520c,语文知识大全集,7,-0.16522768548977684,-0.20015623915000436
02d04dea2113e787,误入恋综现场，竟被国民女神倒追,6,-0.1231983776941506,0.025167105837355135
1f633c96355e38f8,误入星神群，被阿哈拐走当令使,4,-0.09444907914249606,0.10412008469151915
c22a205066289afd,误把女总裁拉进家人群，我人麻,3,0.03691415326271463,-0.03311543996713088
ced271875a4dd8d7,误拉女总裁进家庭群，她演我！,3,0.03332345799217584,0.0032310986222859614
44fe34c3f445bac0,误标记了女主的反派小姑,0,0.03328822527023212,0.0496924588416252
40a1e00201056bbb,诱他入怀苏教授的小狼崽,0,0.03254009772695288,0.04707545354884536
b9ae6e620ebdc59d,诱吻小月亮,0,-0.01249136982639193,0.029856586736874177
b1cc9c125832c793,诱吻成瘾,3,0.05109060998054027,0.0031281943958803896
df2c587c93220ca9,诱吻野玫瑰，病娇大佬黏我上瘾,0,-0.028051498871709324,0.06880126029599362
69bc12fdcbfaf17e,诱她！吻她！把她揉在怀里宠哭了,3,0.04747370512477944,-0.0683671239094761
a6961bc942b17c95,诱摘小青梅,3,0.0580572905147162,-0.03290100962243894
7410ef3639f4abc2,说了多少次，别管我叫大哥！,4,-0.14679132548827034,0.05640545734620435
1930fa6c5503ffb5,说好一起上大专，你跑去屠龙？,1,0.08585016995888195,0.00915570366335784
1ae5cb992be74865,说好考古，你九龙拉棺纹身曝光了,6,-0.12454585896378934,0.06686100054308027
16ee67309629564c,说好诡异古神，怎么是个白毛萝莉,3,0.02338229584701057,-0.024199331070163296
d4814bba75d183ff,请叫我鬼差大人,3,0.03144911824206764,0.007180164907434582
87685d9c0706ded6,诸天万界之不死阎王系统,3,0.04350167627034174,-0.005618537899550481
d008485786355b56,诸天万界之我不会修炼只会抢,1,0.07136398657545562,-0.049369353510355735
eaa4252b134b7ae8,诸天万界从鬼灭之刃开始,0,-0.007398464091614043,0.0679619147937527
c820acbfd388ba37,诸天万界无限融合系统,0,0.00620556449935683,0.04828211564207503
21e1c5848d91972e,诸天万界的祖国人,4,-0.14437232470623568,0.1054835022842067
2b052ebaa6cbff07,诸天万界：一切从卡塞尔开始,1,0.08322013712580467,-0.069157942206328
36d6c0924e34b664,诸天万界：从超神学院开始,6,-0.024561512934863916,0.019079386570585357
5cb1c9879eb0793e,诸天修仙实录,6,-0.13161974543881488,-0.014199712241890334
76c9bfd968ccc7ef,诸天影视从四合院开始,0,-0.024742563750316526,0.0642639284143642
6d37e40fa64f228f,诸天影视维度大穿越,1,0.08880372986938512,-0.031021923042953887
6c7c4c74156e9da1,诸天打手公司，那年我双手插兜,6,-0.04559995605279643,-0.01732843981009253
b52b28a22ffc5383,诸天无限之卡牌系统,7,-0.09914867311887848,-0.05850466896570273
1498163435b3c436,诸天末日游戏,4,-0.04932747628882472,0.10164639436886747
f9206f8e1f78cc42,诸天礼包：从一拳超人开始,0,-0.006635936480210325,0.027903301814251314
6239dd308c034a55,诸天纪,7,-0.033385409812389855,-0.06240862850245349
df9e25293ab45f5a,诸天起源：寒芒灭世，众生劫,1,0.10535219140095797,-0.06499049061777523
4612a81d79131c8a,诸天雇佣兵，从四合院开始,1,0.14173054622711034,-0.009304336827090974
415692edd2d57362,诸天：从成龙历险记开始,6,-0.12332198130331867,-0.015005094554380139
6633be4eefdac0a8,诸天：从笑傲开始表白,1,0.11765983807327329,-0.034239244198901064
b499b6f2641bd526,诸天：从综武世界开始,1,0.11741508008752988,-0.017204945204174475
4c4c3b5174b202b8,诸天：我成了系统，还得高考？,0,-0.02087470206590686,0.012691591554442579
7bab20fb64d64cf4,诸天：我活着就能叠甲,3,-0.018725224605849133,-0.04791802747199644
28daa13e2d898d1e,诸天：我的学生，有亿点牛逼！,6,-0.06450867769246826,0.03516679132702026
f73fce80712c6f19,诸病缠身，我不治，你们哭什么,0,-0.010225242102261667,0.029549859098007704
37cc7b5b61f828e5,诸神游戏：碧蓝的守望者,0,0.006479807110595481,0.012986760609709448
bd7fb4d851dd574d,读心纯欲娇妻，禁欲军官面红耳赤,6,-0.03999040389301828,0.03169799908350766
e6671c26ff0dd2b5,读心！这个王妃有点良心，但不多,1,0.09359960641531284,0.003490483507296551
b6a1324f5bb8c696,谁会喜欢态度恶劣的毒舌青梅啊,0,0.012966578930137529,0.03521707504200364
a37eecd6c74aef6a,谁家好人怪谈里用桃木剑啊？,0,0.04605229401960442,0.03032434217907489
e27ccacb0851b1ee,谁懂啊！美国太适合魔修啦,5,-0.15315842618333692,-0.03636980268412688
5aa4c25c5b6d1190,谁懂啊，美人老婆天天撩我,0,0.0070830835370145895,0.010665158280825862
c09969ecb3be37a0,谁懂啊，身为大师兄真的很难低调,3,0.02176927265291173,-0.05162475113081501
94532f96de14a052,谁看到我的剑了,7,-0.05325014340287271,-0.05132743329402983
eb6ddec52b9db933,谁让他做游戏的！,0,0.00957965905023761,0.039408777696935265
bc9f3768000e9130,谁让他当警察的？,0,-0.0014252132286211028,0.03922201159501446
4f334a98cbca4aeb,谁让他当鬼差的？,0,0.06484066333335625,0.02323465397278781
44e1524fe229e78e,谁让你过分可爱,6,-0.13483872530405205,-0.02320207018582419
73ca9f0e03ff9408,调教末世：没有道德，我为所欲为,0,0.0421654667696012,0.029219056803782832
320a5b885f639983,谋士纵横,1,0.10023626553499299,-0.05891654457426682
15cef4af14597225,谍战小特务的逆袭,1,0.06488764718574802,-0.03910265059659075
0e66937a98d9f870,谢家的短命鬼长命百岁了,0,0.04765596930268934,0.011969334663110974
1c9d1ba859e88d46,谢邀，人在星穹铁道，刚下群星,3,0.02987312185329738,-0.05472440088782348
5dbc182548df769c,豪门后妈在娃综反向带娃爆红全网,3,0.025092909654823248,-0.018725025761013248
891e5c1b2b6b76ae,豪门夫人马甲多,3,0.04032536447834634,-0.11950633359779238
5d981362bfccd651,豪门小后妈又又又搞事了！,0,0.06927844478370404,0.049604585605525456
2347e3adb95bf495,豪门赘婿，仙王？我早就不当了,1,0.08995302626501334,-0.03760339614277495
3e02a10fac98fe9d,贩剑红衣身上穿，掌声送给整活人,6,-0.06799741525880354,0.06114247654003161
c2645700c8be92e7,贴贴！病态美强A忠犬又乖，得哄,3,0.011471963135564534,-0.02246354378991811
a6a453f5a5a7f46a,贴贴：养成的反派变成病娇了！,5,-0.26195816193851673,-0.07852196845839135
06fe1aad1e644823,贵女重生：在摄政王怀里作威作福,1,0.12569520603853235,-0.020430472515886124
7ec97606e9cc6e1f,贵妃清冷，圣上夜夜相思,0,-0.012602842104951495,0.0682969571202812
aad097dacfd9e580,资本论,1,0.22621872054399383,-0.09277742120456005
9ecdc64dca5c58a6,赌气嫁给心上人的堂哥，我一胎生三宝,3,-0.00436958204540927,-0.07258297539015271
cedec6bcb94d69fd,赐福降祸，神明她有亿点灵,3,0.014835835937186626,-0.04663901685678382
63f2667e249f822f,赘入谭家名动天下,0,0.027785018169037,0.06471738765494874
36f387c09d05a4e9,赛亚人的我在日常番净化七龙珠,6,-0.07215229264981754,-0.0202106755355369
a95bbd5990fab97a,赛博朋克之重生成为失业创伤小组,1,0.06714584531268153,0.016154808543623354
912a581bb2b6c6c7,赛尔号：圆梦从收服女神缪斯开始,6,-0.031859503308164616,0.027312298256281425
39a6732dd102d10d,赛马娘之黑色刺客,3,0.029455224190938267,-0.0038791669323570894
149d094269beac0d,赛马娘：漆黑战将,0,-0.00019933115292947168,0.02375328615106605
13903aa0bdfe7385,赶海：开局一把沙铲承包整个沙滩,1,0.13465030913995069,-0.024068696425437297
045e2d2d8ca34546,起底观心术,0,0.011863029041661477,0.0931518770313897
6215fc7363d5e10f,趁女帝还没觉醒，让她给我生孩子,3,0.04181177073101161,-0.0032154592457549085
9ab85b4ebf25d126,趁女帝还没黑化，收养她当反派,6,-0.025781585753296976,-0.001544800937660727
0bb8b9632665682c,趁李寒衣青涩，忽悠她做老婆,6,-0.052033644893243636,0.07559254006648244
2e2958d0c12d4a78,趁校花青涩，哄回家做老婆,0,0.0378175742756417,0.024034215810666466
6142eb6d1a0fa386,趁青梅懵懂，忽悠她做老婆 作者：奋斗老九,0,0.018863481785267533,0.05899857269777081
d7a21f0a958fa047,超乖软,4,-0.12585013557363506,0.07623221725634569
3734a98366eb1829,超时空交易：我一瓶水换核聚变,6,-0.025755002039106134,0.01356011641790347
8e45047c08a654bb,超火！真千金靠败家爆红娱乐圈,0,0.0009222643425786936,0.06316503116036466
1aeaa3efc6159ff5,超甜宠爱！影帝主动撩上门要结婚,0,0.022896857747317645,0.04105012161017915
c8b69f440be03fc8,超甜狗粮：影后姐姐在我怀里撒娇,6,-0.05126887214904596,0.0247563437517911
09bd04398307c23b,超甜狗粮：绝美校花是我网恋女友,7,-0.13597266993454638,-0.16794645573715397
e0ce40edc5bba498,超甜：开局被绝美校花强撩！,6,-0.0285157053601931,0.05144663902633343
30925ade3dc795bd,超甜：绝美总裁姐姐对我图谋不轨,4,-0.18294192584795854,0.1323516650060796
9fccac30aed46b77,超甜：青梅大小姐缠上我了！,3,0.04150829796205113,-0.0988541629936218
c4461b76ff250c88,超神学院之天命所钟,3,0.0448683948385834,-0.02558050157191087
3e74c483c01bfc2e,超神学院：开局虚空引擎参加高考,0,0.009760669431146285,0.03501857111306151
685cb7cfae891bab,超神学院：我能召唤童年动画,3,-0.0010860597890696155,-0.0328585766920023
4141eb3a697f1011,超神瞳术师！我靠双眼开天辟地,4,-0.14380140986908474,0.21352442055664134
d29201e87db799c6,超神：奥瑞利安，铸星圣子！,0,0.00024987874081328076,0.035077022508937024
8b80eab25812fa5f,超神：我妈说我是意外,0,0.007681068182539108,0.03460610405974969
801ff3c332dc0359,超神：赛亚人吃软饭不是很正常吗,6,-0.029798187439017798,0.046423216723324896
f66ab19523c58cce,超神：那家伙，又带回来一个女神,0,0.0036398549021706694,0.02978428322195666
958ece6223603593,超级上门女婿,1,0.12413632499872529,-0.036369554031774436
719ea9ea06fbc75a,超级兵王,1,0.07045691466626369,0.006128735369731034
59c6be7de19c2960,超级学霸：从低调控分开始！,6,-0.031185285293771403,-0.013099726909191412
fe53cc54a91f7e64,超级黑客,1,0.1062725956875904,-0.01143893090197267
46ae918bd8d99d84,超能：我有一面复刻镜,6,-0.03628514466597582,0.026864430077684912
248cc129958bce1b,超能：我的影子爱看喜灰！,6,-0.08273255416395825,0.061042421898781014
78a271c7e3aa49f5,越狱后，佣兵大小姐炸翻豪门,0,-0.006675580834532013,0.02161706130416976
8f5b6df4e474ea70,跟反派在一起后，我恃宠而娇,1,0.08057214017566272,-0.0614103250546862
287b39ce7342c39f,跟校花互换身体后，她缠上我了,6,-0.06882960483342199,0.006322588965515505
cc2d3276cd26bed7,跨越时间线：我财神缺钱很合理吧,1,0.12165094412880961,-0.023608432994474873
4073541958172a68,路人甲拥有万人迷光环后,5,-0.1932566408361846,0.025851222828232153
cf4ab233aad37bf9,踏神墟,1,0.0883157150406958,0.005074338428284663
6663aec746e312ca,身为兵王的我，遇上了国民女神,6,-0.06813754632946545,0.07475936198242734
01447c380625a04d,身为天才，我居然是家里最弱的？,3,0.04215943653250054,-0.02743813079773544
32b71265e217b014,身为女王蜂的我如何拒绝雄蜂,6,-0.04073663399421951,-0.03637167270248723
cb4f7d48721501ae,身为最强魔法师，竟转生成萝莉？,3,0.004267024424632115,-0.08991972749927311
d605da80777be519,身为精灵使的我拍卖下了小星云,3,0.04322235857739687,0.0005836513199433868
3bd0a7fd72fab189,身为龙族的我才不要拯救世界！,6,-0.022383309223007408,0.02490457451260479
7120bf7543364fb6,身体互换：战神王爷替我宅斗,1,0.0695635858979784,-0.001111574579030738
3b5aa678b268d98c,身患绝症，我成为魔法少女,6,-0.11329366252349626,-0.002411445843393673
d7cab153b1ee8156,身患胃癌惨死后，七个姐姐后悔了,3,0.02018209679059113,-0.03773794370986216
855ccbeebfbb1766,身穿反派，只好将妹妹养成风傲天,3,0.012214249286000123,-0.0289893357633348
073cd7ed78a8bfdd,躲在幕后，给世界带去恐惧与信仰,3,0.029300111346706292,-0.041266824755331825
5a7685b21d512ec7,躺平！在恐怖游戏里嘎嘎摆烂,1,0.07477288830983142,-0.009916225798715124
703dce2458ed43c7,转学到东京，然后遇见单翼的她,4,-0.06742470260057754,0.10863281761563771
80f34ee4caeffe27,转学第一天就和同桌撞人设了怎么,6,-0.10264371301699865,-0.01916899899813831
c3938e69f8b2da1b,转生到二次元的意外人生,6,-0.0483627902591639,0.07996088783679897
babef95985c1ea0c,转生哥布林：开局扛走精灵牧师,0,-0.0038999164837989486,0.046405950056268526
117417a8e1573d7e,转生女帝：我家大师兄有仙帝之资,3,0.03744575287439256,-0.06950661552633175
51c5393aa00b8be8,转生成为血族公主,0,0.020074446756088937,0.07489415017201657
32f0a63a6b211608,转生成僵尸的我只想被主角做掉,0,0.0013418691290336682,0.08895603344712193
73e6525eba4e7a9c,转生成玛丽苏文完结后的替死公主,7,-0.03496149810456761,-0.048441982469323054
fc90304487253bd8,转生成红龙的我戴上了火焰冠冕,5,-0.23049512358367447,-0.159122070756251
3d6b86cb95da50d6,转生成金丝燕的我开始种田,3,-0.02487589387773581,-0.020949773685906028
5c044c1b4cea7144,转生月球超算，堕落竟是我自己,6,-0.044058271808446625,0.054828485701163596
833a67068a236367,转生精灵孩子，但是哥布林巢穴,0,0.012944047892157862,0.0212117284986377
8ab2aea15bd6e82f,转生蜘蛛：化形诡秘女王,7,-0.07960797678321324,-0.09150336252643824
db1b05ddfda780e7,转生血姬在魔法世界也不会屈服,0,0.04324165346903819,0.017021555110975285
3e7a5733b4a406bf,转生血族小萝莉，但在哥布林巢穴,4,-0.12414574858805943,0.09916852761810879
fc9b225f58528792,转生面瘫萝莉法爷的异界旅行,3,-0.011486714098323969,-0.01664120946361922
0e6c60bff4fd13c7,转生骷髅与蜘蛛子一同进化升级,5,-0.2346320952433023,0.014575976399017579
ce5f75a90b3e1de7,转生：我的妹妹是血族,6,-0.04653996609468308,0.051451218887818465
caabc928a829efde,转职成概念神的我，一刀震惊全球,1,0.06639134494127519,0.013399812007477288
6286e4ff16af19f9,转职生活职业？我开局种下世界树,0,0.002014765732687107,0.024720743624714114
a8f5d14a6b6a8c69,软糯小哭包，太子殿下拿命宠,3,0.03236574464324604,-0.04930533783106632
64d0a8a48d556b95,软萌小可爱和她的暴龙,6,-0.04723109143937698,0.019267783996115437
e1edf5d998886349,软诱,3,0.024498958401546922,-0.036798885406711696
b562a2e2f31cfa09,软酥腰，娇妾媚骨生香,1,0.09634565288493357,-0.031385712962346386
fcd2bdd40291a73c,轻吻小月亮,1,0.07107081601185106,0.0050284465542858306
7af37537921e675c,轻吻花语,3,0.04871984169614585,-0.021214070011236548
960cc6cd45ada416,辐射纪原,5,-0.21010291453830726,-0.09116781887589848
aca508f1131a62bd,迎娶小娇妻后，我奋发图强考科举,2,-0.4170689623408561,-0.2534606516698599
90672273d3d8c727,迎娶植物人女主后，我被病娇盯上,3,0.01796373913807847,-0.02082315961161002
6a2eb1ecabe2d943,迎娶皇后，竟让我这假太监帮忙？,6,-0.02134995239433296,0.004449587809512329
1f607778249a8c80,还剩三个月命，请让我从容赴死,1,0.09574863384858467,-0.0072330073174555354
f9e88186bee4b2ec,还珠之知画重生,3,0.03799354566676694,-0.0036190143418439176
9d5e5b88a4f50cdd,还珠格格之十全十美家族,2,-0.8521105304708345,-0.5087179275701647
98e47e4298291246,还珠格格之永燕同在,5,-0.2113649060357367,-0.20289752183430732
2b5a5a3b13735e20,还珠格格之老佛爷重生,1,0.16449096478462177,-0.05546620435826391
b8e6332273697a98,还珠格格之萧国公主,4,-0.1953947469954519,0.26477122734221975
0659fbc966eb21d6,还珠格格，天上人间之永燕情绵绵,1,0.11021925801848897,-0.0031630088141324114
7d86ea48919e081a,还珠永燕之天长地久,3,0.010482251715790869,-0.005611865807186506
0e768fca1925cd97,还珠：这个格格有点良心，但不多,3,0.01955821746727182,0.0062664422315237235
9c5bcb7764dabd3d,还钱系统：学姐，你也不想成为老赖吧,6,-0.031410203624986366,0.030267238669431273
5060d4e2182b6620,这个世界绝对哪里有问题,3,0.022554217919048547,-0.01876315719370515
f85e7c6937c34218,这个乐修有点狂，门派第一敷衍王,3,0.06199353448957612,-0.04553853268456737
b8051082a77ecd1f,这个反派他摆烂了,3,0.0032482690675786907,-0.006705065094653307
a1403956469fd96c,这个国运有点诡,1,0.08227808946481796,-0.010786019390970923
74fa4a52cee7d9c9,这个摇滚少女怎么有点可爱,4,-0.17264237985146497,0.132212150801555
7ef786740b982d89,这个棋圣有点抽象,1,0.09226701651426716,0.023674412974505666
eb43f59412fe14d7,这个江湖因我而变得奇怪,3,0.06717713861503782,-0.018730431040972485
82a732a4c7ff80ad,这个竹马有点甜,7,-0.0739622867039022,-0.04786842791042483
abc8dcc5ae7da214,这个系统好坏，跟我好搭配,1,0.06589194993264214,-0.03388457589514894
e8407033a9257252,这个辅助很正经,4,-0.1547674530527438,0.05441108744842684
0eb5ed59cdb1a0ae,这个首富，只想追他亲儿子的妈妈,0,0.015362831737953497,0.007494613494501956
177cbd9700f87e87,这个魔王明明超强却想过退休生活,4,-0.1802976795037428,0.20224287389971843
d6458cf4dd2aef25,这届主角不服管，老子不干了,0,0.00935293228472478,0.04391803728657406
b6b56ddcf54cacb7,这年头，老婆都是自己送上门的,0,0.034604038709646456,0.04664121523332717
7a1dac9b0aa58e9f,这座山头的狼，被我承包了,4,-0.22952932534396903,0.20953791354213508
862a66136b0c026c,这本轻小说太厉害了,0,0.006277739259238024,0.011301713061895
5756a92087641b9c,这朵花妖有点萌,5,-0.17390812487891255,-0.00699090877361799
07d9e37715c4ff45,这海军能处，白胡子他真敢杀！,7,-0.041220597424870276,-0.0761611212818756
6b3e03ada380459f,这绿茶女配我不当了,0,0.0022248999086658117,0.05742201584731278
5940427f2f3f6d82,进击的巨人：雷电支配者,6,-0.07884203115801414,0.060310539420261614
925a6cd9579618da,进击的羊妖,0,-0.046734789715274005,0.08344066542160905
a5516489dd97dfa5,进化，从开局变成骷髅开始,3,0.033328501253685805,-0.002369808372767753
d5d03d2789cfe506,远古种田记,1,0.11846244608153378,-0.09279176194546718
2fac10a043cf2bab,远离团宠小师妹，炮灰只想救师姐,3,-0.001124823643004036,-0.09644799223259273
a48e5f0251d3eaaf,连子弹都扛不住的我只好吃软饭了,6,-0.06645626949385691,0.03899048751155693
e9182ed8e5eec7a4,迪迦奥特曼：我是怪兽之王,3,0.005370890613940027,0.012671068129733136
4bffba6981280621,迷藏,6,-0.04835404567498247,0.042527062380706665
4359c2050c719e28,迷雾世界：开局成为仙级炼器师,4,-0.16780402875698414,0.0776322664107151
51e0942740fe7ce0,迷雾求生：我能看到提示,4,-0.1594505501043329,0.065546902701058
d90b869c094c87bf,追什么女主？软饭不香吗,3,0.05340644658955318,-0.005193983309867438
d7a24d6a317053c9,追你时你高冷，我嫁人了你哭什么,0,0.056873131255595566,0.018311662071579523
0a2e35275cab96e8,追夫火葬场不成，她们变成了病娇,6,-0.02165756541905739,-0.010811184231355473
7a766dbb8ffb6542,退休后，被刀剑付丧神们日日娇宠,0,0.047685680857000534,0.02713047256264035
022d38485305b324,退婚后，司少追妻火葬场！,6,-0.04750661709234133,-0.012464883566002666
ed88b124a297a2cb,退婚成功后我抢了龙傲天的后宫,6,-0.08573444076548126,0.03289494233438694
eb76f993b64a35af,退役骑士：萝莉大小姐的私人管家,6,-0.03372920030270826,-0.008448756653594906
a84be6d4ad6367f9,送葬者：陆上最强雇佣军,3,0.06751688802618971,-0.010138379505124376
c13185306ec8510b,逃不掉！欲撩相柳后他求我私奔,0,0.02169423693374173,0.024732593979845837
3e2bc615f8300bcc,逃荒种田，农门长姐养家忙,1,0.10590229651270577,-0.02804218106557849
efc6f78cac5fc4af,逃荒路上：捡个狼夫君种田生崽,1,0.09598194437831775,0.03239114256011201
49296f144fd61df8,逆向二向箔将二次元老婆带到现实,4,-0.1383527498020128,0.16071097703548934
0ce4158e0ac3bfeb,逆天神医_6770899345983147020,6,-0.061188871076389206,0.07087785126307651
00848323398ca157,逆天神医,6,-0.061188871076389206,0.07087785126307651
43b3e7c70c83763a,逆天萌兽：绝世妖女倾天下,0,-0.010450477210291187,0.06146543369334705
49749bf66946652a,逆天邪神,3,-0.01586726029317609,-0.03450699530299894
262ceb671665389a,逆天！凭什么你全都是神级机甲啊,1,0.08607891844353666,-0.0016942831718683026
5531ac9cb249e73b,逆徒下山：祸害全世界,1,0.12508291604669974,-0.04195939854144229
f223f6fc56f9e22c,逆徒女帝，天天暗示我师徒恋,3,0.01209120667771224,-0.044834404376592474
7f00b324c416bd2c,逆徒如我，天天暗示女帝师徒恋,3,-0.008385217276754786,-0.04303176307342112
633f48a91d6d0473,逆徒红颜多：竟让高冷师尊黑化了,3,0.050614408144103895,-0.025084378609688117
ea9eb3c848b8b4b1,逆袭！男团选秀小透明翻身变顶流,1,0.13695168324621232,-0.03607297270472942
234f5a8c3578b3ef,逆转人生：这个村民太强了,6,-0.05966135720076321,0.0430509643053026
7c753d531e34e612,选我当御史，李世民你哭什么,1,0.08353427376436662,3.818488065558722e-05
62efaf0e49e24b3e,透视不赌石，你又在乱看,1,0.1346849130675727,-0.05024031853819512
a762095823e55c2e,通幽小儒仙,3,-0.0008601388624871475,-0.06472256553415934
8e2ad277644cd411,逞娇,3,-0.017655532082668735,-0.046644324139129834
64959b86aee83d7f,造物主之我培植了怪兽文明,0,0.029292881340664878,0.037459966464209356
e8fd9f30807072ce,逻辑学入门：清晰思考、理性生活的88个逻辑学常识,7,-0.10412921880870868,-0.15623795008009675
baef1552faac5acd,逼我退队后，她们追悔莫及,3,0.05654258754655195,-0.012076749936184296
16462c9d652b086b,道似无情,0,-0.012463382241987453,0.01381301324455542
6a0d5644291c63ed,道士和狗,7,-0.08202481376081683,-0.06029490031796597
869b58ae4c772a36,道德绑架？笑死，我根本没有好吗,0,0.031357552003010714,0.010854502592058954
5d71422476ac5389,道门太上：万鬼伏藏,7,-0.13441781640887268,-0.08257490750670525
beb4e3af65b6b06e,道门太上：血光之灾,7,-0.1489135248792609,-0.09206775321665588
6c3e7c5247a91fd0,道门驱邪人,7,-0.14559984610874022,-0.07973353121790223
a47ca42d82808e74,遮天里的多元聊天群,3,-0.02443942200284549,-0.025122192127529207
fc053fcf176aa93a,那些年，我们一起砍过的修仙者,0,0.020745804199045037,0.03515761666696725
6793c02480c2d68c,邪帝重生,3,-0.003173057068055929,-0.012010759479252696
2ac437be103956f3,邪恶进化：从蜘蛛开始毒杀万物,6,-0.05812735593318147,0.017354674289526376
938552b390bf3219,邪神大佬带我闯诸天,0,-0.009576218950647919,0.022600649637238183
cfbcd35d6bfeb57b,邪神驱逐计划,0,0.015858852234666543,0.033448684222554946
060a5550b7c26896,郡主是个小娇矜，首辅日日哄,1,0.09022582386476019,-0.01677442874465799
c952b156966b9ff2,部落冲突之末世家园,1,0.14982900454157155,-0.06473037046450164
acf73633000de153,部落冲突：我的兵种能无限进化,0,-0.006208038489369572,0.015865236830794865
f8801d61a1050631,都市之逆天修仙,0,0.0024550828592199148,0.026696449049547637
a94d0174154b4535,都市之逍遥仙帝,0,0.05175629123662928,0.06432184278553449
41c07b726347775c,都市反派：天命？我即是世界的天,0,-0.03812332935448792,0.06165922602879318
9ec2a365695b6508,都市精灵之外挂是幸运值爆表,1,0.13200141323599324,-0.043518449022112694
2a7bb4b97ca8ddd8,都市精灵：开局海克斯天赋系统,3,0.06366053331719446,-0.08156884128767013
76bc5ca2cf58f957,都市超级纨绔,1,0.13424429356783418,-0.01642727219835254
9cfb24f93a231a87,都市：从入住爱情公寓开始,3,0.008568476023727567,-0.018197606782844523
dfd6c491e45b6816,都市：从每日大礼包开始当首富,0,0.0026629314434043483,0.08322692082134531
1731873a6451cb92,都市：再不死我真就无敌了,4,-0.12009453069838938,0.17927320609490796
dc2bc669dd54af87,都市：开局看到校花黑历史,0,0.010839057909224126,0.0698197660155393
780e4438998d401d,都市：开局穿越成反派神豪,3,0.020324837038693477,-0.0034835937743695855
34986f33f6eb89cc,都市：开局签到SSSSS级天赋,0,0.008772163515141762,0.03636895456745739
9dde42034e839d2f,都市：开局解锁一个霸总姐姐,1,0.08740457276064906,-0.01728551728198445
9a7fa0d6c0d2d058,都市：我全家都是主角,6,-0.017939848817920323,0.020223123396173468
56f8904e5d86214f,都市：我每周一个新身份,3,0.03593545873436055,0.0008026684182160166
fdddaa9069496369,都市：我竟成了反派富二代,3,0.049071846262491725,-0.010099274556056739
e6c6733f824626ae,都市：我能一键修改人物关系,0,-0.012221477154057858,0.05066027749552655
8159d00ba163899c,都市：重生的我成了顶级富二代！,1,0.12403082848028513,-0.04258217978148269
ff5eb9b38fffaf2d,都市：高冷校花喊我少爷,3,-0.02910713359426287,-0.039545757131872694
f9f2a67eaba775d8,都快登神了，你告诉我大号解封？,3,0.04295939148829053,-0.02823805222369862
e04d8823bd2a6482,都成反派了我欺负一下樱花怎么了,1,0.09007441451678067,-0.005126804021847689
2fd66b737b03cf9a,都成魔尊了，你才说我爹是仙帝？,0,0.03164817053760438,0.06668402061135406
9bca859bf65bc058,都要白月光？那我要宝藏小可怜,1,0.06671632296660224,-0.00652872874232672
4f6d2789923766a9,鄙人独善作死,4,-0.22428657730046891,0.24233338556915301
9112d1445478e57d,鄱阳湖君传,1,0.08088655150685742,0.016913505166691597
5610dcca2bafad30,酥酒盎然,3,0.039516436855430825,-0.02323352309657091
0632d5f5d73f3a80,酸枳,5,-0.18376040253734088,-0.0289520695731128
e6c8e8ebda7f8ff5,里格巴斯的种田狂人,0,-0.014476910160113876,0.032682112389396466
1213c2cb5f628fc8,重启1978,1,0.13350954527965186,-0.027593282211615743
b6532c78061b38ee,重启九零人生路,7,-0.1334904157479156,-0.14332209373700336
3619711f966141fe,重回上错花轿那天，我当场改嫁前夫他爹,1,0.08492707296864244,-0.034191010584134394
f4ce7f96fc7f4cf5,重回末世前，嫁大佬后我躺平了,1,0.12083437889838533,-0.04261228437633557
77dbe498d831df88,重新来过：青梅同桌真是太可爱了,3,-0.015507211112051389,-0.02650544836809917
f5e32bd91d002af8,重来一世，我被国外上流家庭收养,5,-0.1805059932405092,-0.01874674463192839
dd3b7816ab977950,重生09：从大学开始的完美人生,5,-0.3701801828861784,0.060715236769084614
87e922124de8a625,重生1963，从逃离洞房开始,1,0.13880671081773233,-0.01623294058090125
802fa7da62519851,重生1980，开局入赘顶级家族,0,0.00662062358728166,0.04364049071776362
3036cea2b1081320,重生1990：姐，我回来了,0,0.0499053016960288,0.0151692357938118
e66a0d6799df9ce8,重生1991：开局迎娶绝美班长,0,0.07172699637422042,0.039230030217424
01ed79d568cda792,重生1999：开局被清冷校花揍,0,-0.03334028135185235,0.08359319739852739
9d6ebc8607f5053c,重生2000，青梅校花18岁,0,0.012504292085865898,0.06320425384723737
d19c9cd41b1268e8,重生2004年重新开始,1,0.0899119168097392,0.044320950271508806
7f4da6492025e26b,重生93：开局退婚迎娶白富美,3,0.021017138239306177,-0.04663122713918939
16926be5571a0f48,重生七零之小村长,1,0.07333621082019126,0.006189786385682882
3d65811bb2a431f6,重生七零：哥哥带我们去海岛生活,1,0.08129079955355767,-0.03944036813650792
c499104735759488,重生七零：我竟然对自己强取豪夺,3,0.011053148899315413,0.0030764712465848557
4d5bd43e5f90cc85,重生为幽灵船船长：我能掠夺万物,1,0.0754433698230863,-0.03372135338228454
5445fb3fec542ceb,重生为蛇：开枝散叶，彻底疯狂,1,0.14878487597351753,-0.02748663962287832
a069a41a52ccd558,重生之偏执太子来亲亲,3,-0.012187607304144477,-0.07952374025727171
2477f4b832a7ab51,重生之富可敌国,0,0.011840989058048312,0.018472966562391425
871ca8ab547eda2f,重生之心动再临,1,0.07319875559775946,-0.013803209004766975
6f0c9f65c216a0c4,重生之我是世界天道,1,0.08311357796388263,-0.06805123246955888
594d7d03a3e8fa2e,重生之我竟是霸总初恋的白月光,6,-0.08530249732857037,-0.025733820714789468
b6c8183328620023,重生之无双国医,1,0.07464130889595788,0.02594905225568239
dbef543e2d7cfb29,重生之病娇妹妹乖一点,0,-0.03182240412044374,0.10150107900214721
eaa389d98fae8a38,重生之连击法师,1,0.19429555735642445,-0.045530598994785274
3ae6cc6837b531b0,重生之都市仙尊,0,0.0396398702130607,0.07438180642758196
685c57a6e2dfbe7e,重生之都市狂仙,1,0.09805498985437888,-0.022718205917969324
ec8600a586549575,重生之霸道娇妻赖上我,3,0.005874556527102559,-0.02721964696495909
249a0067f1edfff6,重生了变身了还被兄弟看上了,6,-0.06096827353127632,0.04113332985354924
fc0982e4a6c3ff71,重生五年后，影帝老公他又撩又甜,0,0.0018429205597166876,0.03389013865505826
a88188d9315a7b23,重生京圈太子爷，问鼎权财巅峰,1,0.1634705968433413,-0.021364482594628302
a33df8a1aba86119,重生京都我被纯爱战神套路了,6,-0.08059956641071969,-0.014208304931210301
f2ea606e7680269a,重生六零：林晚晚养娃日常,1,0.08176340957596928,0.021535232707381377
c4340d4091abe4f1,重生兽人部落：我是福瑞控,4,-0.09031533408373377,0.10193315901489411
b0d7e89dc5bf5b7f,重生到提瓦特，成为剑之魔神,3,0.02232046925853881,-0.012219368594806634
fc809d56061978a5,重生反派恶少，岳父竟下山归来,3,0.046463129835549344,-0.009079928602340762
bd347cb29bb3430d,重生变女，我外号阎萝王,1,0.08001276253304512,-0.06350828117207105
b2ab6ae0b19caeee,重生后一把抱住那气红了眼的男孩,3,0.04001270799827361,-0.007848787667700583
85caca0d76df3253,重生后偏执少爷总对我恋恋不忘,3,0.011772627425410298,-0.009689441587549391
090407740e584446,重生后偏执王爷他变乖了,0,-0.0059858747310479465,0.0849012210272091
81ac1327455da1e6,重生后发现老婆是病娇,6,-0.04515281859561143,-0.02108874759239122
6f7130b4c1d22910,重生后娇养王爷，让前夫火葬场,3,0.052492717802147704,0.013097677978629256
6c4e9af59f20d7e3,重生后影帝的白月光黑化了,6,-0.08767548819428739,0.04068617955393917
b5744dbe3db4b01d,重生后我在男团选秀综艺爆火了,3,0.035173924378051336,-0.05027124566124643
647dbd7fdc790727,重生后我成了妻管严,6,-0.014617976240451191,0.017251196131465796
4e3cf731650b4e03,重生后抱紧恋爱脑男友,5,-0.34012237625194053,-0.08155279977247627
68a52e4b80de1266,重生后抱紧病娇老公,3,0.0381380947358162,0.004856907598227337
a7ad14843da5225e,重生后，冷冰冰的大佬要把命给我,0,0.02619677242218077,0.035483323434857716
a14fab319baa351c,重生后，大师姐她凭亿近人,0,0.019926485427365637,0.013539022218856903
4786b07f8f92f14c,重生后，女神辅导员要给我生孩子,6,-0.031859993887261295,0.029033885105458197
72beb1eef84cd933,重生后，娇妻甜如蜜,0,0.012779573489874685,0.05791836144989786
4a415c62773a9edb,重生后，总裁前夫跪穿键盘,1,0.08154256150243766,0.021409921809291105
3eaa933a9bab28e4,重生后，我在幼儿园忽悠青梅竹马,0,0.029721264535630842,0.030172001744089804
b534e909820cb6fb,重生后，我把病娇杀手宠哭了,0,0.001453520907305328,0.032290389298165904
c1a243611b66c769,重生后，我的女友是双胞胎！,0,0.03146885160424662,0.04377838729689855
8b36c5497c79e5eb,重生后，我紧抱亲爹死对头大腿,1,0.08920882441588407,0.010172340492154998
c49aca625da8bbb3,重生后，我身许华夏，国士无双！,1,0.06625085265772412,-0.0250034428208389
690e41492183821c,重生后，禁欲总裁的小撩精甜疯了,3,0.02491898974108453,0.011063944981787319
f8adb2b155fc1597,重生后，首辅的貌美前妻逃不掉了,3,0.040972992636312155,-0.009559103970907723
e0471871bac80713,重生团宠：影帝夫人又穷又凶,6,-0.05789023168869856,-0.003101349365135683
c4cacec231f1e15f,重生在你的心上印个章,3,0.050247762045487976,0.010253366356040083
df04e8c854df1572,重生大佬，她又撩又甜,6,-0.069205745522123,-0.027165190456573344
ab5aa18d18f57558,重生大小姐，不想当灵歌少女,7,-0.11900709382149183,-0.051771909158179474
ba14cdecb49d89e6,重生天灾：囤货求活不好惹,3,0.06554803874370652,-0.00039903302227203103
2337325b0514f72f,重生娇软哭包！偏执大佬宠妻成瘾,1,0.135867554654456,-0.05309776264464831
09db1f0802fb18df,重生嫁给前夫他兄长，让他火葬场,1,0.14501014089898334,-0.05627942625322066
3daab412a09945da,重生嫡女在将军怀里恃宠而骄,1,0.11055406679899138,-0.04104977875852824
2c6b351d4b3f202f,重生小祖宗她又帅又撩,6,-0.0740329574947815,0.038300086652576164
d137416f11c393a5,重生巨蟒：我从游戏杀到现实来了,4,-0.05139079187542872,0.12546402514084296
3b712154fe4ae0a7,重生开挂的末世生活,0,0.0010796606518116425,0.08583831101418123
3744879aa81201e6,重生开无双,0,-0.005350634777149921,0.06456884912888262
32321ff2e43d0611,重生成为卫星,1,0.10029230760206054,-0.02635486753072666
395af3a208b0d24c,重生成偏执墨少的乖软小仙女,1,0.064838422245448,-0.002383416742881231
9ad03ccbaec541b9,重生成猫，捕猎就会变强！,5,-0.27211884020710586,-0.1269039394668717
373739bcd4881df3,重生成矿奴，从模拟器开始变强,1,0.1731529276146887,-0.06684272152334886
4da789253487aee0,重生成粉毛少女，我要狠狠贴贴,7,-0.058514698028275414,-0.045398433304320855
90d0f280576f770d,重生成黄大仙，开局向校花讨封,0,0.03053369903183789,0.05225347028250345
dc8cd3a7db4accc7,重生成龟，硬不死你,3,0.030580585893379864,-0.0433166906095266
48226d4717c3d01d,重生成龟：开局被孙大圣捡到,1,0.06145850021693189,-0.02563972473350147
21b3128374dbac21,重生拒绝扶弟魔，被前妻妹妹倒追,1,0.11802465018286845,0.00602489074852802
f108babc64bf327d,重生拒绝舔青梅，捡到社恐小富婆,0,-0.016205022147852466,0.030824045658148704
5c87f0ef998f98e8,重生挽救白月光后，狂赚三万亿！,0,-0.009010682111901092,0.017532555479261712
dcf721adcf290389,重生撩宠：霸总竟然是个恋爱脑！,3,0.012595738564030401,-0.03241347561399639
bb180f1d7930b750,重生新婚夜，被偏执大佬亲疯了,6,-0.08100459026647405,0.04130383906163067
c554270783a16a65,重生港岛财阀，开局做空鹰酱,1,0.1426736375531915,-0.05161778344202889
da37d129f3fb9d67,重生溺宠！顾总又旷班回家粘乖宝,0,0.0020602824561950506,0.011330535256614201
145360fc0500ee5e,重生灵气复苏前，投资未来女帝！,1,0.09815767189294788,0.008654646934971437
4e81ded42b2a2f7f,重生狼王，开局去马路整点蛋黄派,4,-0.17485962879969302,0.1639882544644545
720d3a50f987a4f2,重生癌细胞，带领宿主血肉飞升,6,-0.027569018401881418,-0.017322940863208142
4be4bcb5136eb857,重生的青梅，总想忽悠我做她老公,1,0.06297886527349472,-0.04759440589611769
735be243b266b7c4,重生相柳：说好了，你是我的人,1,0.09483804345896873,0.024757364474500575
03d6cd1937a86431,重生破案：我的眼睛能锁定凶手,0,0.06266710414604859,0.017187004314316495
895dd10b28ac2582,重生窃取天道传承，道法杀穿末世,0,0.047084428906235654,0.015992745039125615
4685d7d37495f046,重生网吧老板，躺平享受生活！,1,0.1298788081611434,-0.052199233049839984
405fd3bf3b1e1c3c,重生蜜恋：病娇大佬怀里的心尖宠,5,-0.28012734729258826,-0.08152745812733114
f4e93ad3b8ed7ed0,重生赘婿：给病弱美人总裁冲喜后,0,0.027535854944287785,0.00771358216614359
3e80752907cf2463,重生超神，开局和基兰做邻居,6,-0.03780695618693963,0.04899064026641692
0ea03a03986731d3,重生逆袭：大小姐画风不对,0,0.01786595461309448,0.07257324445612914
14ad75dbb2895744,重生青雀！我就要和太卜贴贴！,5,-0.17912225531752357,-0.1294563979632784
6a694b4f9bf27977,重生青雀，想和太卜贴贴很正常吧,7,-0.14118675402861208,-0.10696173585428563
508a27128a00e13a,重生魔修，开局捡到一颗丧尸星球,1,0.09956493629965268,-0.0036853743715002554
1b29aac77ba3056a,重生，国民妹妹是我妹！！！,3,0.035951568175635606,-0.008563798517575428
4bffe006fac3c42d,重生，她带着九个哥哥霸服末世,0,-0.001708745297755776,0.07825870146165526
a64317a1f8d1556c,重生，娇养小玫瑰,3,-0.013160026284258441,-0.0050200188734020705
be6b7be7577f09a7,重生，我的女友是病娇,6,-0.13659849047762052,-0.013846703381365972
7db5c759ef9c40a4,重生，病娇总裁哭求乖宝疼疼他,1,0.09982251348259985,0.011926460139745507
5283dd62cc24a887,重生，穿越万界寻美记,3,0.05164289518781351,-0.09359428468122387
c09fc8951f8b65ab,重生，被宿敌女帝堵复活点包养,0,-0.008312397154656315,0.048299769938019065
d47d10bcf3f5e684,重生：偏执师尊被我撩黑化了,1,0.09424895851480442,-0.046088645756431186
233997f2cf135296,重生：变为少女后老婆竟然哭了？,5,-0.17288289951261393,0.0034534673625716493
8cd7b11351f72d60,重生：学霸和软萌校花的完美人生,6,-0.04289081730265221,0.05257464206208621
88d5b37fd7741c87,重生：官运亨通,4,-0.06179661361145006,0.10303646098181217
3c9f0c414d227025,重生：异界便利店开局真空营业？,7,-0.1423381724494674,-0.028144180940849195
ca4104938a37a013,重生：影后姐姐是无良女生贼凶了,3,0.033468130581331135,-0.0905252628139288
42c15907b4e34660,重生：我和超甜美校花当同桌,1,0.075556307565664,0.008126376757636203
cfd7423da1aca1dc,重生：我成为了光明女神,0,-0.004137509494492653,0.07082234313673466
27a870a5b954cdea,重生：我的女友是个偏执狂,6,-0.0730601889379836,0.012200830010218603
5a946d6e3d0f3b4b,重生：我的绝美校花同桌太甜了！,0,0.02377149382128685,0.03634286004395752
4c826b0c52a68c9f,重生：我的青梅女友萌萌哒,7,-0.05768888178576681,-0.04420859412405016
7baaa1653d9dbe0f,重生：我的青梅竹马太甜了！,6,-0.021114639454199557,0.009058981634778624
60e3333734e83bf1,重生：我的高冷校花女友太甜了,4,-0.05792806826570601,0.08559173216447842
ec3bc98fef917a5d,重生：拒绝当舔狗，女神校花急了,6,-0.06421418257408651,0.026477306774305813
95df96f6e494b191,重生：拯救那个偏执的自闭小疯子,6,-0.035453354880556065,0.02728233691058899
f8b91326000ff459,重生：是你先惹我，事后干嘛还要,0,-0.00948379715390052,0.020622567370490914
ea7bce45418f3983,重生：校花倒追，我才华瞒不住了,3,-0.010058754210110599,-0.0528031681353993
bdf40cb4a2b39abe,重生：校花对我好，你哭什么,1,0.08055526539695157,-0.057566151124233064
afe2a7abdd26db2c,重生：病娇姐姐与我合租,6,-0.08449005133315363,-0.0016571536599963078
8fe3f4ac4c3f777d,重生：绝美校花竟是我的同桌！,3,0.032778105179567696,0.01784245667759456
b4311483affb281f,重返13岁，渣爹干妈颤抖吧,0,-0.041966026458869654,0.09086068402604784
1232d5444d5a275a,重返1985：从卖喇叭裤开始致富,0,0.025258388677504295,0.04021968474004056
fc6e73fcd5188c29,重返十九岁，女神你怎么不骄傲了,4,-0.10571229646001817,0.11804567592609791
5cdcba0586185585,重逢灿烂的你,6,-0.01620619654385108,-0.005676072922240481
365496dece9e733b,野性攻略！直播撩狼崽超酷的好吗,3,0.02364938523483129,-0.011960056411102734
d644d0482e2ec060,野玫瑰与纯百合,3,0.004263290053254987,-0.023152378069157716
968c56be94166028,金丝雀骨柔人娇，偏执总裁沦陷了,1,0.07126373526089047,-0.0373227682074704
d68d0cae57f6ae0c,金牌县令,0,0.0016059162452827236,0.041206529886311176
a5666f50ab588776,金牌县令爷,0,0.05743164160621106,0.020521078370094183
dd291688f706313d,金瓶梅,4,-0.03087072955299136,0.1457994819280066
dd17ec43294cbd40,金鳞凶猛,0,-0.003908303287452286,0.004119354646135563
74e77c7fb82f875d,銹剑,1,0.11933745943985863,-0.031035357536874465
dfc2eded663974df,针灸推拿学,2,-0.37650481390331125,-0.3160381470583118
21f0041b44d161a2,钓系反派不高兴，宿主哄哄又亲亲,3,0.005914252687937882,-0.017274874158623683
f8f5013f4c465bc7,钓系宿主摆烂后疯批对我撩宠诱哄,3,0.009159184545854737,-0.008879542965912039
f20904f84eb9b492,钓系总裁他被男大学生妻管严了,0,0.006135594574499192,0.012928529224686104
5bde6bf853713247,钓系美人穿成女配，他们抢着宠我,0,0.04967871760195941,0.01656968405301696
c4ea54bcd780587d,铠甲勇士：我为黑犀,1,0.06367125935818874,-0.04768707745433165
30c535e5f6a7b5af,铠甲：从鳄鱼兽开始化龙！,1,0.08122212534263207,-0.02500440882156062
594a97727a91c675,铠甲：开局系统内卷，我渔翁得利,4,-0.12393657038910955,0.17057861537378854
1dcaae9671409b14,铠甲：我暗黑帝皇！未婚妻是敏慈,6,-0.08798223956050727,-0.004639215312322465
14cae2ffd0d3162d,铠降临卡塞尔,3,-0.027143079836404238,-0.03825264261363051
af275f0d1db1b3b8,锁春宵：禁欲权臣破戒后宠妻无度,1,0.17462317902443736,-0.03210148600457416
247712f37653ce14,错虐白月光后，傅总炸翻火葬场,3,0.058078496621344455,-0.001224254621129656
bf2ac18257bdc1bc,锦绣盛唐：我的父亲是李世民,0,0.04538103934551174,0.014403064250191803
4f4e69859f327a6a,锦衣卫当差，开局签到风神腿,1,0.15094735739637732,-0.013775011224367702
31132395011d9a6d,锦鲤小福宝：九个哥哥宠上天,1,0.09855288888377944,-0.02273049187735937
0af77abbf031d79e,镇国驸马爷,0,0.08803282963293324,0.05302953463536192
13d3184bd8cc284e,镇守藏经阁百年，投资天命反派,4,-0.05736617268159705,0.14616979233343072
5785d1d7ff72ce54,镇守边疆二十年，女帝奉子逼婚,3,0.04187014986044624,-0.0002692541678525058
97261559950e728b,镇宗白虎：我的子嗣遍布诸天！,1,0.10772286671101461,-0.03963158430405384
72c4e5c54e84538f,长公主家的哭包小驸马！,0,-0.019569680621653762,0.05962744685946982
a39d8a418d0a4b7f,长公主重生后，首辅大人坐不住了,0,0.048903977474525795,0.02690655623979167
12c04fd308503764,长夜终临，上课睡觉被女神选中,3,0.01874050672708827,0.002333941677730615
129813a5e94de7dd,长安的荔枝,0,0.04925147789504469,0.02280707033842122
a3136ea91e2664b6,长得太美，被宿管阿姨误当成女生,0,0.030948606383879307,0.018901737933558947
608b06495a51b84c,长生万古，我的修为无上限,3,0.05313435667140354,0.008459180441046854
93ffc617cc49e093,长生万古：苟在天牢做狱卒,3,0.038445432186719364,-0.007092771862103614
72d7dca3d9b14b27,长生万年，我的凡妻成仙尊了？,0,0.03525400155322933,0.06138846659449262
5c4a1f1386e479ec,长生万年，被曾孙女直播曝光了,0,0.04317835702151307,0.036207840228644345
351d64cac4a7eb87,长生剑，红尘仙,0,0.010844030896437706,0.011161105753331268
9467f7e5f55df022,长生大秦：我乃始皇仲父,0,0.07482734359121612,0.03600976591014286
95b65abe6eabadd9,长生小老头，开局挖人坟,0,0.04065881403951044,0.03524495643300571
7f6887ba6501d0d9,长生苟道：开局吹唢呐，送葬修仙,1,0.11791436728278448,-0.016435060043090633
2d748db3d41b0e64,长生送葬：敲木鱼能继承亡者遗物,1,0.0934964197208592,-0.0015982083810488685
b5459a068cee43d3,长生，锈剑，览千秋,0,-0.04346058937643238,0.06447323118157407
2b4c39a53de81113,长生：不苟到无敌，绝不出山,1,0.2056593929922782,-0.08005787086199362
d1e65f4f1d2a1aad,长生：从下山娶妻开始,1,0.07672430060170232,-0.012107433165091728
1570bd4988ba3547,长生：从红尘独行，到万古长青,1,0.12482286705353307,-0.014370775532807377
a1c100f113027306,长生：以武入道熬死修仙者,1,0.1598417584920544,-0.03915731423755645
28d2056577093292,长生：千秋万载从对牛弹琴开始,6,-0.03076680816203753,-0.020005296257304
94baca7ef260c34f,长生：开局与嫂嫂相依为命,1,0.1570175446469606,-0.023798384220022523
c5be17df1a0a41c4,长生：开局师父托付师母,0,-0.016968792876776218,0.04582645541349933
3a9c704c926ef842,长生：我在掖幽庭风华日月,1,0.096686019305814,-0.04851206312540131
285da39a637be217,长相守之夭柳,1,0.07873493696266276,0.013158704020987722
ecd741439fcdaf8f,长相思【夭柳】相思入骨不负深情,3,0.0521540041695816,-0.03318010437213227
b629ab1b082b5e39,长相思之再续相柳情,1,0.0833840848935572,-0.01594116766926072
a01a9c62a486221f,长相思之夭柳不离不弃,0,-0.022771116731185703,0.05462310795335879
41a1f82900f9a3aa,长相思之夭柳续缘篇,2,-0.4141898510719968,-0.33088649967057804
d9886a8670afc6d0,长相思之时光溯洄终得君心,1,0.09380528170269675,-0.022610957594239083
c8bb05e7d8052265,长相思之独爱相柳,0,0.05833704272296003,0.04670657340783781
0a6cc96bdeb4bc2a,长相思之玖瑶女帝,1,0.09259537731109369,-0.0012934510986597563
da0dfed3cbe010d5,长相思之相柳续,0,0.05422704275663748,0.04287979694380463
c94337aa622f0b46,长相思之重生回到清水镇,1,0.07341175935740507,-0.0035956845372407515
c280164298f55210,长相思九头妖独宠纹小六,0,0.055782084498349316,0.03319473170371412
f74d229fc03e491c,长相思二：长相守,1,0.07333172799560261,0.0022142091329150973
38a05ca079299966,长相思夭柳续写之欢情浓,3,-0.012588783076022458,0.00020014253876505508
93707a813559fa1d,长相思夭柳：缘何世间有悲欢,3,0.03333522728540672,-0.03764617712671687
41ff6cdd0849de03,长相思相柳，重生一世只为你而来,1,0.07147557429398843,-0.023155256422501238
c00b0f107f83f1c4,长矛老师,6,-0.13943981326483001,-0.006883763973361821
46fda47597f8bb9b,闪婚后，乖软甜妻被傅总掐腰宠,1,0.07030693354542705,-0.023404117729193697
c8df6679e725625a,闪婚禁欲老公竟是疯批又宠又撩,1,0.08092082511709842,-0.06102338567750473
1c58783a69fd9283,闭关十年，开局逼婚妖族女帝,0,0.001925252236750885,0.05021820356041769
8aea0ba20359a139,闭棺百年：我被过气男星挖出来了,6,-0.04758135762540611,0.0643894080459628
dc7f3e2855e6d371,闺蜜系统：校花闺蜜也是我的闺蜜,4,-0.03468787647842153,0.13741216873559092
04ece7d59d227f3c,闻神每天都想公开恋情,3,0.03857242386684079,-0.042116779626302045
a3ff9fed744ec520,队长，你行不行啊,3,0.06394390232848679,-0.06748291695248021
fb3accaa7e3d4451,阳间借命人,0,0.05522383672257403,0.04322554955954586
e7cd37af4c30f345,阴沉万人嫌被读心后,6,-0.026775670857342615,0.009706916406914099
ee8023a06b923537,阴间神探,3,0.024721762896654176,0.011916347411374918
3d899774136a685a,阴阳典当铺,3,0.049139101604431246,0.012365834299300497
d3764f3cdd31f9a1,阴鸷反派少年在我面前装乖卖惨求亲亲,6,-0.0455282909352942,0.045892277732667665
8f98d619eeb6b4ff,陆医生，你老婆是电竞大佬！,3,-0.015181424067903848,-0.016989830886971688
cf70e3a370656c1b,陆总，你老婆是狐狸精,1,0.12663657710291443,-0.01914065884520354
edfc264d90c22897,陈的王,6,-0.026044739797363825,0.017576059989411655
d2c9ad7ed4c9ad3f,降临地球：开局我就有几亿个满级帐号,0,0.00807492927497755,0.04392286133919157
ef29ffcc4cc52333,陛下要造反？快去请国师大人！,3,0.04901711410554066,-0.018386019598136325
39d6baf6491f8b16,陛下，皇后娘娘又要黑化啦！,6,-0.04959447059770544,0.00447590404959167
0a18de4d0bcfb871,隋唐：开局大雪龙骑，诛杀高丽王,1,0.14143657084926653,-0.042188086799149836
b91e9dba50e90a31,隋唐：我老婆是长孙无垢,3,0.03360539945439622,-0.011616174503630472
69ad2386fdda6c31,隐世魔尊，女帝带娃上门求负责,6,-0.04965129961126885,0.005233611101137858
cf427abe8bdf1616,隐藏在霍格沃茨当教授,3,0.04504459802556349,-0.061507021630042874
9772706120930aa8,隐藏职业造物师？举国助我造神装,5,-0.18436711053380006,-0.12444585407205863
1bb0a74b108a141d,难哄！病娇老公一听离婚又哭又闹,1,0.07177350817922279,-0.0067440649072361275
0aafb19f364faee0,难藏夏日,0,-0.018847672503434887,0.03897476443361221
5f66394b63966f76,雪之下家的吐槽少爷,4,-0.12474896079417508,0.0554011813295184
a5511eb078ba335e,雪之下雪乃是我的青梅竹马,6,-0.05607064719449639,0.05465106418287505
9f30512f95d9ed5f,零度暧昧,0,-0.034085606788284484,0.071042799989224
7dd95b5104c4cd93,雾缠云绕,1,0.059279617193705,-0.009390500132099917
9a0b551dc405fb6a,震惊！宿主是只偷粮鼠,3,0.024089489441143863,-0.08198433457951158
7f6e278d3af66a33,震惊！开局一片地，暴击出奇迹,0,0.057962639613198697,0.02178093161276471
0e541b70bdb41f48,震惊！我的发明都有万倍增幅！,1,0.10415825917884947,0.0122882291522525
3cdac4fe8783ba3d,震惊！我的网恋对象竟然是校花！,4,-0.04868697152115409,0.11183504931868155
923842b9afb9f8a7,震惊！我的老婆是条龙,0,0.0002748626339916793,0.07887475155909554
45b581d093b6359d,震惊！洞房夜丑妻变绝美女帝,7,-0.15734066026028248,-0.1870218730587297
50a9455a47bc4e00,震惊！这个学生太妖孽！,1,0.08945314929310622,0.0015927984323465072
343b7fd8d36571ba,震惊！这名玩家胆敢亲吻女帝,1,0.06937618632723752,-0.02071757648531336
5ad4932b2bb15d80,震惊！高冷学姐怎么那么可爱！,0,0.04079398967865966,0.03013907345195983
c6dea4debdff237c,震惊，女帝套路我师徒恋,3,0.02062127131625069,-0.03011795780649702
90eb8602e81bc61f,震惊，我的徒弟竟是女帝重生？,1,0.10370656931115019,-0.004452051677228803
ca3794ca7157b8d3,震惊，我的邻居是王者男团,3,0.006510795568822392,-0.015202548399023564
d5296840267c9ac4,震惊，死对头居然喜欢我,6,-0.04571323192885446,-0.012340051470394978
e5e6d5f7cb2e4a84,震惊，网恋对象竟然是女总裁！,0,0.01792727708721853,0.04714914362598
7c129a05e08dbc5d,震惊：开局情书错送给了女帝,3,0.039571099619566064,-0.02370931892218878
d7975e3c9f55fe6f,震惊：我哥是死神,7,-0.05998578405366445,-0.08781256077138894
0df64e80c9573a32,震惊：美女师尊竟然是冲徒逆师,0,0.02914854743089812,0.039981333149789446
08ec3958f5dc6413,震惊：美女徒弟们竟是冲师逆徒,0,0.0570613695479818,0.031208684086636917
7c3f45955e8486d1,霍格沃兹：居然只有我是修仙者,6,-0.04086680836401979,0.006560730536125563
0fb5a509669d69a0,霍格沃茨的库洛魔法使,6,-0.03018741351949561,-0.0064033770199727474
26d5d6677766f86b,霍格沃茨，开局就被啃大瓜,0,-0.014048653615298057,0.0020987503277375094
f619b4efb61a625c,霍格沃茨：我只是来畅玩魔法的耶,0,0.015501391785984087,0.04408348486197717
e96264eda32115f6,霍格沃茨：我才不会成为黑魔王,6,-0.028179049415539836,0.037085928152668285
33ea7c39ca1c4ef2,霸道姐姐的社恐弟弟,3,0.05052097001312306,-0.03876071530081554
84ac70c680b03fc3,青丘狐妻,7,-0.0775919094047382,-0.07486896061514133
faefecfa6fd09407,青山似玉,3,0.06109531141931501,0.0015555350509654624
9c4477faa1ff05a5,青梅失忆后成了少年将军掌中娇,3,0.0665410722840839,-0.10487603891226645
af61107a9121e9f4,青梅校花你别哭，哥的深情你不配,6,-0.040337902024499994,-0.02064026056849428
3702baef1479008c,青梅重生！但好像是病娇？,5,-0.27706246047931193,-0.0008611554398812531
520fb0d8596ddbe2,青楼女子要从良，侯爷首辅请靠边,3,0.05159329185240469,0.011895204928244184
86174741d1305fe7,非主流门将,0,-0.0354644151783593,0.08185124450834194
60caa6c2918c53d0,非主角系幻想攻略,7,-0.05490791751331592,-0.037142403704502634
2c1ab1194d797ad6,非理性热恋,4,-0.15863401376571673,0.0828462074854693
251f45aeb7c6bb2a,韩信：越强大的人，越懂得忍耐,7,-0.08860324899062794,-0.0904441534061823
8a2e00e7f0cd1040,顶不住！美强惨恋爱脑跪求我亲亲,1,0.10713716085686886,-0.020621787844000226
a2893110a052c783,顶不住！黑化反派他持美撩人,6,-0.12416237623373155,-0.02280879786220391
bcc5a28e1aaef4c4,顶流女王强势宠：反派影帝受不住,3,0.012862310465457383,-0.05535791406275577
48a0168f1743ec2e,顶流女王怀里的病娇莫少脸又红了,3,0.017138025084728503,-0.0005843072980783099
a347c79829d648db,顶流巨星,0,0.012734576618299909,0.05348113567288327
460b9a64814eda11,顶流影帝的小奶猫甜坏了,3,0.005332035693377923,-0.010394888262189839
a1a79a3f87512f97,顶流男神当红不让,3,0.0623599084061669,-0.023696578962258068
71c01761e79b8603,顶流：从一首歌开始创立娱乐皇朝,6,-0.02029779994580244,0.02219127317875534
602e892e7e10be01,顶级Alpha的替嫁O甜欲撩人,3,0.0037742851936866106,-0.048701639474987436
566b5d7e022e3d0a,顶级A和他的专属Enigma,0,0.0007081426359020204,0.03987623137303175
7712d92121a701ca,顶级E的Alpha又娇又野,3,0.0298967688146472,-0.010323506801229667
fcd68c5a5b13284d,顶级渣男魂穿舔狗，女神被杀疯了,0,0.022195621682277067,0.019068422077270893
242aced7170764e5,顶级神豪,0,0.04141567897701326,0.034194991957686764
0246a9d1f5d2fa37,顶级神豪：变成女孩子帅炸天,6,-0.04083906194308479,-0.002175788624816766
9a95c3285cec68ad,顾先生的宠妻日常,1,0.10134067791349888,-0.03117007345263612
28623e39145b1a26,领主时代：我，最强深渊领主！,3,-0.000611103182505679,-0.0136893447058224
61b264f2a3c7852c,领主求生：开局木板建设海岛帝国,6,-0.01671540391575088,0.030832688477571805
69337448659ee0f3,领主：从开拓骑士开始,1,0.10713710402654508,-0.0251206038553979
cc85df9551c89278,领主：氪金百亿，签到神级兵种！,0,0.05007752495442375,0.022175242465559658
c2cb9a7e5d4a08e7,颜值太高，被女神姐姐倒追,0,-0.008839220871831588,0.038291728027198435
83717739ef0bf6ab,颜家福宝一进山，发家致富有本钱,0,0.0036745784160793216,0.020917150970871882
c5e34e5986b50fb9,颠覆全球：开局扮演反派大佬,0,-0.005746316988878397,0.08284817704119316
1158ce87126ff338,风水与巫术,7,-0.016721797969857122,-0.17961047966365354
bc341320dece2c91,饲养全人类：我推演了完美未来,1,0.09234193788775436,-0.05134323012106897
689aeb29045db333,首冲六元出个万花筒很正常吧？,7,-0.07019148258669172,-0.10106789663875801
7ab43acd3ba7ab81,首富亲妈认亲：我是超级富二代,6,-0.04436074955071723,0.04872950848884726
756cd39508a936b7,驯养关系,6,-0.1015038398539495,0.06332675259414489
fdd398c771b737dd,骄纵小少爷被疯批画家强制爱,0,0.008054695661514288,0.022063008129155716
057776874f0ae5bc,骆驼祥子,0,-0.023322896746025168,0.0886449985153772
5614aa49460795b7,骑士还是血族，总不能再变圣女吧,6,-0.10369171745634853,-0.016302503187115385
39475e723177c2c2,骑砍大领主：从奴隶开始崛起,1,0.08473803381472145,-0.038717019412005775
57c3cbd9bdf1a35f,骑马砍杀之自律为王,7,-0.051829810053280134,-0.06474035939169563
38334b6911a8512e,高冷学姐让我叫姐姐,6,-0.08977789438331796,0.013022965462003487
8a65538f8a4cfcac,高冷校花：你变成女孩子吧！,6,-0.07787152943828746,-0.00794907534691368
763f8755013b0276,高武神豪：开局拍下七胞胎猫耳娘,0,-0.011468383337965626,0.030303325631736256
3702c40df13114c0,高武：从杀鸡开始横推星空,1,0.09718608301376352,-0.04498466000940236
0119739a8f7b623b,高武：我化身地府阎罗，审判生死,1,0.09953829192380093,-0.00997976773629965
bf7469f3ce771ff3,高武：我成为了全系武者,1,0.09510312226081796,-0.027496975374240413
ff79c78a75eb45b9,高武：所有武学我都会亿点点,0,0.018564106587567686,0.05689564299708765
faaf82bf5cac832d,高武：无限分身，开局撑死S异兽,1,0.08025065576927581,-0.011560556291570349
b9c246990b7d8c4b,高武：让你拍照，你批发异能？,1,0.08197513142921375,0.013770144504174754
170305df6e742746,高糖倒追：重生女友又凶又萌,6,-0.0650840321090067,-0.00025633402696916387
205ef55956380603,高考名额被顶替，反手上交电磁炮,0,0.014451466984154004,0.08212953558753597
adc11fa82c5236c6,高考首富身份曝光，攻略高冷学姐,0,0.0028285551166109535,0.07716733857846611
86c1276e0bdfc459,鬼敲门，我的灭鬼笔记被妹妹曝光,4,-0.17549152650658906,0.09550858402936643
952c8c0faf3525d4,鬼灭之刃：生命如歌,1,0.10056674685596423,-0.027997695412553338
ad78fc85afd3774e,鬼灭之刃：饭柱的养成手册,6,-0.050489939284188656,0.027486078966956987
115a8c127a094c6a,鬼灭：开局向玉壶发动换位血战,6,-0.053500000084213795,-0.007212037404136808
9555f820299ca27b,鬼灭：穿成反派Boss无惨,4,-0.14967430158533912,0.09082311017621306
3cc95ba14d6fec64,鬼王的自我修养,5,-0.17400536563846591,-0.018104034687641747
2a7295e96971a4d6,魂兽世界：开局签到金龙王血脉,6,-0.04639255476305226,0.04407681366371485
48cdf1f367ad8a47,魂武之灵,0,0.012336052182597701,0.0430286435158209
7abd577631bd08c5,魂牵梦撩,3,0.046934854309399365,-0.03290912443546607
f5985ce1fbd060ac,魂穿十八线，女特工娱乐圈杀疯了,0,-0.03368651701120412,0.04643485719464985
1f3169f259ecadf9,魅魔小正太，影后姐姐哄着要亲亲,3,0.01188232785945309,-0.05955108135610536
2f354548a3b740a1,魅魔系统：开局攻略半精灵女王,4,-0.11119433590654537,0.06027793013244954
6a53afc34b7b5c57,魅魔综漫：人在原神，开局被撞倒,0,-0.024386081678829497,0.09575334274945115
dfbfadf920d91212,魔女的恋爱演习,6,-0.018132717998751602,0.01872026257630738
b67e3732d85f7bff,魔女竟然是我自己,6,-0.07870341276859266,0.055016223980563016
29c4aa061d98acdf,魔宗杀手被光明神女拐走了,4,-0.05198249724114812,0.08977113445914434
ffef5bd432edb96d,魔帝你也退婚？九龙拉棺拉到你家,1,0.06322387715484679,0.001357777597958587
0cb89b46546f483c,魔法之工业革命,1,0.08802734935981915,-0.02530873802659006
ea8fdbf40eb7d788,魔法机甲战争？不，钢铁洪流！,3,-0.018860855921897735,-0.020067392495711222
0632f1468a35e05c,魔法：狼爷我，才不当宠物呢！,6,-0.05235098257589993,0.03271183777204653
37186d78427b19b6,魔王死党想要和成为女神的我结婚,6,-0.027275339774060325,0.0522610792999648
d35545bbf052992f,魔界妖女？本仙帝娶的就是妖女！,7,-0.03984860076468022,-0.05541576863092689
b0275476d0ecec8d,魔道太子爷,1,0.08874757204534656,-0.014198839484757086
45a9e4ed1cd964e2,魔道祖师：穿越后偷偷现场磕cp,1,0.11420997862762927,-0.01582441558148345
f3396793738beefb,魔门签到：病娇女魔头疯狂迷恋我,3,0.030183534480030416,-0.015140344167542813
71db7d5efde95d39,魔鬼约会学,7,-0.06401105744491814,-0.15718444342992102
913f03db59d2ba2e,魔鬼逻辑学,7,-0.10172303595257803,-0.1095991669265352
cb5e4b126833e07e,魔龙娘今天也想当一只咸鱼,3,0.006850383774969049,-0.11118568451403361
6cc9aaf381fa2686,鲸落物语,0,-0.004569695695153753,0.028833173045753252
1f8631fbde9cbb4d,鸣人，叔叔我啊，要当火影了,0,0.048399360492221266,0.04176714260917762
16e6d8345361ba01,鸣佐重生：双双成为大筒木,5,-0.3219729326840997,-0.13738143813651474
cacc8d541603c2b8,鹰酱：我就吹个牛，你全实现了？,1,0.09858247877230786,0.021391560179126273
09a3896158271242,鹿目圆是卡面来达继,3,-0.00227678828450506,-0.04220864928664031
d75cdfd70c26dca9,麒麟神相,6,-0.03625690580177904,0.06388514773248635
5b1e7efe77a99022,黄泉杂货铺,1,0.12801851198787562,-0.022214176459131395
7d315bb853417097,黎明之悼,6,-0.056981490728055695,0.003924820846347377
4c1e9b46a4bfa5c3,黎明塔,0,-0.03604152673321198,0.07586908506367294
ee4beab3b1ecd7b1,黑化战神：病娇反派入我怀,7,-0.11463853213266267,-0.04260722687541853
40cf25097fedfe44,黑化：病娇少女都想吃了我,3,0.035854592878583946,-0.056143715286110896
1951dd155db938b9,黑希儿：崩坏之行,6,-0.04446228797884699,-0.034492172588976175
6e67ebc5eea82c4a,黑暗之源,4,-0.06262716665488943,0.09281392774289385
aaa12e0512269844,黑暗生存游戏,3,0.04084264525491388,-0.010513173546443065
5ff1e03bae5adb92,黑暗精灵全集,6,-0.060046903380980954,0.011547069814283032
38072195c53929e1,黑莲花重生后，把全宗门祭天了,4,-0.10128313500552699,0.1009606941177739
e5d7447c126999cc,黑莲花重生，和病弱小公爷杀疯了,3,0.05420863034189838,-0.04923413265052777
3d2b917a6035bfff,黑衣组织的团宠小公主,6,-0.0833320471178548,-0.03228467529031061
910d74fd61ee7e09,龙临世界·祖龙软又萌,3,0.008118791900175504,-0.0021588052903908036
2c0eaa1d2d811964,龙傲天的狗腿子,3,0.060514314430545,-0.00843524260654083
b9836fc8ae3f13a1,龙吟九霄：大夏第一战尊！,0,0.04543990947600074,0.02003151551919377
a86fd367700fb317,龙族,1,0.0922356337700111,0.008977089706382464
2094e2eaa70b332c,龙族之重临旧日,0,0.06922684722248929,0.04440873725645165
c7b4ee1f1b59148e,龙族：再来一次的暴君路明非,1,0.1183772026971932,-0.09596113128883758
d0a07bb74e1fe84b,龙族：夏至流火雷鸣,6,-0.05423991789985633,0.028571936331649842
3026dd2e73284e5f,龙族：我的哥哥是奥丁,3,0.02939998816174627,-0.0886206435105078
11450224e94a2fda,龙族：无限重生！只为破灭遗憾,7,-0.05861445714228625,-0.05328361531539553
6d87dc72fa04f4f2,龙族：道士下山,1,0.07853964941896585,0.021690899613666974
49f73ff5262f2029,龙族：重生宠爱绘梨衣,1,0.11757814846718762,-0.04685973298335767
6989032b4ff7b8b4,龙王令,3,-0.026971727004061252,-0.05209945855591787
9630127d938eae48,龙王聘,3,0.01520680674549657,-0.002354401262393394
ae6ce04162e505fe,龙王请饶命,6,-0.09534329071715475,0.007279759037745952
e89392a41cb71c3f,龙珠超：曝光！我是超级赛亚人,4,-0.14516417311154495,0.16791915847150746
8df64b6f26272128,龙珠：悟性逆天，开局修炼成神,0,0.010059181979034548,0.06130831876140313
fe78429a50230be9,龙珠：我，卡卡罗特不留遗憾,0,-0.010687066686996094,0.05278353158608443
728904d963de1133,龙珠：破坏神的聊天群,3,0.056414507667601144,-0.04206324401095079
